{
  "1": {
    "class_id": 1,
    "centroid": [
      288.63421630859375,
      170.718994140625
    ],
    "length": [
      130.0138397216797,
      192.38442993164062
    ],
    "angle": 93.45323944091797
  },
  "2": {
    "class_id": 2,
    "centroid": [
      292.8349304199219,
      169.88662719726562
    ],
    "length": [
      92.94877624511719,
      136.8003387451172
    ],
    "angle": 94.60626220703125
  },
  "global_mov": [
    279.30617364162714,
    147.04148605968692
  ]
}