{
  "1": {
    "class_id": 1,
    "centroid": [
      298.1864929199219,
      155.60557556152344
    ],
    "length": [
      151.4932861328125,
      209.26919555664062
    ],
    "angle": 90.16773223876953
  },
  "2": {
    "class_id": 2,
    "centroid": [
      300.46844482421875,
      156.6181182861328
    ],
    "length": [
      101.72491455078125,
      132.09136962890625
    ],
    "angle": 94.23588562011719
  },
  "global_mov": [
    275.88711325111666,
    146.65945194465502
  ]
}