{
  "1": {
    "class_id": 1,
    "centroid": [
      296.9925231933594,
      152.9075927734375
    ],
    "length": [
      150.8509979248047,
      215.140869140625
    ],
    "angle": 90.97232818603516
  },
  "2": {
    "class_id": 2,
    "centroid": [
      302.34295654296875,
      153.3487091064453
    ],
    "length": [
      100.18290710449219,
      133.39511108398438
    ],
    "angle": 93.67837524414062
  },
  "global_mov": [
    258.6134758736356,
    136.54212688832496
  ],
  "4": {
    "class_id": "slit knife",
    "tip": [
      254.25001578919736,
      231.24999946959173
    ],
    "length": 100.40916442871094,
    "angle": 45.0
  }
}