{
  "1": {
    "class_id": 1,
    "centroid": [
      301.2083740234375,
      157.7362060546875
    ],
    "length": [
      147.2079620361328,
      211.34840393066406
    ],
    "angle": 91.04505157470703
  },
  "2": {
    "class_id": 2,
    "centroid": [
      305.6937561035156,
      158.72059631347656
    ],
    "length": [
      107.61100006103516,
      140.3373260498047
    ],
    "angle": 90.36271667480469
  },
  "global_mov": [
    268.1169463047236,
    150.91038305794982
  ]
}