{
  "1": {
    "class_id": 1,
    "centroid": [
      288.5472717285156,
      153.3729705810547
    ],
    "length": [
      134.3386688232422,
      194.9665069580078
    ],
    "angle": 88.57693481445312
  },
  "2": {
    "class_id": 2,
    "centroid": [
      289.5350341796875,
      153.55763244628906
    ],
    "length": [
      97.42456817626953,
      135.25259399414062
    ],
    "angle": 87.45732879638672
  },
  "global_mov": [
    275.5305604673765,
    149.83231809967333
  ]
}