{
  "1": {
    "class_id": 1,
    "centroid": [
      282.99530029296875,
      141.89828491210938
    ],
    "length": [
      136.9360809326172,
      192.01425170898438
    ],
    "angle": 90.2248764038086
  },
  "2": {
    "class_id": 2,
    "centroid": [
      284.6523742675781,
      140.99578857421875
    ],
    "length": [
      92.8240737915039,
      126.59349822998047
    ],
    "angle": 92.72787475585938
  },
  "global_mov": [
    268.7957406870451,
    133.11319759074726
  ]
}