{
  "1": {
    "class_id": 1,
    "centroid": [
      293.06768798828125,
      155.57791137695312
    ],
    "length": [
      143.44674682617188,
      206.825439453125
    ],
    "angle": 91.77839660644531
  },
  "2": {
    "class_id": 2,
    "centroid": [
      293.87994384765625,
      156.70965576171875
    ],
    "length": [
      97.92049407958984,
      131.1184844970703
    ],
    "angle": 95.9142837524414
  },
  "global_mov": [
    260.32208727735247,
    140.12467354130737
  ]
}