{
  "1": {
    "class_id": 1,
    "centroid": [
      292.1260681152344,
      159.2537078857422
    ],
    "length": [
      130.8142547607422,
      198.34547424316406
    ],
    "angle": 89.5079116821289
  },
  "2": {
    "class_id": 2,
    "centroid": [
      295.31854248046875,
      158.556884765625
    ],
    "length": [
      96.13624572753906,
      137.0912628173828
    ],
    "angle": 83.86793518066406
  },
  "global_mov": [
    261.2665564801393,
    142.3706451483488
  ]
}