{
  "1": {
    "class_id": 1,
    "centroid": [
      299.0443420410156,
      155.88658142089844
    ],
    "length": [
      147.30062866210938,
      209.7619171142578
    ],
    "angle": 90.43840026855469
  },
  "2": {
    "class_id": 2,
    "centroid": [
      304.1278076171875,
      157.09979248046875
    ],
    "length": [
      107.45268249511719,
      141.27926635742188
    ],
    "angle": 91.26077270507812
  },
  "global_mov": [
    266.92575648932456,
    150.89171447021567
  ]
}