{
  "1": {
    "class_id": 1,
    "centroid": [
      292.5639953613281,
      148.9873504638672
    ],
    "length": [
      146.15301513671875,
      208.08966064453125
    ],
    "angle": 91.08342742919922
  },
  "2": {
    "class_id": 2,
    "centroid": [
      293.3255615234375,
      149.6094207763672
    ],
    "length": [
      98.93144989013672,
      130.65101623535156
    ],
    "angle": 94.81287384033203
  },
  "global_mov": [
    257.88033898865234,
    135.95032731255597
  ]
}