{
  "1": {
    "class_id": 1,
    "centroid": [
      308.740478515625,
      145.32952880859375
    ],
    "length": [
      140.6223907470703,
      200.45941162109375
    ],
    "angle": 90.68949127197266
  },
  "2": {
    "class_id": 2,
    "centroid": [
      312.9759826660156,
      146.0633544921875
    ],
    "length": [
      100.62789916992188,
      133.9203643798828
    ],
    "angle": 91.76531982421875
  },
  "global_mov": [
    258.25080473537844,
    136.61867811135906
  ],
  "4": {
    "class_id": "slit knife",
    "tip": [
      300.7501808167651,
      173.75910607182865
    ],
    "length": 176.0533447265625,
    "angle": 46.0416259765625
  }
}