{
  "1": {
    "class_id": 1,
    "centroid": [
      301.9003601074219,
      148.8656768798828
    ],
    "length": [
      146.85275268554688,
      207.4757537841797
    ],
    "angle": 89.02720642089844
  },
  "2": {
    "class_id": 2,
    "centroid": [
      302.4931640625,
      150.31028747558594
    ],
    "length": [
      99.94195556640625,
      131.20993041992188
    ],
    "angle": 92.2784194946289
  },
  "global_mov": [
    278.7425875699956,
    139.56045086703764
  ]
}