{
  "1": {
    "class_id": 1,
    "centroid": [
      296.53460693359375,
      143.87437438964844
    ],
    "length": [
      134.34478759765625,
      195.5251007080078
    ],
    "angle": 90.94489288330078
  },
  "2": {
    "class_id": 2,
    "centroid": [
      295.4857482910156,
      143.35675048828125
    ],
    "length": [
      99.08492279052734,
      126.44449615478516
    ],
    "angle": 85.01033782958984
  },
  "global_mov": [
    273.2965680077698,
    132.8612389161362
  ]
}