{
  "1": {
    "class_id": 1,
    "centroid": [
      281.4818420410156,
      182.1237030029297
    ],
    "length": [
      142.98313903808594,
      210.5215606689453
    ],
    "angle": 93.40851593017578
  },
  "2": {
    "class_id": 2,
    "centroid": [
      284.9177551269531,
      182.56068420410156
    ],
    "length": [
      96.62429809570312,
      134.03701782226562
    ],
    "angle": 94.09870910644531
  },
  "global_mov": [
    260.1126212109547,
    137.60724450873235
  ]
}