{
  "1": {
    "class_id": 1,
    "centroid": [
      292.0257263183594,
      148.39535522460938
    ],
    "length": [
      131.9312286376953,
      194.69430541992188
    ],
    "angle": 92.24168395996094
  },
  "2": {
    "class_id": 2,
    "centroid": [
      289.23370361328125,
      148.9314727783203
    ],
    "length": [
      97.91322326660156,
      128.3639373779297
    ],
    "angle": 84.88778686523438
  },
  "global_mov": [
    276.45825057079537,
    132.98478393488298
  ]
}