{
  "1": {
    "class_id": 1,
    "centroid": [
      298.927490234375,
      157.2494354248047
    ],
    "length": [
      147.33065795898438,
      207.804931640625
    ],
    "angle": 90.58062744140625
  },
  "2": {
    "class_id": 2,
    "centroid": [
      304.2959289550781,
      158.64747619628906
    ],
    "length": [
      108.26087188720703,
      141.09368896484375
    ],
    "angle": 91.85801696777344
  },
  "global_mov": [
    269.13761617532583,
    151.7487621300911
  ]
}