{
  "1": {
    "class_id": 1,
    "centroid": [
      298.5704345703125,
      144.89845275878906
    ],
    "length": [
      133.59678649902344,
      196.5778350830078
    ],
    "angle": 90.09137725830078
  },
  "2": {
    "class_id": 2,
    "centroid": [
      297.2561340332031,
      144.09915161132812
    ],
    "length": [
      95.72631072998047,
      130.0527801513672
    ],
    "angle": 85.00304412841797
  },
  "global_mov": [
    275.39381047263333,
    132.4048198962433
  ]
}