{
  "1": {
    "class_id": 1,
    "centroid": [
      296.1080322265625,
      151.65087890625
    ],
    "length": [
      132.0004119873047,
      194.30123901367188
    ],
    "angle": 91.09645080566406
  },
  "2": {
    "class_id": 2,
    "centroid": [
      298.11285400390625,
      149.3583526611328
    ],
    "length": [
      90.75492095947266,
      131.876220703125
    ],
    "angle": 95.32012939453125
  },
  "global_mov": [
    273.8492333587015,
    131.59888650566538
  ]
}