{
  "1": {
    "class_id": 1,
    "centroid": [
      297.53656005859375,
      154.89529418945312
    ],
    "length": [
      149.7537384033203,
      215.27462768554688
    ],
    "angle": 90.75643920898438
  },
  "2": {
    "class_id": 2,
    "centroid": [
      302.9488220214844,
      155.36624145507812
    ],
    "length": [
      99.7179946899414,
      133.10031127929688
    ],
    "angle": 93.05623626708984
  },
  "global_mov": [
    261.4753644298539,
    137.82394565903215
  ],
  "4": {
    "class_id": "slit knife",
    "tip": [
      222.23743515411485,
      227.29202768032687
    ],
    "length": 104.64421081542969,
    "angle": 44.30972671508789
  }
}