{
  "1": {
    "class_id": 1,
    "centroid": [
      280.1535339355469,
      184.37722778320312
    ],
    "length": [
      142.0559539794922,
      209.9690704345703
    ],
    "angle": 93.21650695800781
  },
  "2": {
    "class_id": 2,
    "centroid": [
      283.651123046875,
      184.6865997314453
    ],
    "length": [
      96.06532287597656,
      133.4308319091797
    ],
    "angle": 94.04635620117188
  },
  "global_mov": [
    258.64864023620925,
    137.8519328938387
  ]
}