{
  "1": {
    "class_id": 1,
    "centroid": [
      304.50421142578125,
      141.0255126953125
    ],
    "length": [
      150.51368713378906,
      211.13766479492188
    ],
    "angle": 91.74088287353516
  },
  "2": {
    "class_id": 2,
    "centroid": [
      307.9498596191406,
      139.7462615966797
    ],
    "length": [
      99.54007720947266,
      133.58961486816406
    ],
    "angle": 94.7153549194336
  },
  "global_mov": [
    276.61357581811274,
    123.39636052059195
  ]
}