{
  "1": {
    "class_id": 1,
    "centroid": [
      298.531494140625,
      150.2416534423828
    ],
    "length": [
      145.35499572753906,
      206.41192626953125
    ],
    "angle": 91.53018951416016
  },
  "2": {
    "class_id": 2,
    "centroid": [
      299.5405578613281,
      151.12001037597656
    ],
    "length": [
      98.7584228515625,
      131.41482543945312
    ],
    "angle": 94.90132904052734
  },
  "global_mov": [
    271.2859309866388,
    136.38392418244072
  ]
}