{
  "1": {
    "class_id": 1,
    "centroid": [
      293.5052795410156,
      129.65155029296875
    ],
    "length": [
      145.46653747558594,
      208.02279663085938
    ],
    "angle": 90.9532470703125
  },
  "2": {
    "class_id": 2,
    "centroid": [
      294.69842529296875,
      128.9138641357422
    ],
    "length": [
      95.991943359375,
      125.25965881347656
    ],
    "angle": 94.49632263183594
  },
  "global_mov": [
    262.88786643937743,
    119.88366768144995
  ]
}