{
  "1": {
    "class_id": 1,
    "centroid": [
      278.70654296875,
      183.34373474121094
    ],
    "length": [
      140.31890869140625,
      209.76388549804688
    ],
    "angle": 94.50536346435547
  },
  "2": {
    "class_id": 2,
    "centroid": [
      281.6427307128906,
      183.99893188476562
    ],
    "length": [
      95.4350814819336,
      134.67794799804688
    ],
    "angle": 95.25948333740234
  },
  "global_mov": [
    254.51171918322584,
    136.5736208828687
  ]
}