{
  "1": {
    "class_id": 1,
    "centroid": [
      286.4020690917969,
      149.63377380371094
    ],
    "length": [
      134.64173889160156,
      193.29612731933594
    ],
    "angle": 87.67679595947266
  },
  "2": {
    "class_id": 2,
    "centroid": [
      285.5606994628906,
      153.3500213623047
    ],
    "length": [
      97.34383392333984,
      126.40826416015625
    ],
    "angle": 83.29155731201172
  },
  "global_mov": [
    282.05729177388844,
    146.06049821350499
  ]
}