{
  "1": {
    "class_id": 1,
    "centroid": [
      281.10614013671875,
      138.12220764160156
    ],
    "length": [
      144.9033966064453,
      204.82717895507812
    ],
    "angle": 91.63168334960938
  },
  "2": {
    "class_id": 2,
    "centroid": [
      281.0094299316406,
      138.5181121826172
    ],
    "length": [
      95.83338928222656,
      130.66709899902344
    ],
    "angle": 92.58323669433594
  },
  "global_mov": [
    248.04261872604198,
    116.90562519936701
  ]
}