{
  "1": {
    "class_id": 1,
    "centroid": [
      285.7657775878906,
      177.55686950683594
    ],
    "length": [
      142.13568115234375,
      211.82351684570312
    ],
    "angle": 93.45696258544922
  },
  "2": {
    "class_id": 2,
    "centroid": [
      289.3173828125,
      178.4503173828125
    ],
    "length": [
      96.2900161743164,
      136.0846710205078
    ],
    "angle": 94.08806610107422
  },
  "global_mov": [
    256.15349698558595,
    137.10967663148227
  ]
}