{
  "1": {
    "class_id": 1,
    "centroid": [
      404.34027099609375,
      137.03363037109375
    ],
    "length": [
      148.68814086914062,
      217.30389404296875
    ],
    "angle": 89.34272003173828
  },
  "2": {
    "class_id": 2,
    "centroid": [
      406.3284912109375,
      137.82557678222656
    ],
    "length": [
      102.21764373779297,
      138.84945678710938
    ],
    "angle": 91.94850158691406
  },
  "global_mov": [
    274.6365458170573,
    112.85997851689656
  ]
}