{
  "1": {
    "class_id": 1,
    "centroid": [
      304.1852111816406,
      141.1933135986328
    ],
    "length": [
      137.32142639160156,
      196.38868713378906
    ],
    "angle": 86.16693115234375
  },
  "2": {
    "class_id": 2,
    "centroid": [
      303.7320861816406,
      144.7611846923828
    ],
    "length": [
      100.34452056884766,
      128.02577209472656
    ],
    "angle": 95.65286254882812
  },
  "global_mov": [
    270.9243807993018,
    152.56478237776497
  ]
}