{
  "1": {
    "class_id": 1,
    "centroid": [
      260.83612060546875,
      159.0577392578125
    ],
    "length": [
      146.2516632080078,
      209.5072784423828
    ],
    "angle": 93.1117172241211
  },
  "2": {
    "class_id": 2,
    "centroid": [
      262.89849853515625,
      160.0744171142578
    ],
    "length": [
      99.88057708740234,
      129.9018096923828
    ],
    "angle": 94.1273193359375
  },
  "global_mov": [
    247.71900339064328,
    137.50955171380923
  ]
}