{
  "1": {
    "class_id": 1,
    "centroid": [
      295.0035095214844,
      151.642578125
    ],
    "length": [
      146.16876220703125,
      207.39698791503906
    ],
    "angle": 90.6899642944336
  },
  "2": {
    "class_id": 2,
    "centroid": [
      295.86859130859375,
      152.11756896972656
    ],
    "length": [
      99.01912689208984,
      129.99197387695312
    ],
    "angle": 93.81629180908203
  },
  "global_mov": [
    258.7188773414829,
    139.6939846382589
  ]
}