{
  "1": {
    "class_id": 1,
    "centroid": [
      301.5093078613281,
      140.0266876220703
    ],
    "length": [
      151.4265594482422,
      211.2970428466797
    ],
    "angle": 91.35691833496094
  },
  "2": {
    "class_id": 2,
    "centroid": [
      305.8930358886719,
      139.81027221679688
    ],
    "length": [
      99.90522766113281,
      133.44378662109375
    ],
    "angle": 95.35015869140625
  },
  "global_mov": [
    278.20414292623417,
    123.18188714319861
  ]
}