{
  "1": {
    "class_id": 1,
    "centroid": [
      299.05181884765625,
      140.8998565673828
    ],
    "length": [
      136.2293243408203,
      194.6711883544922
    ],
    "angle": 86.79449462890625
  },
  "2": {
    "class_id": 2,
    "centroid": [
      301.00347900390625,
      142.7076416015625
    ],
    "length": [
      100.4056396484375,
      130.09640502929688
    ],
    "angle": 78.57473754882812
  },
  "global_mov": [
    275.0861610433556,
    141.536116279273
  ]
}