{
  "1": {
    "class_id": 1,
    "centroid": [
      283.0428161621094,
      184.97093200683594
    ],
    "length": [
      142.08070373535156,
      210.1368865966797
    ],
    "angle": 93.32977294921875
  },
  "2": {
    "class_id": 2,
    "centroid": [
      286.5829162597656,
      185.29588317871094
    ],
    "length": [
      96.63349151611328,
      133.2169647216797
    ],
    "angle": 94.33391571044922
  },
  "global_mov": [
    261.31165368043725,
    138.67741111258252
  ]
}