{
  "1": {
    "class_id": 1,
    "centroid": [
      281.9876403808594,
      142.51846313476562
    ],
    "length": [
      144.5265350341797,
      205.44976806640625
    ],
    "angle": 91.74398040771484
  },
  "2": {
    "class_id": 2,
    "centroid": [
      281.9759216308594,
      143.19491577148438
    ],
    "length": [
      95.72166442871094,
      129.93348693847656
    ],
    "angle": 92.78318786621094
  },
  "global_mov": [
    254.1404739679912,
    120.29572612784068
  ]
}