{
  "1": {
    "class_id": 1,
    "centroid": [
      256.87255859375,
      137.9641571044922
    ],
    "length": [
      148.36618041992188,
      208.2100830078125
    ],
    "angle": 89.80999755859375
  },
  "2": {
    "class_id": 2,
    "centroid": [
      261.0972900390625,
      139.92831420898438
    ],
    "length": [
      102.38618469238281,
      131.3868408203125
    ],
    "angle": 93.2547836303711
  },
  "global_mov": [
    248.25413412766613,
    131.8566367463277
  ]
}