{
  "1": {
    "class_id": 1,
    "centroid": [
      301.4594421386719,
      166.55490112304688
    ],
    "length": [
      136.15097045898438,
      197.74830627441406
    ],
    "angle": 91.80394744873047
  },
  "2": {
    "class_id": 2,
    "centroid": [
      305.057861328125,
      166.50965881347656
    ],
    "length": [
      106.35841369628906,
      140.8937530517578
    ],
    "angle": 89.4624252319336
  },
  "global_mov": [
    267.50587580971666,
    153.13091636384374
  ]
}