{
  "1": {
    "class_id": 1,
    "centroid": [
      301.5102844238281,
      156.91015625
    ],
    "length": [
      146.997314453125,
      210.55870056152344
    ],
    "angle": 90.5086898803711
  },
  "2": {
    "class_id": 2,
    "centroid": [
      306.03192138671875,
      158.4523468017578
    ],
    "length": [
      108.74638366699219,
      140.7266387939453
    ],
    "angle": 91.67257690429688
  },
  "global_mov": [
    267.18068600696864,
    151.02077094313083
  ]
}