{
  "1": {
    "class_id": 1,
    "centroid": [
      289.6751708984375,
      161.90701293945312
    ],
    "length": [
      142.36273193359375,
      206.22482299804688
    ],
    "angle": 91.88219451904297
  },
  "2": {
    "class_id": 2,
    "centroid": [
      290.1938171386719,
      163.08334350585938
    ],
    "length": [
      95.88581848144531,
      130.6985321044922
    ],
    "angle": 93.47268676757812
  },
  "global_mov": [
    250.47452669976897,
    137.09304019672996
  ]
}