{
  "1": {
    "class_id": 1,
    "centroid": [
      277.8468933105469,
      148.57249450683594
    ],
    "length": [
      134.96337890625,
      194.43292236328125
    ],
    "angle": 88.32350158691406
  },
  "2": {
    "class_id": 2,
    "centroid": [
      280.4569091796875,
      148.13046264648438
    ],
    "length": [
      101.14982604980469,
      137.5888214111328
    ],
    "angle": 85.40940856933594
  },
  "global_mov": [
    263.5889370658722,
    146.72364259744958
  ]
}