{
  "1": {
    "class_id": 1,
    "centroid": [
      296.27191162109375,
      150.3325653076172
    ],
    "length": [
      144.88555908203125,
      206.1746826171875
    ],
    "angle": 91.15418243408203
  },
  "2": {
    "class_id": 2,
    "centroid": [
      296.93572998046875,
      151.4930877685547
    ],
    "length": [
      98.77631378173828,
      130.28619384765625
    ],
    "angle": 94.7605209350586
  },
  "global_mov": [
    271.66426656817515,
    136.95979895778953
  ]
}