{
  "1": {
    "class_id": 1,
    "centroid": [
      275.7259216308594,
      131.9002227783203
    ],
    "length": [
      150.2085723876953,
      207.54965209960938
    ],
    "angle": 90.35199737548828
  },
  "2": {
    "class_id": 2,
    "centroid": [
      277.97003173828125,
      132.53164672851562
    ],
    "length": [
      100.3309097290039,
      132.5156707763672
    ],
    "angle": 92.58765411376953
  },
  "global_mov": [
    265.0754790969311,
    128.99712513974876
  ]
}