{
  "1": {
    "class_id": 1,
    "centroid": [
      304.6165771484375,
      157.58258056640625
    ],
    "length": [
      145.57830810546875,
      209.09185791015625
    ],
    "angle": 91.08223724365234
  },
  "2": {
    "class_id": 2,
    "centroid": [
      305.5559387207031,
      159.01181030273438
    ],
    "length": [
      99.75499725341797,
      133.6250762939453
    ],
    "angle": 94.18206024169922
  },
  "global_mov": [
    258.7264830807037,
    140.644333169435
  ]
}