{
  "1": {
    "class_id": 1,
    "centroid": [
      285.6902160644531,
      181.01634216308594
    ],
    "length": [
      143.3622589111328,
      211.22947692871094
    ],
    "angle": 92.61400604248047
  },
  "2": {
    "class_id": 2,
    "centroid": [
      289.4317932128906,
      180.843017578125
    ],
    "length": [
      96.64833068847656,
      134.48709106445312
    ],
    "angle": 93.8791732788086
  },
  "global_mov": [
    261.15740329077335,
    136.50744660181374
  ]
}