{
  "1": {
    "class_id": 1,
    "centroid": [
      283.0408020019531,
      152.97789001464844
    ],
    "length": [
      132.98867797851562,
      198.001953125
    ],
    "angle": 91.0291748046875
  },
  "2": {
    "class_id": 2,
    "centroid": [
      284.32379150390625,
      152.96864318847656
    ],
    "length": [
      95.21292877197266,
      129.6746826171875
    ],
    "angle": 88.54698181152344
  },
  "global_mov": [
    265.72448378937037,
    133.13263424108132
  ]
}