{
  "1": {
    "class_id": 1,
    "centroid": [
      291.0382385253906,
      148.64663696289062
    ],
    "length": [
      145.3162384033203,
      206.24110412597656
    ],
    "angle": 90.78324127197266
  },
  "2": {
    "class_id": 2,
    "centroid": [
      292.5315246582031,
      149.58628845214844
    ],
    "length": [
      99.8258056640625,
      130.5985565185547
    ],
    "angle": 95.0207748413086
  },
  "global_mov": [
    267.70271229307156,
    138.28839862905247
  ]
}