{
  "1": {
    "class_id": 1,
    "centroid": [
      286.78277587890625,
      154.68939208984375
    ],
    "length": [
      143.0047607421875,
      211.83108520507812
    ],
    "angle": 91.36978912353516
  },
  "2": {
    "class_id": 2,
    "centroid": [
      291.00958251953125,
      155.2952117919922
    ],
    "length": [
      97.146728515625,
      133.85398864746094
    ],
    "angle": 93.3355712890625
  },
  "global_mov": [
    269.3840070007598,
    133.52021857441983
  ]
}