{
  "1": {
    "class_id": 1,
    "centroid": [
      299.1033020019531,
      138.52374267578125
    ],
    "length": [
      135.84974670410156,
      196.54127502441406
    ],
    "angle": 86.68109893798828
  },
  "2": {
    "class_id": 2,
    "centroid": [
      298.0718078613281,
      142.0229949951172
    ],
    "length": [
      97.8578109741211,
      127.5875473022461
    ],
    "angle": 84.76404571533203
  },
  "global_mov": [
    276.21930169164904,
    146.93907626458406
  ]
}