{
  "1": {
    "class_id": 1,
    "centroid": [
      298.9442138671875,
      164.35794067382812
    ],
    "length": [
      148.4144744873047,
      211.4522705078125
    ],
    "angle": 90.79999542236328
  },
  "2": {
    "class_id": 2,
    "centroid": [
      300.3321838378906,
      165.8288116455078
    ],
    "length": [
      101.74238586425781,
      133.46084594726562
    ],
    "angle": 94.373779296875
  },
  "global_mov": [
    267.35554514148623,
    150.19492988824842
  ]
}