{
  "1": {
    "class_id": 1,
    "centroid": [
      292.1432800292969,
      149.9750518798828
    ],
    "length": [
      146.5623016357422,
      208.27774047851562
    ],
    "angle": 90.6400146484375
  },
  "2": {
    "class_id": 2,
    "centroid": [
      293.3755798339844,
      150.76980590820312
    ],
    "length": [
      99.47457122802734,
      130.88650512695312
    ],
    "angle": 95.04622650146484
  },
  "global_mov": [
    261.5137720092603,
    139.42240005506383
  ]
}