{
  "1": {
    "class_id": 1,
    "centroid": [
      302.8543701171875,
      168.43336486816406
    ],
    "length": [
      144.50250244140625,
      211.2407989501953
    ],
    "angle": 93.2323226928711
  },
  "2": {
    "class_id": 2,
    "centroid": [
      305.6603088378906,
      168.31455993652344
    ],
    "length": [
      96.69158172607422,
      133.18865966796875
    ],
    "angle": 93.78903198242188
  },
  "global_mov": [
    272.9626773683378,
    131.6663227655173
  ]
}