{
  "1": {
    "class_id": 1,
    "centroid": [
      299.6419372558594,
      138.56475830078125
    ],
    "length": [
      147.01487731933594,
      208.4453887939453
    ],
    "angle": 90.01690673828125
  },
  "2": {
    "class_id": 2,
    "centroid": [
      302.724365234375,
      139.5472869873047
    ],
    "length": [
      103.79077911376953,
      132.50439453125
    ],
    "angle": 92.57974243164062
  },
  "global_mov": [
    275.8030378186601,
    131.68935873635897
  ]
}