{
  "1": {
    "class_id": 1,
    "centroid": [
      297.3236389160156,
      154.8585205078125
    ],
    "length": [
      147.6089324951172,
      210.2064208984375
    ],
    "angle": 90.70317077636719
  },
  "2": {
    "class_id": 2,
    "centroid": [
      301.8106384277344,
      156.19775390625
    ],
    "length": [
      107.9116439819336,
      140.9354248046875
    ],
    "angle": 90.87596893310547
  },
  "global_mov": [
    267.00905809646014,
    149.0035159887705
  ]
}