{
  "1": {
    "class_id": 1,
    "centroid": [
      304.765380859375,
      156.25216674804688
    ],
    "length": [
      145.6273651123047,
      209.2574920654297
    ],
    "angle": 91.03430938720703
  },
  "2": {
    "class_id": 2,
    "centroid": [
      305.5234680175781,
      157.6009979248047
    ],
    "length": [
      99.86986541748047,
      133.43954467773438
    ],
    "angle": 94.31717681884766
  },
  "global_mov": [
    255.80964783136645,
    136.1997393845608
  ]
}