{
  "1": {
    "class_id": 1,
    "centroid": [
      289.1513671875,
      143.39942932128906
    ],
    "length": [
      135.29551696777344,
      195.10887145996094
    ],
    "angle": 88.2484130859375
  },
  "2": {
    "class_id": 2,
    "centroid": [
      295.3453063964844,
      141.73736572265625
    ],
    "length": [
      95.35557556152344,
      130.70945739746094
    ],
    "angle": 89.76323699951172
  },
  "global_mov": [
    275.2893595565079,
    137.51160849908095
  ]
}