{
  "1": {
    "class_id": 1,
    "centroid": [
      303.75543212890625,
      145.40834045410156
    ],
    "length": [
      130.8245391845703,
      197.3574676513672
    ],
    "angle": 90.35279083251953
  },
  "2": {
    "class_id": 2,
    "centroid": [
      305.21221923828125,
      145.62277221679688
    ],
    "length": [
      91.54237365722656,
      129.2115478515625
    ],
    "angle": 93.32390594482422
  },
  "global_mov": [
    270.91821657708977,
    130.88934986665313
  ]
}