{
  "1": {
    "class_id": 1,
    "centroid": [
      294.28662109375,
      162.30699157714844
    ],
    "length": [
      144.26063537597656,
      207.88360595703125
    ],
    "angle": 91.70873260498047
  },
  "2": {
    "class_id": 2,
    "centroid": [
      294.8161315917969,
      163.3712921142578
    ],
    "length": [
      98.45621490478516,
      129.7095489501953
    ],
    "angle": 95.5431900024414
  },
  "global_mov": [
    253.00717301433403,
    142.94105705678803
  ]
}