{
  "1": {
    "class_id": 1,
    "centroid": [
      298.3318786621094,
      154.68226623535156
    ],
    "length": [
      147.3820037841797,
      209.5912628173828
    ],
    "angle": 90.91888427734375
  },
  "2": {
    "class_id": 2,
    "centroid": [
      303.41180419921875,
      155.97158813476562
    ],
    "length": [
      107.33821105957031,
      141.1875457763672
    ],
    "angle": 91.3431625366211
  },
  "global_mov": [
    267.4631669872121,
    149.15109370377618
  ]
}