{
  "1": {
    "class_id": 1,
    "centroid": [
      294.9770812988281,
      136.84730529785156
    ],
    "length": [
      151.98776245117188,
      212.56900024414062
    ],
    "angle": 92.61585235595703
  },
  "2": {
    "class_id": 2,
    "centroid": [
      299.3891296386719,
      136.98915100097656
    ],
    "length": [
      101.67277526855469,
      132.76087951660156
    ],
    "angle": 95.45993041992188
  },
  "global_mov": [
    273.5447689894927,
    124.80722407255935
  ]
}