{
  "1": {
    "class_id": 1,
    "centroid": [
      299.4952697753906,
      141.1435546875
    ],
    "length": [
      147.4716339111328,
      208.495361328125
    ],
    "angle": 89.97631072998047
  },
  "2": {
    "class_id": 2,
    "centroid": [
      303.2723693847656,
      143.032470703125
    ],
    "length": [
      103.63446807861328,
      134.76124572753906
    ],
    "angle": 94.50790405273438
  },
  "global_mov": [
    279.64609574121954,
    133.61380447368404
  ]
}