{
  "1": {
    "class_id": 1,
    "centroid": [
      285.0029296875,
      139.80511474609375
    ],
    "length": [
      150.43191528320312,
      209.62326049804688
    ],
    "angle": 91.51658630371094
  },
  "2": {
    "class_id": 2,
    "centroid": [
      288.48492431640625,
      140.64427185058594
    ],
    "length": [
      102.08331298828125,
      129.85757446289062
    ],
    "angle": 94.869384765625
  },
  "global_mov": [
    269.1477504752482,
    126.73932698280119
  ]
}