{
  "1": {
    "class_id": 1,
    "centroid": [
      282.9071350097656,
      136.150146484375
    ],
    "length": [
      144.1990966796875,
      204.86497497558594
    ],
    "angle": 91.1561508178711
  },
  "2": {
    "class_id": 2,
    "centroid": [
      283.9390869140625,
      136.55841064453125
    ],
    "length": [
      96.381591796875,
      129.22998046875
    ],
    "angle": 92.92252349853516
  },
  "global_mov": [
    243.7725931750051,
    111.2811803719366
  ]
}