{
  "1": {
    "class_id": 1,
    "centroid": [
      292.4089050292969,
      165.11228942871094
    ],
    "length": [
      135.9417724609375,
      197.92933654785156
    ],
    "angle": 92.0539779663086
  },
  "2": {
    "class_id": 2,
    "centroid": [
      296.07080078125,
      163.65476989746094
    ],
    "length": [
      99.32173156738281,
      132.68853759765625
    ],
    "angle": 90.05687713623047
  },
  "global_mov": [
    264.78756365915854,
    150.7359953045512
  ]
}