{
  "1": {
    "class_id": 1,
    "centroid": [
      279.3094482421875,
      183.85874938964844
    ],
    "length": [
      142.83560180664062,
      210.11094665527344
    ],
    "angle": 93.10488891601562
  },
  "2": {
    "class_id": 2,
    "centroid": [
      282.81573486328125,
      183.92974853515625
    ],
    "length": [
      96.13387298583984,
      134.13568115234375
    ],
    "angle": 94.06318664550781
  },
  "global_mov": [
    257.6427234140112,
    138.26786395541714
  ]
}