{
  "1": {
    "class_id": 1,
    "centroid": [
      283.19268798828125,
      148.80397033691406
    ],
    "length": [
      134.2479248046875,
      194.6936492919922
    ],
    "angle": 88.1872787475586
  },
  "2": {
    "class_id": 2,
    "centroid": [
      285.8647155761719,
      149.14356994628906
    ],
    "length": [
      97.91255187988281,
      134.74093627929688
    ],
    "angle": 81.22959899902344
  },
  "global_mov": [
    263.3369532975627,
    144.63827188924017
  ]
}