{
  "1": {
    "class_id": 1,
    "centroid": [
      279.0575866699219,
      137.79708862304688
    ],
    "length": [
      136.8945770263672,
      195.08486938476562
    ],
    "angle": 89.09146118164062
  },
  "2": {
    "class_id": 2,
    "centroid": [
      279.45330810546875,
      139.09976196289062
    ],
    "length": [
      98.90416717529297,
      130.4916229248047
    ],
    "angle": 87.78216552734375
  },
  "global_mov": [
    264.51348302954483,
    129.28291377683132
  ]
}