{
  "1": {
    "class_id": 1,
    "centroid": [
      299.7767028808594,
      147.5252685546875
    ],
    "length": [
      146.23477172851562,
      208.26963806152344
    ],
    "angle": 90.87023162841797
  },
  "2": {
    "class_id": 2,
    "centroid": [
      300.23004150390625,
      148.6361846923828
    ],
    "length": [
      99.39473724365234,
      131.50633239746094
    ],
    "angle": 94.7202377319336
  },
  "global_mov": [
    274.2925764530093,
    137.94788732592122
  ]
}