{
  "1": {
    "class_id": 1,
    "centroid": [
      302.7900085449219,
      146.11582946777344
    ],
    "length": [
      133.46470642089844,
      195.75247192382812
    ],
    "angle": 91.66389465332031
  },
  "2": {
    "class_id": 2,
    "centroid": [
      299.87127685546875,
      146.5555419921875
    ],
    "length": [
      94.7448959350586,
      125.07108306884766
    ],
    "angle": 90.89360809326172
  },
  "global_mov": [
    277.1711075825059,
    131.78976475992204
  ]
}