{
  "1": {
    "class_id": 1,
    "centroid": [
      280.1493225097656,
      181.38949584960938
    ],
    "length": [
      144.2615509033203,
      210.909912109375
    ],
    "angle": 92.97241973876953
  },
  "2": {
    "class_id": 2,
    "centroid": [
      283.60516357421875,
      180.5859375
    ],
    "length": [
      96.36932373046875,
      133.25318908691406
    ],
    "angle": 93.25334930419922
  },
  "global_mov": [
    256.28194580090593,
    140.6790766472179
  ]
}