{
  "1": {
    "class_id": 1,
    "centroid": [
      290.8332824707031,
      138.64259338378906
    ],
    "length": [
      131.4698944091797,
      194.04139709472656
    ],
    "angle": 90.53199768066406
  },
  "2": {
    "class_id": 2,
    "centroid": [
      291.5917663574219,
      138.58802795410156
    ],
    "length": [
      93.25471496582031,
      128.2684326171875
    ],
    "angle": 96.54496765136719
  },
  "global_mov": [
    260.28965159271917,
    122.94769134336799
  ]
}