{
  "1": {
    "class_id": 1,
    "centroid": [
      294.6145324707031,
      144.12557983398438
    ],
    "length": [
      134.64173889160156,
      196.35763549804688
    ],
    "angle": 87.96737670898438
  },
  "2": {
    "class_id": 2,
    "centroid": [
      299.7062683105469,
      144.10281372070312
    ],
    "length": [
      97.0060806274414,
      130.79025268554688
    ],
    "angle": 84.6875991821289
  },
  "global_mov": [
    277.0920013048564,
    139.96939554238443
  ]
}