{
  "1": {
    "class_id": 1,
    "centroid": [
      299.3850402832031,
      158.56089782714844
    ],
    "length": [
      151.05604553222656,
      210.35289001464844
    ],
    "angle": 90.19116973876953
  },
  "2": {
    "class_id": 2,
    "centroid": [
      301.59259033203125,
      159.66102600097656
    ],
    "length": [
      101.93034362792969,
      132.14852905273438
    ],
    "angle": 93.9933090209961
  },
  "global_mov": [
    277.94899769520833,
    153.51344230100824
  ]
}