{
  "1": {
    "class_id": 1,
    "centroid": [
      302.74554443359375,
      147.9084014892578
    ],
    "length": [
      152.33441162109375,
      215.13705444335938
    ],
    "angle": 90.97549438476562
  },
  "2": {
    "class_id": 2,
    "centroid": [
      306.9539489746094,
      148.7082061767578
    ],
    "length": [
      102.57974243164062,
      135.41380310058594
    ],
    "angle": 91.66695404052734
  },
  "global_mov": [
    256.66653743608026,
    136.54599553712958
  ],
  "4": {
    "class_id": "slit knife",
    "tip": [
      302.0975738902477,
      234.8780718348411
    ],
    "length": 87.61347961425781,
    "angle": 51.34019088745117
  }
}