{
  "1": {
    "class_id": 1,
    "centroid": [
      298.502197265625,
      154.93426513671875
    ],
    "length": [
      147.6380157470703,
      209.3338623046875
    ],
    "angle": 90.79949951171875
  },
  "2": {
    "class_id": 2,
    "centroid": [
      303.70843505859375,
      156.20184326171875
    ],
    "length": [
      107.86456298828125,
      141.48272705078125
    ],
    "angle": 91.28787994384766
  },
  "global_mov": [
    267.90407188807546,
    149.30045688265542
  ]
}