{
  "1": {
    "class_id": 1,
    "centroid": [
      303.9937744140625,
      141.93296813964844
    ],
    "length": [
      147.39585876464844,
      208.9975128173828
    ],
    "angle": 90.16789245605469
  },
  "2": {
    "class_id": 2,
    "centroid": [
      306.9844055175781,
      142.3006591796875
    ],
    "length": [
      101.2210693359375,
      135.78646850585938
    ],
    "angle": 92.0760726928711
  },
  "global_mov": [
    278.2248606154215,
    134.21241595240062
  ]
}