{
  "1": {
    "class_id": 1,
    "centroid": [
      309.8468933105469,
      170.70062255859375
    ],
    "length": [
      135.4684295654297,
      198.80921936035156
    ],
    "angle": 89.55828094482422
  },
  "2": {
    "class_id": 2,
    "centroid": [
      312.33685302734375,
      171.0877227783203
    ],
    "length": [
      99.93207550048828,
      133.09275817871094
    ],
    "angle": 88.8165054321289
  },
  "global_mov": [
    286.1520159478427,
    156.71226025527065
  ]
}