{
  "1": {
    "class_id": 1,
    "centroid": [
      293.55303955078125,
      166.2158660888672
    ],
    "length": [
      135.78802490234375,
      196.8883514404297
    ],
    "angle": 91.69835662841797
  },
  "2": {
    "class_id": 2,
    "centroid": [
      297.6070251464844,
      165.0119171142578
    ],
    "length": [
      100.13622283935547,
      136.24966430664062
    ],
    "angle": 89.2965316772461
  },
  "global_mov": [
    265.3292166413324,
    152.06620913324872
  ]
}