{
  "1": {
    "class_id": 1,
    "centroid": [
      283.5821533203125,
      146.31776428222656
    ],
    "length": [
      134.64114379882812,
      192.7286834716797
    ],
    "angle": 87.82767486572266
  },
  "2": {
    "class_id": 2,
    "centroid": [
      285.8702087402344,
      148.21701049804688
    ],
    "length": [
      98.32727813720703,
      126.76139831542969
    ],
    "angle": 80.89928436279297
  },
  "global_mov": [
    262.4437922153517,
    146.99192517927807
  ]
}