{
  "1": {
    "class_id": 1,
    "centroid": [
      297.5442199707031,
      162.4687042236328
    ],
    "length": [
      144.06903076171875,
      206.33824157714844
    ],
    "angle": 91.80551147460938
  },
  "2": {
    "class_id": 2,
    "centroid": [
      298.07958984375,
      163.5024871826172
    ],
    "length": [
      97.82563781738281,
      130.7027587890625
    ],
    "angle": 94.40777587890625
  },
  "global_mov": [
    252.31241455530335,
    141.8546190685326
  ]
}