{
  "1": {
    "class_id": 1,
    "centroid": [
      344.79095458984375,
      127.23944854736328
    ],
    "length": [
      146.82192993164062,
      205.752197265625
    ],
    "angle": 90.04303741455078
  },
  "2": {
    "class_id": 2,
    "centroid": [
      346.517578125,
      128.21572875976562
    ],
    "length": [
      99.67903137207031,
      129.36990356445312
    ],
    "angle": 91.93891906738281
  },
  "global_mov": [
    275.0390028693535,
    113.67104877395998
  ]
}