{
  "1": {
    "class_id": 1,
    "centroid": [
      306.6577453613281,
      144.9556884765625
    ],
    "length": [
      146.56454467773438,
      211.84104919433594
    ],
    "angle": 90.52587127685547
  },
  "2": {
    "class_id": 2,
    "centroid": [
      307.77593994140625,
      145.62359619140625
    ],
    "length": [
      101.03292846679688,
      134.02162170410156
    ],
    "angle": 88.73809051513672
  },
  "global_mov": [
    280.20465508951514,
    134.43793207861714
  ]
}