{
  "1": {
    "class_id": 1,
    "centroid": [
      295.966796875,
      146.22491455078125
    ],
    "length": [
      136.37071228027344,
      195.79617309570312
    ],
    "angle": 86.53753662109375
  },
  "2": {
    "class_id": 2,
    "centroid": [
      295.68914794921875,
      149.8755340576172
    ],
    "length": [
      98.05770111083984,
      128.06094360351562
    ],
    "angle": 92.72178649902344
  },
  "global_mov": [
    270.2789053347688,
    152.7994727434607
  ]
}