{
  "1": {
    "class_id": 1,
    "centroid": [
      274.3024597167969,
      176.74435424804688
    ],
    "length": [
      128.57208251953125,
      188.8080596923828
    ],
    "angle": 95.12394714355469
  },
  "2": {
    "class_id": 2,
    "centroid": [
      277.6632995605469,
      177.6577911376953
    ],
    "length": [
      93.8173828125,
      134.89517211914062
    ],
    "angle": 95.60482025146484
  },
  "global_mov": [
    289.4025420241262,
    147.44597602890147
  ]
}