{
  "1": {
    "class_id": 1,
    "centroid": [
      303.5278625488281,
      146.5482177734375
    ],
    "length": [
      131.1825714111328,
      196.24575805664062
    ],
    "angle": 90.27993774414062
  },
  "2": {
    "class_id": 2,
    "centroid": [
      304.25244140625,
      146.7008514404297
    ],
    "length": [
      89.75064086914062,
      128.65127563476562
    ],
    "angle": 90.04105377197266
  },
  "global_mov": [
    270.95597985991463,
    130.43208748817796
  ]
}