{
  "1": {
    "class_id": 1,
    "centroid": [
      301.90631103515625,
      145.9888458251953
    ],
    "length": [
      133.54176330566406,
      196.40103149414062
    ],
    "angle": 90.86707305908203
  },
  "2": {
    "class_id": 2,
    "centroid": [
      299.8334655761719,
      146.17662048339844
    ],
    "length": [
      95.8538589477539,
      125.00237274169922
    ],
    "angle": 92.87488555908203
  },
  "global_mov": [
    275.13413170025916,
    130.79118296931614
  ]
}