{
  "1": {
    "class_id": 1,
    "centroid": [
      298.3923645019531,
      165.63070678710938
    ],
    "length": [
      146.1184844970703,
      206.8820343017578
    ],
    "angle": 91.50350189208984
  },
  "2": {
    "class_id": 2,
    "centroid": [
      299.0086975097656,
      166.35765075683594
    ],
    "length": [
      97.51103973388672,
      131.01983642578125
    ],
    "angle": 92.68634033203125
  },
  "global_mov": [
    255.10456321621862,
    145.83813836855555
  ]
}