{
  "1": {
    "class_id": 1,
    "centroid": [
      301.3082275390625,
      164.89683532714844
    ],
    "length": [
      148.8519744873047,
      211.88619995117188
    ],
    "angle": 91.56187438964844
  },
  "2": {
    "class_id": 2,
    "centroid": [
      302.4308776855469,
      166.5935821533203
    ],
    "length": [
      102.29804229736328,
      133.90370178222656
    ],
    "angle": 93.75137329101562
  },
  "global_mov": [
    268.62884694719867,
    150.05239868713537
  ]
}