{
  "1": {
    "class_id": 1,
    "centroid": [
      285.1553649902344,
      177.28524780273438
    ],
    "length": [
      142.69418334960938,
      212.41026306152344
    ],
    "angle": 93.57233428955078
  },
  "2": {
    "class_id": 2,
    "centroid": [
      288.6585998535156,
      178.0709686279297
    ],
    "length": [
      97.12999725341797,
      137.0923614501953
    ],
    "angle": 94.24591827392578
  },
  "global_mov": [
    256.8310667369264,
    137.5985136040182
  ]
}