{
  "1": {
    "class_id": 1,
    "centroid": [
      304.58087158203125,
      137.4945526123047
    ],
    "length": [
      137.26080322265625,
      197.9301300048828
    ],
    "angle": 86.67569732666016
  },
  "2": {
    "class_id": 2,
    "centroid": [
      303.9871826171875,
      140.80038452148438
    ],
    "length": [
      101.15074157714844,
      127.0200424194336
    ],
    "angle": 93.73307037353516
  },
  "global_mov": [
    272.25530056447514,
    151.23337359534324
  ]
}