{
  "1": {
    "class_id": 1,
    "centroid": [
      306.39776611328125,
      162.87887573242188
    ],
    "length": [
      147.3650360107422,
      210.75155639648438
    ],
    "angle": 90.58246612548828
  },
  "2": {
    "class_id": 2,
    "centroid": [
      311.15765380859375,
      164.22328186035156
    ],
    "length": [
      106.02912902832031,
      141.48143005371094
    ],
    "angle": 90.4300765991211
  },
  "global_mov": [
    279.39602582521576,
    154.92341433732642
  ]
}