{
  "1": {
    "class_id": 1,
    "centroid": [
      276.0530700683594,
      184.5125732421875
    ],
    "length": [
      140.23886108398438,
      210.2893829345703
    ],
    "angle": 95.82608032226562
  },
  "2": {
    "class_id": 2,
    "centroid": [
      281.7365417480469,
      182.6693878173828
    ],
    "length": [
      94.87296295166016,
      133.74110412597656
    ],
    "angle": 96.0796127319336
  },
  "global_mov": [
    257.116770358903,
    140.2063813723627
  ]
}