{
  "1": {
    "class_id": 1,
    "centroid": [
      300.0681457519531,
      163.15589904785156
    ],
    "length": [
      149.50640869140625,
      211.14002990722656
    ],
    "angle": 91.4614486694336
  },
  "2": {
    "class_id": 2,
    "centroid": [
      302.0614318847656,
      164.63479614257812
    ],
    "length": [
      102.42710876464844,
      133.35824584960938
    ],
    "angle": 94.11859130859375
  },
  "global_mov": [
    266.98802347124496,
    153.27770516366672
  ]
}