{
  "1": {
    "class_id": 1,
    "centroid": [
      282.9600830078125,
      140.93814086914062
    ],
    "length": [
      144.3295135498047,
      204.10739135742188
    ],
    "angle": 92.30209350585938
  },
  "2": {
    "class_id": 2,
    "centroid": [
      283.4736022949219,
      141.315185546875
    ],
    "length": [
      96.24278259277344,
      129.37950134277344
    ],
    "angle": 93.2526626586914
  },
  "global_mov": [
    245.4660302829618,
    111.57748784659138
  ]
}