{
  "1": {
    "class_id": 1,
    "centroid": [
      284.6182556152344,
      182.70181274414062
    ],
    "length": [
      142.44163513183594,
      211.0768585205078
    ],
    "angle": 93.1844711303711
  },
  "2": {
    "class_id": 2,
    "centroid": [
      288.0426940917969,
      182.79000854492188
    ],
    "length": [
      96.72027587890625,
      134.07025146484375
    ],
    "angle": 92.86502838134766
  },
  "global_mov": [
    261.36311377647263,
    137.37216066316748
  ]
}