{
  "1": {
    "class_id": 1,
    "centroid": [
      290.9734191894531,
      130.95738220214844
    ],
    "length": [
      131.5455322265625,
      196.03965759277344
    ],
    "angle": 90.9706039428711
  },
  "2": {
    "class_id": 2,
    "centroid": [
      290.299072265625,
      129.02410888671875
    ],
    "length": [
      91.07193756103516,
      126.24303436279297
    ],
    "angle": 98.95669555664062
  },
  "global_mov": [
    260.530095610376,
    119.123667993307
  ]
}