{
  "1": {
    "class_id": 1,
    "centroid": [
      308.18048095703125,
      143.03758239746094
    ],
    "length": [
      138.08831787109375,
      196.9135284423828
    ],
    "angle": 86.97227478027344
  },
  "2": {
    "class_id": 2,
    "centroid": [
      309.0472106933594,
      144.4288787841797
    ],
    "length": [
      103.74620819091797,
      129.8529052734375
    ],
    "angle": 87.63865661621094
  },
  "global_mov": [
    284.0154222167993,
    156.2765262184113
  ]
}