{
  "1": {
    "class_id": 1,
    "centroid": [
      308.4651184082031,
      151.43589782714844
    ],
    "length": [
      147.13638305664062,
      215.07568359375
    ],
    "angle": 86.97186279296875
  },
  "2": {
    "class_id": 2,
    "centroid": [
      310.4580078125,
      152.41537475585938
    ],
    "length": [
      98.80506134033203,
      133.68194580078125
    ],
    "angle": 93.27853393554688
  },
  "global_mov": [
    269.94468126254446,
    144.02660104391182
  ]
}