{
  "1": {
    "class_id": 1,
    "centroid": [
      307.0741271972656,
      173.75888061523438
    ],
    "length": [
      134.91165161132812,
      198.08689880371094
    ],
    "angle": 91.18380737304688
  },
  "2": {
    "class_id": 2,
    "centroid": [
      310.4390869140625,
      174.27000427246094
    ],
    "length": [
      98.97940826416016,
      134.30606079101562
    ],
    "angle": 90.28763580322266
  },
  "global_mov": [
    285.71323167164036,
    155.65733921947444
  ]
}