{
  "1": {
    "class_id": 1,
    "centroid": [
      287.0382385253906,
      152.0808868408203
    ],
    "length": [
      131.1803741455078,
      197.30313110351562
    ],
    "angle": 88.57572937011719
  },
  "2": {
    "class_id": 2,
    "centroid": [
      289.844970703125,
      151.94876098632812
    ],
    "length": [
      97.83013153076172,
      135.21649169921875
    ],
    "angle": 83.22459411621094
  },
  "global_mov": [
    260.0032094476308,
    140.19094725877565
  ]
}