{
  "1": {
    "class_id": 1,
    "centroid": [
      307.44793701171875,
      142.7758331298828
    ],
    "length": [
      136.76649475097656,
      198.92042541503906
    ],
    "angle": 86.42984771728516
  },
  "2": {
    "class_id": 2,
    "centroid": [
      306.705322265625,
      145.84703063964844
    ],
    "length": [
      101.93799591064453,
      126.0737075805664
    ],
    "angle": 94.97359466552734
  },
  "global_mov": [
    264.4930266797364,
    147.350499160323
  ]
}