{
  "1": {
    "class_id": 1,
    "centroid": [
      278.8390197753906,
      157.39476013183594
    ],
    "length": [
      144.39564514160156,
      210.38938903808594
    ],
    "angle": 92.90113067626953
  },
  "2": {
    "class_id": 2,
    "centroid": [
      282.46337890625,
      157.90406799316406
    ],
    "length": [
      99.6615219116211,
      134.63681030273438
    ],
    "angle": 94.2770767211914
  },
  "global_mov": [
    269.39862880529864,
    137.91934185010695
  ]
}