{
  "1": {
    "class_id": 1,
    "centroid": [
      278.1751708984375,
      156.47854614257812
    ],
    "length": [
      131.87210083007812,
      194.95697021484375
    ],
    "angle": 89.32756805419922
  },
  "2": {
    "class_id": 2,
    "centroid": [
      281.8568115234375,
      156.63607788085938
    ],
    "length": [
      94.41535186767578,
      129.86221313476562
    ],
    "angle": 81.24859619140625
  },
  "global_mov": [
    285.759577778371,
    150.1148693360078
  ]
}