{
  "1": {
    "class_id": 1,
    "centroid": [
      283.83660888671875,
      169.73387145996094
    ],
    "length": [
      139.46319580078125,
      209.525146484375
    ],
    "angle": 94.19254302978516
  },
  "2": {
    "class_id": 2,
    "centroid": [
      286.6701965332031,
      169.59515380859375
    ],
    "length": [
      93.94217681884766,
      131.6644744873047
    ],
    "angle": 94.36006164550781
  },
  "global_mov": [
    249.24533518798867,
    120.36179426040223
  ]
}