{
  "1": {
    "class_id": 1,
    "centroid": [
      284.87841796875,
      154.10923767089844
    ],
    "length": [
      146.9496307373047,
      209.1524200439453
    ],
    "angle": 90.55172729492188
  },
  "2": {
    "class_id": 2,
    "centroid": [
      288.19195556640625,
      155.62107849121094
    ],
    "length": [
      103.30232238769531,
      134.32252502441406
    ],
    "angle": 94.55958557128906
  },
  "global_mov": [
    279.4813489730779,
    141.22850881818343
  ]
}