{
  "1": {
    "class_id": 1,
    "centroid": [
      298.914794921875,
      149.62677001953125
    ],
    "length": [
      144.79434204101562,
      224.59164428710938
    ],
    "angle": 85.97098541259766
  },
  "2": {
    "class_id": 2,
    "centroid": [
      303.70318603515625,
      150.1420135498047
    ],
    "length": [
      98.93721771240234,
      134.32945251464844
    ],
    "angle": 92.93057250976562
  },
  "global_mov": [
    266.0576813082517,
    138.54312222908516
  ]
}