{
  "1": {
    "class_id": 1,
    "centroid": [
      293.971923828125,
      147.97618103027344
    ],
    "length": [
      146.638916015625,
      206.9414520263672
    ],
    "angle": 90.69465637207031
  },
  "2": {
    "class_id": 2,
    "centroid": [
      294.21917724609375,
      149.1302947998047
    ],
    "length": [
      100.37084197998047,
      130.18417358398438
    ],
    "angle": 93.99100494384766
  },
  "global_mov": [
    274.49996364781555,
    136.31012624227978
  ]
}