{
  "1": {
    "class_id": 1,
    "centroid": [
      285.5509948730469,
      153.8977813720703
    ],
    "length": [
      146.77886962890625,
      209.5915985107422
    ],
    "angle": 90.09984588623047
  },
  "2": {
    "class_id": 2,
    "centroid": [
      289.4833984375,
      155.22178649902344
    ],
    "length": [
      102.858642578125,
      135.22402954101562
    ],
    "angle": 92.26856231689453
  },
  "global_mov": [
    264.14539982787784,
    137.58938925853312
  ]
}