{
  "1": {
    "class_id": 1,
    "centroid": [
      333.65771484375,
      161.5613250732422
    ],
    "length": [
      148.51998901367188,
      207.4534454345703
    ],
    "angle": 90.2825698852539
  },
  "2": {
    "class_id": 2,
    "centroid": [
      335.6351318359375,
      163.064208984375
    ],
    "length": [
      100.43785858154297,
      131.51744079589844
    ],
    "angle": 92.31487274169922
  },
  "global_mov": [
    266.1628745185774,
    133.38666839070174
  ]
}