{
  "1": {
    "class_id": 1,
    "centroid": [
      282.9609680175781,
      175.7775115966797
    ],
    "length": [
      140.9868927001953,
      211.2535400390625
    ],
    "angle": 93.13997650146484
  },
  "2": {
    "class_id": 2,
    "centroid": [
      286.1111755371094,
      176.26397705078125
    ],
    "length": [
      95.64768981933594,
      136.0186309814453
    ],
    "angle": 94.13648223876953
  },
  "global_mov": [
    255.12872796459237,
    134.00183536958025
  ]
}