{
  "1": {
    "class_id": 1,
    "centroid": [
      297.99761962890625,
      164.50465393066406
    ],
    "length": [
      148.7776641845703,
      212.2389678955078
    ],
    "angle": 91.19976806640625
  },
  "2": {
    "class_id": 2,
    "centroid": [
      299.13995361328125,
      166.07679748535156
    ],
    "length": [
      102.50289154052734,
      133.74282836914062
    ],
    "angle": 94.45563507080078
  },
  "global_mov": [
    268.39056079904776,
    151.55133863992074
  ]
}