{
  "1": {
    "class_id": 1,
    "centroid": [
      303.0157775878906,
      151.27586364746094
    ],
    "length": [
      144.7389373779297,
      222.48667907714844
    ],
    "angle": 85.89261627197266
  },
  "2": {
    "class_id": 2,
    "centroid": [
      306.9018859863281,
      152.23280334472656
    ],
    "length": [
      99.56986236572266,
      134.72186279296875
    ],
    "angle": 91.85248565673828
  },
  "global_mov": [
    268.5921676809673,
    141.5508749352176
  ]
}