{
  "1": {
    "class_id": 1,
    "centroid": [
      289.15771484375,
      177.27529907226562
    ],
    "length": [
      144.35317993164062,
      210.67184448242188
    ],
    "angle": 92.84368896484375
  },
  "2": {
    "class_id": 2,
    "centroid": [
      292.93255615234375,
      177.7986602783203
    ],
    "length": [
      97.05904388427734,
      133.00955200195312
    ],
    "angle": 94.37966918945312
  },
  "global_mov": [
    259.8683145719734,
    135.66923535947265
  ]
}