{
  "1": {
    "class_id": 1,
    "centroid": [
      296.6871643066406,
      164.5865936279297
    ],
    "length": [
      135.89236450195312,
      196.7566375732422
    ],
    "angle": 91.72513580322266
  },
  "2": {
    "class_id": 2,
    "centroid": [
      300.1275329589844,
      163.55447387695312
    ],
    "length": [
      103.4901351928711,
      143.7906494140625
    ],
    "angle": 89.36692810058594
  },
  "global_mov": [
    266.0739190994736,
    152.78496613090996
  ]
}