{
  "1": {
    "class_id": 1,
    "centroid": [
      284.1800231933594,
      159.01365661621094
    ],
    "length": [
      132.13275146484375,
      197.44808959960938
    ],
    "angle": 90.57083129882812
  },
  "2": {
    "class_id": 2,
    "centroid": [
      287.2439270019531,
      158.61729431152344
    ],
    "length": [
      101.32028198242188,
      138.0517578125
    ],
    "angle": 84.36378479003906
  },
  "global_mov": [
    260.6372942288081,
    145.52158129336422
  ]
}