{
  "1": {
    "class_id": 1,
    "centroid": [
      293.36431884765625,
      170.63938903808594
    ],
    "length": [
      131.899658203125,
      194.85581970214844
    ],
    "angle": 92.85067749023438
  },
  "2": {
    "class_id": 2,
    "centroid": [
      297.1333923339844,
      169.71304321289062
    ],
    "length": [
      93.47509002685547,
      138.0634765625
    ],
    "angle": 93.3924789428711
  },
  "global_mov": [
    278.25484525616116,
    145.3956437919992
  ]
}