{
  "1": {
    "class_id": 1,
    "centroid": [
      296.5809020996094,
      138.20338439941406
    ],
    "length": [
      151.35812377929688,
      212.58436584472656
    ],
    "angle": 92.71507263183594
  },
  "2": {
    "class_id": 2,
    "centroid": [
      300.7415771484375,
      138.64175415039062
    ],
    "length": [
      101.38317108154297,
      132.44754028320312
    ],
    "angle": 95.34798431396484
  },
  "global_mov": [
    271.716459049285,
    121.68464154608797
  ]
}