{
  "1": {
    "class_id": 1,
    "centroid": [
      289.5743103027344,
      152.53271484375
    ],
    "length": [
      143.7752227783203,
      206.37600708007812
    ],
    "angle": 91.3454360961914
  },
  "2": {
    "class_id": 2,
    "centroid": [
      290.4920654296875,
      153.73255920410156
    ],
    "length": [
      99.15283966064453,
      130.66073608398438
    ],
    "angle": 94.92784881591797
  },
  "global_mov": [
    269.9970635106244,
    140.148876441655
  ]
}