{
  "1": {
    "class_id": 1,
    "centroid": [
      276.9732666015625,
      140.2425537109375
    ],
    "length": [
      144.71896362304688,
      203.33984375
    ],
    "angle": 92.27349090576172
  },
  "2": {
    "class_id": 2,
    "centroid": [
      276.41351318359375,
      140.76473999023438
    ],
    "length": [
      96.36705780029297,
      128.94338989257812
    ],
    "angle": 94.01883697509766
  },
  "global_mov": [
    253.84554805840708,
    118.71479289809899
  ]
}