{
  "1": {
    "class_id": 1,
    "centroid": [
      281.3583068847656,
      150.3914794921875
    ],
    "length": [
      134.8452606201172,
      194.14413452148438
    ],
    "angle": 88.7389907836914
  },
  "2": {
    "class_id": 2,
    "centroid": [
      282.5746154785156,
      150.2518310546875
    ],
    "length": [
      102.10416412353516,
      135.31590270996094
    ],
    "angle": 86.50692749023438
  },
  "global_mov": [
    263.44311785529686,
    146.5452163584596
  ]
}