{
  "1": {
    "class_id": 1,
    "centroid": [
      295.2991027832031,
      163.1914825439453
    ],
    "length": [
      144.349609375,
      206.57057189941406
    ],
    "angle": 91.85519409179688
  },
  "2": {
    "class_id": 2,
    "centroid": [
      295.5390625,
      164.14767456054688
    ],
    "length": [
      97.6692123413086,
      129.66464233398438
    ],
    "angle": 94.20905303955078
  },
  "global_mov": [
    252.92386306368203,
    142.37079063637563
  ]
}