{
  "1": {
    "class_id": 1,
    "centroid": [
      286.392578125,
      153.62820434570312
    ],
    "length": [
      142.3970184326172,
      211.53404235839844
    ],
    "angle": 91.1327133178711
  },
  "2": {
    "class_id": 2,
    "centroid": [
      291.11016845703125,
      154.93359375
    ],
    "length": [
      97.09352111816406,
      133.91107177734375
    ],
    "angle": 93.19857788085938
  },
  "global_mov": [
    268.6838997921116,
    133.2842406889804
  ]
}