{
  "1": {
    "class_id": 1,
    "centroid": [
      283.1115417480469,
      181.44174194335938
    ],
    "length": [
      140.15704345703125,
      210.36512756347656
    ],
    "angle": 93.99088287353516
  },
  "2": {
    "class_id": 2,
    "centroid": [
      286.1424255371094,
      182.13099670410156
    ],
    "length": [
      95.51716613769531,
      135.89671325683594
    ],
    "angle": 95.25817108154297
  },
  "global_mov": [
    257.5009154402811,
    137.04738457984436
  ]
}