{
  "1": {
    "class_id": 1,
    "centroid": [
      297.53240966796875,
      117.64732360839844
    ],
    "length": [
      135.6413116455078,
      195.34735107421875
    ],
    "angle": 88.12615966796875
  },
  "2": {
    "class_id": 2,
    "centroid": [
      296.141845703125,
      114.3742904663086
    ],
    "length": [
      96.51032257080078,
      124.15775299072266
    ],
    "angle": 87.28057098388672
  },
  "global_mov": [
    264.64220832578354,
    120.95158631795498
  ]
}