{
  "1": {
    "class_id": 1,
    "centroid": [
      282.8779602050781,
      161.98377990722656
    ],
    "length": [
      132.6173858642578,
      196.9176483154297
    ],
    "angle": 91.46035766601562
  },
  "2": {
    "class_id": 2,
    "centroid": [
      285.7176818847656,
      161.67247009277344
    ],
    "length": [
      100.49935913085938,
      138.734619140625
    ],
    "angle": 85.87861633300781
  },
  "global_mov": [
    259.0562625660636,
    146.39093082748343
  ]
}