{
  "1": {
    "class_id": 1,
    "centroid": [
      300.2745361328125,
      149.9803009033203
    ],
    "length": [
      150.35751342773438,
      213.3557586669922
    ],
    "angle": 91.34591674804688
  },
  "2": {
    "class_id": 2,
    "centroid": [
      304.7953186035156,
      151.24288940429688
    ],
    "length": [
      100.4645004272461,
      134.054931640625
    ],
    "angle": 92.78768920898438
  },
  "global_mov": [
    260.02013586564465,
    138.89972171817564
  ],
  "4": {
    "class_id": "slit knife",
    "tip": [
      256.60647838332983,
      216.59671073090584
    ],
    "length": 120.18118286132812,
    "angle": 45.46581268310547
  }
}