{
  "1": {
    "class_id": 1,
    "centroid": [
      289.10894775390625,
      156.7593536376953
    ],
    "length": [
      145.4417724609375,
      211.80194091796875
    ],
    "angle": 92.84323120117188
  },
  "2": {
    "class_id": 2,
    "centroid": [
      293.65301513671875,
      157.3892364501953
    ],
    "length": [
      100.48780059814453,
      132.63827514648438
    ],
    "angle": 94.50769805908203
  },
  "global_mov": [
    272.7410821973562,
    133.3726480924444
  ]
}