{
  "1": {
    "class_id": 1,
    "centroid": [
      291.9239807128906,
      157.30062866210938
    ],
    "length": [
      150.65728759765625,
      215.32101440429688
    ],
    "angle": 91.41290283203125
  },
  "2": {
    "class_id": 2,
    "centroid": [
      296.5551452636719,
      156.7466583251953
    ],
    "length": [
      100.61368560791016,
      130.28758239746094
    ],
    "angle": 93.14820098876953
  },
  "global_mov": [
    259.0413086821139,
    136.28680798164268
  ]
}