{
  "1": {
    "class_id": 1,
    "centroid": [
      278.2103576660156,
      181.98512268066406
    ],
    "length": [
      143.4039306640625,
      212.3094024658203
    ],
    "angle": 92.93421173095703
  },
  "2": {
    "class_id": 2,
    "centroid": [
      282.5187683105469,
      181.008056640625
    ],
    "length": [
      95.30345153808594,
      133.98159790039062
    ],
    "angle": 93.80252075195312
  },
  "global_mov": [
    257.4699605988587,
    139.32356638149574
  ]
}