{
  "1": {
    "class_id": 1,
    "centroid": [
      289.6011657714844,
      170.50526428222656
    ],
    "length": [
      149.88600158691406,
      211.51272583007812
    ],
    "angle": 91.51140594482422
  },
  "2": {
    "class_id": 2,
    "centroid": [
      290.7139587402344,
      172.52304077148438
    ],
    "length": [
      102.15560150146484,
      133.80348205566406
    ],
    "angle": 93.65332794189453
  },
  "global_mov": [
    243.73568336797157,
    144.78349462867493
  ]
}