{
  "1": {
    "class_id": 1,
    "centroid": [
      276.85809326171875,
      148.75660705566406
    ],
    "length": [
      135.39300537109375,
      196.36598205566406
    ],
    "angle": 89.65071105957031
  },
  "2": {
    "class_id": 2,
    "centroid": [
      280.1780090332031,
      148.26695251464844
    ],
    "length": [
      102.2746353149414,
      139.9034423828125
    ],
    "angle": 85.67133331298828
  },
  "global_mov": [
    256.23661240670384,
    141.52679951402504
  ]
}