{
  "1": {
    "class_id": 1,
    "centroid": [
      301.5027770996094,
      154.3426513671875
    ],
    "length": [
      147.1396026611328,
      212.2730255126953
    ],
    "angle": 92.37786102294922
  },
  "2": {
    "class_id": 2,
    "centroid": [
      304.4205017089844,
      154.41554260253906
    ],
    "length": [
      100.99417877197266,
      136.19436645507812
    ],
    "angle": 92.95681762695312
  },
  "global_mov": [
    270.8569124473461,
    129.0284829783545
  ]
}