{
  "1": {
    "class_id": 1,
    "centroid": [
      310.29437255859375,
      147.83248901367188
    ],
    "length": [
      146.119384765625,
      208.2502899169922
    ],
    "angle": 89.22234344482422
  },
  "2": {
    "class_id": 2,
    "centroid": [
      310.37237548828125,
      149.1624755859375
    ],
    "length": [
      99.18081665039062,
      130.7724609375
    ],
    "angle": 92.87464141845703
  },
  "global_mov": [
    254.69052736455947,
    137.32919721858045
  ]
}