{
  "1": {
    "class_id": 1,
    "centroid": [
      298.7876892089844,
      148.3115997314453
    ],
    "length": [
      145.56158447265625,
      206.1658172607422
    ],
    "angle": 91.3741226196289
  },
  "2": {
    "class_id": 2,
    "centroid": [
      299.34881591796875,
      149.57339477539062
    ],
    "length": [
      98.9834976196289,
      131.6558380126953
    ],
    "angle": 94.27381896972656
  },
  "global_mov": [
    272.5900112940952,
    137.7884121512831
  ]
}