{
  "1": {
    "class_id": 1,
    "centroid": [
      283.2333068847656,
      181.36416625976562
    ],
    "length": [
      142.820068359375,
      211.09840393066406
    ],
    "angle": 93.0087890625
  },
  "2": {
    "class_id": 2,
    "centroid": [
      286.5466003417969,
      181.75389099121094
    ],
    "length": [
      95.98438262939453,
      135.13270568847656
    ],
    "angle": 93.60408782958984
  },
  "global_mov": [
    261.35317099989686,
    137.90172581791288
  ]
}