{
  "1": {
    "class_id": 1,
    "centroid": [
      246.63113403320312,
      131.22747802734375
    ],
    "length": [
      137.47776794433594,
      194.77809143066406
    ],
    "angle": 87.84571838378906
  },
  "2": {
    "class_id": 2,
    "centroid": [
      252.3829345703125,
      133.99807739257812
    ],
    "length": [
      102.49576568603516,
      132.17822265625
    ],
    "angle": 91.72265625
  },
  "global_mov": [
    244.20436789894998,
    131.0179810548974
  ]
}