{
  "1": {
    "class_id": 1,
    "centroid": [
      264.52154541015625,
      161.19247436523438
    ],
    "length": [
      146.0538787841797,
      209.65087890625
    ],
    "angle": 92.51206970214844
  },
  "2": {
    "class_id": 2,
    "centroid": [
      268.38922119140625,
      161.75869750976562
    ],
    "length": [
      99.8170394897461,
      131.740966796875
    ],
    "angle": 94.14529418945312
  },
  "global_mov": [
    261.48902100323204,
    137.16586214909435
  ]
}