{
  "1": {
    "class_id": 1,
    "centroid": [
      288.17822265625,
      157.31434631347656
    ],
    "length": [
      144.6971893310547,
      211.4294891357422
    ],
    "angle": 92.20709228515625
  },
  "2": {
    "class_id": 2,
    "centroid": [
      292.2920227050781,
      158.12652587890625
    ],
    "length": [
      100.04126739501953,
      133.32794189453125
    ],
    "angle": 94.08647918701172
  },
  "global_mov": [
    272.62785105703216,
    133.59293639691373
  ]
}