{
  "1": {
    "class_id": 1,
    "centroid": [
      295.9646911621094,
      148.4872589111328
    ],
    "length": [
      145.17022705078125,
      205.44557189941406
    ],
    "angle": 91.16207122802734
  },
  "2": {
    "class_id": 2,
    "centroid": [
      296.5125732421875,
      149.44728088378906
    ],
    "length": [
      99.02165222167969,
      129.55728149414062
    ],
    "angle": 95.32667541503906
  },
  "global_mov": [
    272.7822278330225,
    138.24354471884644
  ]
}