{
  "1": {
    "class_id": 1,
    "centroid": [
      298.0757141113281,
      154.91920471191406
    ],
    "length": [
      150.23365783691406,
      215.68394470214844
    ],
    "angle": 90.82752227783203
  },
  "2": {
    "class_id": 2,
    "centroid": [
      303.11566162109375,
      155.2899627685547
    ],
    "length": [
      100.24178314208984,
      132.75677490234375
    ],
    "angle": 93.21414947509766
  },
  "global_mov": [
    260.24908826679626,
    136.95416913521788
  ],
  "4": {
    "class_id": "slit knife",
    "tip": [
      220.82393402922864,
      231.86730174935178
    ],
    "length": 100.48492431640625,
    "angle": 43.53120040893555
  }
}