{
  "1": {
    "class_id": 1,
    "centroid": [
      290.2011413574219,
      152.4454345703125
    ],
    "length": [
      144.26998901367188,
      206.0177001953125
    ],
    "angle": 91.2225112915039
  },
  "2": {
    "class_id": 2,
    "centroid": [
      290.46063232421875,
      153.18081665039062
    ],
    "length": [
      98.9349365234375,
      130.74449157714844
    ],
    "angle": 94.36750030517578
  },
  "global_mov": [
    265.78331261380004,
    140.27792709596034
  ]
}