{
  "1": {
    "class_id": 1,
    "centroid": [
      298.359619140625,
      158.20115661621094
    ],
    "length": [
      138.3815155029297,
      195.05393981933594
    ],
    "angle": 88.5455093383789
  },
  "2": {
    "class_id": 2,
    "centroid": [
      302.3850402832031,
      159.0639190673828
    ],
    "length": [
      102.95954895019531,
      134.49551391601562
    ],
    "angle": 92.22175598144531
  },
  "global_mov": [
    274.6677103917456,
    153.82463799785728
  ]
}