{
  "1": {
    "class_id": 1,
    "centroid": [
      307.5509033203125,
      176.3988800048828
    ],
    "length": [
      132.91354370117188,
      197.7685546875
    ],
    "angle": 90.28227233886719
  },
  "2": {
    "class_id": 2,
    "centroid": [
      310.7706298828125,
      176.76153564453125
    ],
    "length": [
      97.7830810546875,
      136.6986541748047
    ],
    "angle": 89.29766845703125
  },
  "global_mov": [
    283.3587269489113,
    154.43324956879414
  ]
}