{
  "1": {
    "class_id": 1,
    "centroid": [
      279.08697509765625,
      146.7672576904297
    ],
    "length": [
      135.60025024414062,
      193.8898468017578
    ],
    "angle": 88.3150634765625
  },
  "2": {
    "class_id": 2,
    "centroid": [
      281.2790222167969,
      146.7285919189453
    ],
    "length": [
      100.7085189819336,
      136.39181518554688
    ],
    "angle": 82.31073760986328
  },
  "global_mov": [
    262.78416413815347,
    145.4670929457828
  ]
}