{
  "1": {
    "class_id": 1,
    "centroid": [
      300.1393737792969,
      158.4187469482422
    ],
    "length": [
      146.49923706054688,
      210.7022247314453
    ],
    "angle": 90.7996826171875
  },
  "2": {
    "class_id": 2,
    "centroid": [
      304.5202941894531,
      159.04827880859375
    ],
    "length": [
      106.25498962402344,
      140.76182556152344
    ],
    "angle": 90.360107421875
  },
  "global_mov": [
    268.29578613693366,
    151.4022970898706
  ]
}