{
  "1": {
    "class_id": 1,
    "centroid": [
      294.5880432128906,
      162.86822509765625
    ],
    "length": [
      136.35781860351562,
      196.0715789794922
    ],
    "angle": 90.03814697265625
  },
  "2": {
    "class_id": 2,
    "centroid": [
      297.2309875488281,
      163.19366455078125
    ],
    "length": [
      101.94866180419922,
      132.72740173339844
    ],
    "angle": 88.94230651855469
  },
  "global_mov": [
    274.4311502735147,
    154.22014819219706
  ]
}