{
  "1": {
    "class_id": 1,
    "centroid": [
      295.6739196777344,
      148.2865753173828
    ],
    "length": [
      145.38705444335938,
      205.25086975097656
    ],
    "angle": 91.26531219482422
  },
  "2": {
    "class_id": 2,
    "centroid": [
      296.2891540527344,
      149.17332458496094
    ],
    "length": [
      99.38011169433594,
      129.44790649414062
    ],
    "angle": 94.30293273925781
  },
  "global_mov": [
    270.94316877170985,
    137.5750277758178
  ]
}