{
  "1": {
    "class_id": 1,
    "centroid": [
      291.383056640625,
      130.4207305908203
    ],
    "length": [
      151.49851989746094,
      210.3538818359375
    ],
    "angle": 89.98603057861328
  },
  "2": {
    "class_id": 2,
    "centroid": [
      294.0817565917969,
      130.9119110107422
    ],
    "length": [
      102.15682220458984,
      130.30604553222656
    ],
    "angle": 92.83618927001953
  },
  "global_mov": [
    270.3673557317364,
    128.4177571575179
  ]
}