{
  "1": {
    "class_id": 1,
    "centroid": [
      295.0843505859375,
      158.960693359375
    ],
    "length": [
      144.6092987060547,
      207.07192993164062
    ],
    "angle": 91.73644256591797
  },
  "2": {
    "class_id": 2,
    "centroid": [
      295.63470458984375,
      160.0733642578125
    ],
    "length": [
      97.72431945800781,
      128.9089813232422
    ],
    "angle": 95.29025268554688
  },
  "global_mov": [
    250.9866476051693,
    140.41838598819356
  ]
}