{
  "1": {
    "class_id": 1,
    "centroid": [
      282.7816467285156,
      149.69850158691406
    ],
    "length": [
      135.63821411132812,
      193.29421997070312
    ],
    "angle": 88.70704650878906
  },
  "2": {
    "class_id": 2,
    "centroid": [
      285.70782470703125,
      149.41265869140625
    ],
    "length": [
      99.43363189697266,
      134.47763061523438
    ],
    "angle": 82.21739196777344
  },
  "global_mov": [
    264.63065321937756,
    144.56747559176392
  ]
}