{
  "1": {
    "class_id": 1,
    "centroid": [
      283.2039794921875,
      138.41648864746094
    ],
    "length": [
      144.0847930908203,
      203.64004516601562
    ],
    "angle": 91.24801635742188
  },
  "2": {
    "class_id": 2,
    "centroid": [
      283.5639343261719,
      138.8143310546875
    ],
    "length": [
      96.88349914550781,
      129.11309814453125
    ],
    "angle": 92.48806762695312
  },
  "global_mov": [
    253.29798512162108,
    119.14812012670173
  ]
}