{
  "1": {
    "class_id": 1,
    "centroid": [
      289.4199523925781,
      150.08995056152344
    ],
    "length": [
      144.50732421875,
      205.1231689453125
    ],
    "angle": 91.92772674560547
  },
  "2": {
    "class_id": 2,
    "centroid": [
      290.2080383300781,
      151.29151916503906
    ],
    "length": [
      99.27445983886719,
      131.5620574951172
    ],
    "angle": 95.31610870361328
  },
  "global_mov": [
    271.90110666448936,
    139.93770509250498
  ]
}