{
  "1": {
    "class_id": 1,
    "centroid": [
      281.7881774902344,
      143.50697326660156
    ],
    "length": [
      136.8861846923828,
      193.4724578857422
    ],
    "angle": 91.93843078613281
  },
  "2": {
    "class_id": 2,
    "centroid": [
      282.7322082519531,
      141.98008728027344
    ],
    "length": [
      92.88935852050781,
      126.27185821533203
    ],
    "angle": 92.56600189208984
  },
  "global_mov": [
    268.0894797596479,
    132.0903002653084
  ]
}