{
  "1": {
    "class_id": 1,
    "centroid": [
      299.2852478027344,
      163.74844360351562
    ],
    "length": [
      148.2628631591797,
      212.04476928710938
    ],
    "angle": 91.17861938476562
  },
  "2": {
    "class_id": 2,
    "centroid": [
      300.99530029296875,
      165.35421752929688
    ],
    "length": [
      102.47473907470703,
      133.8246612548828
    ],
    "angle": 94.52359008789062
  },
  "global_mov": [
    266.90346052201755,
    150.23119652606846
  ]
}