{
  "1": {
    "class_id": 1,
    "centroid": [
      299.0174255371094,
      154.69140625
    ],
    "length": [
      131.7373504638672,
      193.8767547607422
    ],
    "angle": 92.76712036132812
  },
  "2": {
    "class_id": 2,
    "centroid": [
      302.53131103515625,
      152.03945922851562
    ],
    "length": [
      92.81812286376953,
      135.44078063964844
    ],
    "angle": 92.97879791259766
  },
  "global_mov": [
    275.137691080403,
    130.75611895713112
  ]
}