{
  "1": {
    "class_id": 1,
    "centroid": [
      260.88623046875,
      162.61651611328125
    ],
    "length": [
      128.13137817382812,
      191.2502899169922
    ],
    "angle": 94.94624328613281
  },
  "2": {
    "class_id": 2,
    "centroid": [
      266.6980895996094,
      163.15869140625
    ],
    "length": [
      94.91649627685547,
      132.2074737548828
    ],
    "angle": 93.02293395996094
  },
  "global_mov": [
    258.687873755315,
    144.67022916741846
  ]
}