{
  "1": {
    "class_id": 1,
    "centroid": [
      294.61444091796875,
      161.63795471191406
    ],
    "length": [
      137.38037109375,
      197.22219848632812
    ],
    "angle": 91.85175323486328
  },
  "2": {
    "class_id": 2,
    "centroid": [
      297.0721130371094,
      161.84185791015625
    ],
    "length": [
      98.64664459228516,
      131.07554626464844
    ],
    "angle": 87.7496566772461
  },
  "global_mov": [
    265.40708449033883,
    150.05691834878016
  ]
}