{
  "1": {
    "class_id": 1,
    "centroid": [
      299.3788146972656,
      148.13955688476562
    ],
    "length": [
      145.11265563964844,
      206.3971710205078
    ],
    "angle": 91.12930297851562
  },
  "2": {
    "class_id": 2,
    "centroid": [
      300.3232421875,
      149.04812622070312
    ],
    "length": [
      99.20048522949219,
      131.62933349609375
    ],
    "angle": 94.86924743652344
  },
  "global_mov": [
    272.2002002829976,
    137.38582247125422
  ]
}