{
  "1": {
    "class_id": 1,
    "centroid": [
      297.89312744140625,
      148.39585876464844
    ],
    "length": [
      145.55032348632812,
      207.1036376953125
    ],
    "angle": 91.30146026611328
  },
  "2": {
    "class_id": 2,
    "centroid": [
      298.7220764160156,
      149.31802368164062
    ],
    "length": [
      99.43370056152344,
      132.17300415039062
    ],
    "angle": 94.31721496582031
  },
  "global_mov": [
    273.61612255968913,
    138.11491435168787
  ]
}