{
  "1": {
    "class_id": 1,
    "centroid": [
      296.059814453125,
      136.89187622070312
    ],
    "length": [
      151.4468994140625,
      212.49044799804688
    ],
    "angle": 92.73543548583984
  },
  "2": {
    "class_id": 2,
    "centroid": [
      300.273681640625,
      136.52891540527344
    ],
    "length": [
      100.84890747070312,
      132.4879608154297
    ],
    "angle": 95.59058380126953
  },
  "global_mov": [
    271.9722148272762,
    123.24297889644107
  ]
}