{
  "1": {
    "class_id": 1,
    "centroid": [
      300.7430725097656,
      165.27337646484375
    ],
    "length": [
      149.0982208251953,
      211.7891082763672
    ],
    "angle": 91.15641784667969
  },
  "2": {
    "class_id": 2,
    "centroid": [
      302.34234619140625,
      167.0323944091797
    ],
    "length": [
      102.06441497802734,
      133.93429565429688
    ],
    "angle": 94.2757568359375
  },
  "global_mov": [
    269.3057650687156,
    149.87584492841515
  ]
}