{
  "1": {
    "class_id": 1,
    "centroid": [
      293.1908264160156,
      165.96673583984375
    ],
    "length": [
      135.45794677734375,
      197.3184051513672
    ],
    "angle": 91.52108764648438
  },
  "2": {
    "class_id": 2,
    "centroid": [
      297.454833984375,
      164.88877868652344
    ],
    "length": [
      99.72068786621094,
      135.32662963867188
    ],
    "angle": 89.29257202148438
  },
  "global_mov": [
    265.2889490224637,
    151.4831307244429
  ]
}