{
  "1": {
    "class_id": 1,
    "centroid": [
      306.8263244628906,
      145.6562042236328
    ],
    "length": [
      139.74667358398438,
      202.18057250976562
    ],
    "angle": 91.02896881103516
  },
  "2": {
    "class_id": 2,
    "centroid": [
      311.19744873046875,
      146.7196044921875
    ],
    "length": [
      100.81670379638672,
      134.45692443847656
    ],
    "angle": 91.7315673828125
  },
  "global_mov": [
    258.9498316832849,
    137.12494462487908
  ],
  "4": {
    "class_id": "slit knife",
    "tip": [
      295.81276042946973,
      175.7830275346736
    ],
    "length": 172.5568084716797,
    "angle": 46.067501068115234
  }
}