{
  "1": {
    "class_id": 1,
    "centroid": [
      284.69012451171875,
      143.697021484375
    ],
    "length": [
      134.185302734375,
      193.67828369140625
    ],
    "angle": 87.7044906616211
  },
  "2": {
    "class_id": 2,
    "centroid": [
      290.4613952636719,
      142.2440185546875
    ],
    "length": [
      94.51329040527344,
      133.736083984375
    ],
    "angle": 87.9708480834961
  },
  "global_mov": [
    272.25530869814185,
    136.06836401997307
  ]
}