{
  "1": {
    "class_id": 1,
    "centroid": [
      298.576171875,
      141.39453125
    ],
    "length": [
      148.02235412597656,
      207.02127075195312
    ],
    "angle": 90.06405639648438
  },
  "2": {
    "class_id": 2,
    "centroid": [
      302.8890075683594,
      143.153564453125
    ],
    "length": [
      103.94881439208984,
      134.1675567626953
    ],
    "angle": 94.08805847167969
  },
  "global_mov": [
    277.4891610324488,
    132.10002099468244
  ]
}