{
  "1": {
    "class_id": 1,
    "centroid": [
      299.7537841796875,
      159.09149169921875
    ],
    "length": [
      151.3128662109375,
      210.7658233642578
    ],
    "angle": 90.3372573852539
  },
  "2": {
    "class_id": 2,
    "centroid": [
      301.5444030761719,
      160.114013671875
    ],
    "length": [
      101.17819213867188,
      133.32481384277344
    ],
    "angle": 93.34545135498047
  },
  "global_mov": [
    277.6113948057603,
    153.91582829090052
  ]
}