{
  "1": {
    "class_id": 1,
    "centroid": [
      284.4783935546875,
      175.7462615966797
    ],
    "length": [
      141.06277465820312,
      210.82638549804688
    ],
    "angle": 92.91539764404297
  },
  "2": {
    "class_id": 2,
    "centroid": [
      287.7657165527344,
      176.2513885498047
    ],
    "length": [
      95.89175415039062,
      136.24212646484375
    ],
    "angle": 93.06246185302734
  },
  "global_mov": [
    255.75051822866234,
    134.29172327305795
  ]
}