{
  "1": {
    "class_id": 1,
    "centroid": [
      288.5300598144531,
      134.04791259765625
    ],
    "length": [
      134.6774444580078,
      195.06312561035156
    ],
    "angle": 89.00499725341797
  },
  "2": {
    "class_id": 2,
    "centroid": [
      289.3027038574219,
      134.02304077148438
    ],
    "length": [
      98.45606994628906,
      133.24530029296875
    ],
    "angle": 84.22652435302734
  },
  "global_mov": [
    275.17256610174496,
    130.96856359760952
  ]
}