{
  "1": {
    "class_id": 1,
    "centroid": [
      290.3929748535156,
      139.19493103027344
    ],
    "length": [
      149.96868896484375,
      212.4810791015625
    ],
    "angle": 92.03328704833984
  },
  "2": {
    "class_id": 2,
    "centroid": [
      294.6019592285156,
      140.0989990234375
    ],
    "length": [
      101.15060424804688,
      131.33587646484375
    ],
    "angle": 95.51034545898438
  },
  "global_mov": [
    270.4896204527656,
    125.179227658052
  ]
}