{
  "1": {
    "class_id": 1,
    "centroid": [
      292.06060791015625,
      140.15411376953125
    ],
    "length": [
      135.1842041015625,
      195.92063903808594
    ],
    "angle": 90.40962219238281
  },
  "2": {
    "class_id": 2,
    "centroid": [
      293.4171447753906,
      140.60142517089844
    ],
    "length": [
      97.5809555053711,
      132.8051300048828
    ],
    "angle": 95.23462677001953
  },
  "global_mov": [
    265.4633003224765,
    129.93607262065655
  ]
}