{
  "1": {
    "class_id": 1,
    "centroid": [
      293.0821533203125,
      135.2991485595703
    ],
    "length": [
      151.75973510742188,
      209.41783142089844
    ],
    "angle": 90.08016204833984
  },
  "2": {
    "class_id": 2,
    "centroid": [
      296.13189697265625,
      135.94796752929688
    ],
    "length": [
      102.44109344482422,
      129.60638427734375
    ],
    "angle": 93.66950988769531
  },
  "global_mov": [
    272.6508979979724,
    130.1744320987691
  ]
}