{
  "1": {
    "class_id": 1,
    "centroid": [
      281.11505126953125,
      184.6748809814453
    ],
    "length": [
      143.09915161132812,
      210.0374298095703
    ],
    "angle": 93.4393081665039
  },
  "2": {
    "class_id": 2,
    "centroid": [
      284.7720642089844,
      184.78506469726562
    ],
    "length": [
      95.95769500732422,
      133.64097595214844
    ],
    "angle": 93.82655334472656
  },
  "global_mov": [
    258.5102370571346,
    138.3536726056102
  ]
}