{
  "1": {
    "class_id": 1,
    "centroid": [
      321.6041259765625,
      152.06436157226562
    ],
    "length": [
      137.79608154296875,
      201.00466918945312
    ],
    "angle": 88.17469787597656
  },
  "2": {
    "class_id": 2,
    "centroid": [
      322.900390625,
      152.86703491210938
    ],
    "length": [
      103.13111114501953,
      131.279296875
    ],
    "angle": 88.0433120727539
  },
  "global_mov": [
    280.25203113712735,
    157.59113716589388
  ]
}