{
  "1": {
    "class_id": 1,
    "centroid": [
      305.5795593261719,
      149.2422332763672
    ],
    "length": [
      134.86439514160156,
      195.57232666015625
    ],
    "angle": 90.95606994628906
  },
  "2": {
    "class_id": 2,
    "centroid": [
      307.9469909667969,
      150.33810424804688
    ],
    "length": [
      98.31671905517578,
      133.26072692871094
    ],
    "angle": 93.64054870605469
  },
  "global_mov": [
    274.7559356371075,
    133.26162837337577
  ]
}