{
  "1": {
    "class_id": 1,
    "centroid": [
      299.5228576660156,
      116.5766372680664
    ],
    "length": [
      135.73594665527344,
      197.66091918945312
    ],
    "angle": 87.34378814697266
  },
  "2": {
    "class_id": 2,
    "centroid": [
      299.1343078613281,
      114.37120819091797
    ],
    "length": [
      96.49641418457031,
      122.762451171875
    ],
    "angle": 85.807373046875
  },
  "global_mov": [
    263.54590297191527,
    119.95221799295234
  ]
}