{
  "1": {
    "class_id": 1,
    "centroid": [
      268.2591857910156,
      161.9999542236328
    ],
    "length": [
      130.76910400390625,
      191.41488647460938
    ],
    "angle": 93.31488037109375
  },
  "2": {
    "class_id": 2,
    "centroid": [
      271.9201965332031,
      162.98959350585938
    ],
    "length": [
      95.62793731689453,
      128.5443572998047
    ],
    "angle": 96.64631652832031
  },
  "global_mov": [
    289.2939506605596,
    143.77488943763444
  ]
}