{
  "1": {
    "class_id": 1,
    "centroid": [
      308.4793701171875,
      151.54054260253906
    ],
    "length": [
      146.87380981445312,
      209.12942504882812
    ],
    "angle": 88.51011657714844
  },
  "2": {
    "class_id": 2,
    "centroid": [
      308.42919921875,
      153.08091735839844
    ],
    "length": [
      98.8324966430664,
      132.46685791015625
    ],
    "angle": 93.17298889160156
  },
  "global_mov": [
    268.3850295624487,
    144.31795313425172
  ]
}