{
  "1": {
    "class_id": 1,
    "centroid": [
      297.4063415527344,
      149.60203552246094
    ],
    "length": [
      145.37120056152344,
      206.12025451660156
    ],
    "angle": 91.418212890625
  },
  "2": {
    "class_id": 2,
    "centroid": [
      298.24371337890625,
      150.67564392089844
    ],
    "length": [
      98.63858795166016,
      131.70176696777344
    ],
    "angle": 95.17406463623047
  },
  "global_mov": [
    272.8224588358529,
    138.02864848894308
  ]
}