{
  "1": {
    "class_id": 1,
    "centroid": [
      280.78997802734375,
      137.4291229248047
    ],
    "length": [
      143.8878936767578,
      204.75650024414062
    ],
    "angle": 91.54963684082031
  },
  "2": {
    "class_id": 2,
    "centroid": [
      280.76849365234375,
      138.30593872070312
    ],
    "length": [
      96.00202941894531,
      130.0386962890625
    ],
    "angle": 92.98123931884766
  },
  "global_mov": [
    245.20309912982302,
    114.33619578688422
  ]
}