{
  "1": {
    "class_id": 1,
    "centroid": [
      306.12890625,
      146.2786407470703
    ],
    "length": [
      135.8326416015625,
      198.28680419921875
    ],
    "angle": 87.01791381835938
  },
  "2": {
    "class_id": 2,
    "centroid": [
      305.33343505859375,
      149.96556091308594
    ],
    "length": [
      96.25440216064453,
      126.56658935546875
    ],
    "angle": 85.9644775390625
  },
  "global_mov": [
    278.87750741974514,
    143.99350256453172
  ]
}