{
  "1": {
    "class_id": 1,
    "centroid": [
      291.0259094238281,
      157.1602783203125
    ],
    "length": [
      131.67140197753906,
      198.05799865722656
    ],
    "angle": 89.16053009033203
  },
  "2": {
    "class_id": 2,
    "centroid": [
      293.79473876953125,
      156.19898986816406
    ],
    "length": [
      96.79851531982422,
      135.93533325195312
    ],
    "angle": 82.40007019042969
  },
  "global_mov": [
    260.4827388893744,
    141.2941075782714
  ]
}