{
  "1": {
    "class_id": 1,
    "centroid": [
      244.305419921875,
      130.04795837402344
    ],
    "length": [
      146.09130859375,
      207.55517578125
    ],
    "angle": 87.38410186767578
  },
  "2": {
    "class_id": 2,
    "centroid": [
      250.6875,
      133.3316192626953
    ],
    "length": [
      102.52993774414062,
      131.4964141845703
    ],
    "angle": 91.92681121826172
  },
  "global_mov": [
    243.06111350914117,
    130.54752811658366
  ]
}