{
  "1": {
    "class_id": 1,
    "centroid": [
      291.2626037597656,
      138.15054321289062
    ],
    "length": [
      130.9353790283203,
      194.17791748046875
    ],
    "angle": 90.8644027709961
  },
  "2": {
    "class_id": 2,
    "centroid": [
      293.4315185546875,
      136.3186798095703
    ],
    "length": [
      88.5864028930664,
      131.69619750976562
    ],
    "angle": 96.84746551513672
  },
  "global_mov": [
    264.2064569531742,
    123.18029070463471
  ]
}