{
  "1": {
    "class_id": 1,
    "centroid": [
      284.0866394042969,
      140.7493438720703
    ],
    "length": [
      144.92706298828125,
      205.4430694580078
    ],
    "angle": 91.6597900390625
  },
  "2": {
    "class_id": 2,
    "centroid": [
      284.4320983886719,
      141.1367950439453
    ],
    "length": [
      96.69734191894531,
      128.8376922607422
    ],
    "angle": 92.97843170166016
  },
  "global_mov": [
    259.77064016114474,
    124.74470126021743
  ]
}