{
  "1": {
    "class_id": 1,
    "centroid": [
      301.4022521972656,
      142.57821655273438
    ],
    "length": [
      137.89132690429688,
      195.42745971679688
    ],
    "angle": 91.20626831054688
  },
  "2": {
    "class_id": 2,
    "centroid": [
      302.481689453125,
      140.30067443847656
    ],
    "length": [
      94.14575958251953,
      132.56809997558594
    ],
    "angle": 92.15560150146484
  },
  "global_mov": [
    273.732473059337,
    130.6455929327407
  ]
}