{
  "1": {
    "class_id": 1,
    "centroid": [
      294.756591796875,
      152.67599487304688
    ],
    "length": [
      146.3285675048828,
      208.17984008789062
    ],
    "angle": 90.81949615478516
  },
  "2": {
    "class_id": 2,
    "centroid": [
      295.48858642578125,
      153.5658416748047
    ],
    "length": [
      99.32347869873047,
      130.72703552246094
    ],
    "angle": 94.2592544555664
  },
  "global_mov": [
    262.1697820818105,
    142.10591281847996
  ]
}