{
  "1": {
    "class_id": 1,
    "centroid": [
      291.5092468261719,
      162.7302703857422
    ],
    "length": [
      135.3907470703125,
      195.73233032226562
    ],
    "angle": 90.47657012939453
  },
  "2": {
    "class_id": 2,
    "centroid": [
      293.49041748046875,
      163.00657653808594
    ],
    "length": [
      101.11975860595703,
      132.7542266845703
    ],
    "angle": 87.67045593261719
  },
  "global_mov": [
    273.9305344183037,
    152.29460741870375
  ]
}