{
  "1": {
    "class_id": 1,
    "centroid": [
      282.1484069824219,
      148.3612518310547
    ],
    "length": [
      135.0086669921875,
      192.55615234375
    ],
    "angle": 87.9802017211914
  },
  "2": {
    "class_id": 2,
    "centroid": [
      285.2137756347656,
      148.6668243408203
    ],
    "length": [
      97.62307739257812,
      133.95938110351562
    ],
    "angle": 80.29556274414062
  },
  "global_mov": [
    263.03043806307363,
    143.9819728589996
  ]
}