{
  "1": {
    "class_id": 1,
    "centroid": [
      309.9659423828125,
      148.33966064453125
    ],
    "length": [
      145.8438262939453,
      209.0020294189453
    ],
    "angle": 88.82076263427734
  },
  "2": {
    "class_id": 2,
    "centroid": [
      310.3739013671875,
      149.6071014404297
    ],
    "length": [
      99.25336456298828,
      131.5373992919922
    ],
    "angle": 92.2367172241211
  },
  "global_mov": [
    261.091464590481,
    135.77317753363346
  ]
}