{
  "1": {
    "class_id": 1,
    "centroid": [
      296.6634521484375,
      143.7200164794922
    ],
    "length": [
      135.44598388671875,
      194.36123657226562
    ],
    "angle": 90.03910064697266
  },
  "2": {
    "class_id": 2,
    "centroid": [
      299.3947448730469,
      143.5946807861328
    ],
    "length": [
      95.89315795898438,
      133.6005096435547
    ],
    "angle": 95.18009948730469
  },
  "global_mov": [
    270.0752235656142,
    134.82150883038514
  ]
}