{
  "1": {
    "class_id": 1,
    "centroid": [
      307.9550476074219,
      147.8966522216797
    ],
    "length": [
      135.9305419921875,
      196.15805053710938
    ],
    "angle": 90.36206817626953
  },
  "2": {
    "class_id": 2,
    "centroid": [
      309.2481994628906,
      148.9756622314453
    ],
    "length": [
      98.00076293945312,
      132.1885986328125
    ],
    "angle": 93.92767333984375
  },
  "global_mov": [
    276.61807031406016,
    133.32635498418097
  ]
}