{
  "1": {
    "class_id": 1,
    "centroid": [
      308.65838623046875,
      147.17776489257812
    ],
    "length": [
      147.30702209472656,
      215.49647521972656
    ],
    "angle": 93.02870178222656
  },
  "2": {
    "class_id": 2,
    "centroid": [
      312.33013916015625,
      149.17266845703125
    ],
    "length": [
      100.95559692382812,
      133.6432647705078
    ],
    "angle": 94.23600006103516
  },
  "global_mov": [
    260.2293515074928,
    140.2680585498539
  ],
  "4": {
    "class_id": "slit knife",
    "tip": [
      278.34309947188456,
      196.32294211015272
    ],
    "length": 146.9678955078125,
    "angle": 46.7357063293457
  }
}