{
  "1": {
    "class_id": 1,
    "centroid": [
      302.2867431640625,
      154.3353729248047
    ],
    "length": [
      149.74244689941406,
      214.57666015625
    ],
    "angle": 91.1944351196289
  },
  "2": {
    "class_id": 2,
    "centroid": [
      306.44989013671875,
      155.19569396972656
    ],
    "length": [
      100.10203552246094,
      134.53143310546875
    ],
    "angle": 93.67845153808594
  },
  "global_mov": [
    260.12331830844687,
    138.45462196518932
  ],
  "4": {
    "class_id": "slit knife",
    "tip": [
      252.00004684484972,
      222.00005996667375
    ],
    "length": 115.96551513671875,
    "angle": 45.0
  }
}