{
  "1": {
    "class_id": 1,
    "centroid": [
      299.4009704589844,
      152.01956176757812
    ],
    "length": [
      147.7895965576172,
      210.74574279785156
    ],
    "angle": 90.755859375
  },
  "2": {
    "class_id": 2,
    "centroid": [
      302.5589904785156,
      152.95582580566406
    ],
    "length": [
      102.4837417602539,
      135.60987854003906
    ],
    "angle": 94.03984069824219
  },
  "global_mov": [
    271.70762517316865,
    139.01048084852644
  ]
}