{
  "1": {
    "class_id": 1,
    "centroid": [
      335.8206481933594,
      132.16921997070312
    ],
    "length": [
      147.53709411621094,
      206.6365966796875
    ],
    "angle": 87.50535583496094
  },
  "2": {
    "class_id": 2,
    "centroid": [
      336.0659484863281,
      134.2189483642578
    ],
    "length": [
      99.64498901367188,
      130.04470825195312
    ],
    "angle": 91.08968353271484
  },
  "global_mov": [
    271.08411602817097,
    114.3997111667403
  ]
}