{
  "1": {
    "class_id": 1,
    "centroid": [
      304.2436218261719,
      149.7708740234375
    ],
    "length": [
      146.93858337402344,
      212.9962158203125
    ],
    "angle": 89.2984390258789
  },
  "2": {
    "class_id": 2,
    "centroid": [
      306.58953857421875,
      150.49440002441406
    ],
    "length": [
      97.5453872680664,
      133.44635009765625
    ],
    "angle": 94.06400299072266
  },
  "global_mov": [
    264.5972203976961,
    140.13819168543324
  ]
}