{
  "1": {
    "class_id": 1,
    "centroid": [
      280.1011047363281,
      170.61325073242188
    ],
    "length": [
      139.4836883544922,
      209.0211639404297
    ],
    "angle": 94.06198120117188
  },
  "2": {
    "class_id": 2,
    "centroid": [
      283.0490417480469,
      171.7384033203125
    ],
    "length": [
      94.18395233154297,
      134.67855834960938
    ],
    "angle": 94.96930694580078
  },
  "global_mov": [
    251.93900509473784,
    127.23969519465363
  ]
}