{
  "1": {
    "class_id": 1,
    "centroid": [
      280.4997253417969,
      184.3816680908203
    ],
    "length": [
      142.49136352539062,
      209.57313537597656
    ],
    "angle": 93.43502807617188
  },
  "2": {
    "class_id": 2,
    "centroid": [
      284.1578063964844,
      184.6719512939453
    ],
    "length": [
      95.9604721069336,
      133.60752868652344
    ],
    "angle": 94.90646362304688
  },
  "global_mov": [
    258.4600791773984,
    137.75196626405742
  ]
}