{
  "1": {
    "class_id": 1,
    "centroid": [
      277.83685302734375,
      139.47634887695312
    ],
    "length": [
      149.27694702148438,
      208.42391967773438
    ],
    "angle": 91.23863220214844
  },
  "2": {
    "class_id": 2,
    "centroid": [
      279.6338195800781,
      140.13597106933594
    ],
    "length": [
      100.99401092529297,
      132.35665893554688
    ],
    "angle": 92.70620727539062
  },
  "global_mov": [
    266.46245327040384,
    132.1554439625421
  ]
}