{
  "1": {
    "class_id": 1,
    "centroid": [
      294.0091247558594,
      150.60858154296875
    ],
    "length": [
      131.17196655273438,
      195.3553466796875
    ],
    "angle": 91.31410217285156
  },
  "2": {
    "class_id": 2,
    "centroid": [
      296.0586242675781,
      148.97535705566406
    ],
    "length": [
      91.28985595703125,
      131.02613830566406
    ],
    "angle": 94.59249877929688
  },
  "global_mov": [
    270.0014573671636,
    130.28824312786017
  ]
}