{
  "1": {
    "class_id": 1,
    "centroid": [
      262.9808349609375,
      147.1453094482422
    ],
    "length": [
      140.91282653808594,
      201.9392547607422
    ],
    "angle": 92.42252349853516
  },
  "2": {
    "class_id": 2,
    "centroid": [
      262.87396240234375,
      148.31092834472656
    ],
    "length": [
      94.84622192382812,
      126.19036865234375
    ],
    "angle": 94.07766723632812
  },
  "global_mov": [
    235.49788028559394,
    117.29948638292939
  ]
}