{
  "1": {
    "class_id": 1,
    "centroid": [
      295.9337158203125,
      164.45570373535156
    ],
    "length": [
      148.7591552734375,
      211.35655212402344
    ],
    "angle": 91.29923248291016
  },
  "2": {
    "class_id": 2,
    "centroid": [
      297.9840393066406,
      165.9852752685547
    ],
    "length": [
      102.79942321777344,
      133.54307556152344
    ],
    "angle": 93.3938980102539
  },
  "global_mov": [
    266.5581960121981,
    149.25784323902386
  ]
}