{
  "1": {
    "class_id": 1,
    "centroid": [
      300.1440124511719,
      149.38612365722656
    ],
    "length": [
      152.11024475097656,
      215.79730224609375
    ],
    "angle": 90.71711730957031
  },
  "2": {
    "class_id": 2,
    "centroid": [
      303.8290100097656,
      149.4466552734375
    ],
    "length": [
      101.81956481933594,
      135.3107452392578
    ],
    "angle": 92.55953979492188
  },
  "global_mov": [
    255.29534245406077,
    136.43534567419957
  ]
}