{
  "1": {
    "class_id": 1,
    "centroid": [
      282.9071044921875,
      180.6965789794922
    ],
    "length": [
      140.57427978515625,
      209.6168670654297
    ],
    "angle": 93.79741668701172
  },
  "2": {
    "class_id": 2,
    "centroid": [
      286.1102294921875,
      181.13760375976562
    ],
    "length": [
      94.31585693359375,
      135.79649353027344
    ],
    "angle": 94.56324768066406
  },
  "global_mov": [
    257.4777231352191,
    136.859183206016
  ]
}