{
  "1": {
    "class_id": 1,
    "centroid": [
      296.3080749511719,
      145.54278564453125
    ],
    "length": [
      134.73902893066406,
      196.51495361328125
    ],
    "angle": 90.41036224365234
  },
  "2": {
    "class_id": 2,
    "centroid": [
      293.71710205078125,
      144.65650939941406
    ],
    "length": [
      96.27891540527344,
      126.60643005371094
    ],
    "angle": 88.98125457763672
  },
  "global_mov": [
    274.35302200860156,
    133.79972490564398
  ]
}