{
  "1": {
    "class_id": 1,
    "centroid": [
      280.037353515625,
      141.5680694580078
    ],
    "length": [
      150.11077880859375,
      209.78775024414062
    ],
    "angle": 91.55125427246094
  },
  "2": {
    "class_id": 2,
    "centroid": [
      281.92864990234375,
      143.12965393066406
    ],
    "length": [
      101.96871185302734,
      132.40916442871094
    ],
    "angle": 95.39419555664062
  },
  "global_mov": [
    265.88160765056904,
    133.07854095135573
  ]
}