{
  "1": {
    "class_id": 1,
    "centroid": [
      294.08355712890625,
      155.1076202392578
    ],
    "length": [
      147.40382385253906,
      210.44937133789062
    ],
    "angle": 91.87980651855469
  },
  "2": {
    "class_id": 2,
    "centroid": [
      295.82391357421875,
      156.51048278808594
    ],
    "length": [
      100.80609893798828,
      130.5810546875
    ],
    "angle": 96.5530776977539
  },
  "global_mov": [
    258.2657806817438,
    133.11184247779008
  ]
}