{
  "1": {
    "class_id": 1,
    "centroid": [
      280.9432373046875,
      183.0703887939453
    ],
    "length": [
      142.4616241455078,
      210.49411010742188
    ],
    "angle": 93.23483276367188
  },
  "2": {
    "class_id": 2,
    "centroid": [
      284.097412109375,
      183.1875762939453
    ],
    "length": [
      96.77058410644531,
      133.60476684570312
    ],
    "angle": 94.20315551757812
  },
  "global_mov": [
    258.0825277275489,
    137.8751469355826
  ]
}