{
  "1": {
    "class_id": 1,
    "centroid": [
      285.55157470703125,
      151.0172882080078
    ],
    "length": [
      135.6809844970703,
      194.29693603515625
    ],
    "angle": 89.27803802490234
  },
  "2": {
    "class_id": 2,
    "centroid": [
      287.1514587402344,
      150.89266967773438
    ],
    "length": [
      100.27760314941406,
      134.3426055908203
    ],
    "angle": 84.01708984375
  },
  "global_mov": [
    264.58754302220615,
    144.57613481229725
  ]
}