{
  "1": {
    "class_id": 1,
    "centroid": [
      252.18746948242188,
      160.17910766601562
    ],
    "length": [
      149.0843505859375,
      208.30508422851562
    ],
    "angle": 91.0440902709961
  },
  "2": {
    "class_id": 2,
    "centroid": [
      252.87387084960938,
      162.77706909179688
    ],
    "length": [
      101.6662368774414,
      133.2321319580078
    ],
    "angle": 93.35347747802734
  },
  "global_mov": [
    251.9231300905786,
    157.85552429115236
  ]
}