{
  "1": {
    "class_id": 1,
    "centroid": [
      280.9963073730469,
      183.6105499267578
    ],
    "length": [
      142.68112182617188,
      210.06080627441406
    ],
    "angle": 93.27783203125
  },
  "2": {
    "class_id": 2,
    "centroid": [
      284.24505615234375,
      183.7899627685547
    ],
    "length": [
      96.19092559814453,
      134.4629364013672
    ],
    "angle": 93.00505065917969
  },
  "global_mov": [
    259.2571100349221,
    137.5153373854773
  ]
}