{
  "1": {
    "class_id": 1,
    "centroid": [
      303.02581787109375,
      151.2954559326172
    ],
    "length": [
      136.1593017578125,
      195.80148315429688
    ],
    "angle": 87.44302368164062
  },
  "2": {
    "class_id": 2,
    "centroid": [
      301.863037109375,
      153.4894256591797
    ],
    "length": [
      101.10371398925781,
      125.37309265136719
    ],
    "angle": 83.1686782836914
  },
  "global_mov": [
    276.55586199795425,
    147.47657331184527
  ]
}