{
  "1": {
    "class_id": 1,
    "centroid": [
      289.024169921875,
      150.52667236328125
    ],
    "length": [
      145.1352996826172,
      205.81314086914062
    ],
    "angle": 91.60270690917969
  },
  "2": {
    "class_id": 2,
    "centroid": [
      289.6911926269531,
      151.61021423339844
    ],
    "length": [
      99.32592010498047,
      131.0739288330078
    ],
    "angle": 94.87503814697266
  },
  "global_mov": [
    256.9611238323176,
    135.52002939001252
  ]
}