{
  "1": {
    "class_id": 1,
    "centroid": [
      289.638427734375,
      152.32363891601562
    ],
    "length": [
      137.91893005371094,
      196.2815399169922
    ],
    "angle": 89.50532531738281
  },
  "2": {
    "class_id": 2,
    "centroid": [
      292.9654541015625,
      152.70526123046875
    ],
    "length": [
      101.94258880615234,
      135.26963806152344
    ],
    "angle": 90.27625274658203
  },
  "global_mov": [
    269.99846475192555,
    146.48014162381642
  ]
}