{
  "1": {
    "class_id": 1,
    "centroid": [
      295.8575134277344,
      161.14501953125
    ],
    "length": [
      136.684814453125,
      196.2303466796875
    ],
    "angle": 89.15645599365234
  },
  "2": {
    "class_id": 2,
    "centroid": [
      298.8107604980469,
      162.2644500732422
    ],
    "length": [
      103.06639099121094,
      133.09542846679688
    ],
    "angle": 91.2276611328125
  },
  "global_mov": [
    274.4742437680866,
    154.4006116028902
  ]
}