{
  "1": {
    "class_id": 1,
    "centroid": [
      276.7060852050781,
      134.0166778564453
    ],
    "length": [
      150.10671997070312,
      207.866943359375
    ],
    "angle": 90.36489868164062
  },
  "2": {
    "class_id": 2,
    "centroid": [
      278.7224426269531,
      134.66700744628906
    ],
    "length": [
      101.50595092773438,
      131.69447326660156
    ],
    "angle": 94.08744812011719
  },
  "global_mov": [
    266.25722445474054,
    130.1746925152806
  ]
}