{
  "1": {
    "class_id": 1,
    "centroid": [
      298.8757629394531,
      152.46563720703125
    ],
    "length": [
      150.42555236816406,
      215.15736389160156
    ],
    "angle": 90.7398681640625
  },
  "2": {
    "class_id": 2,
    "centroid": [
      304.0821228027344,
      153.3413848876953
    ],
    "length": [
      99.65560913085938,
      133.8092041015625
    ],
    "angle": 92.37308502197266
  },
  "global_mov": [
    259.13778264811793,
    136.5466367131754
  ],
  "4": {
    "class_id": "slit knife",
    "tip": [
      244.18301226111706,
      237.27095365309413
    ],
    "length": 122.8216781616211,
    "angle": 30.343250274658203
  }
}