{
  "1": {
    "class_id": 1,
    "centroid": [
      300.86236572265625,
      157.51902770996094
    ],
    "length": [
      146.6943359375,
      211.1798095703125
    ],
    "angle": 90.93916320800781
  },
  "2": {
    "class_id": 2,
    "centroid": [
      305.3722229003906,
      158.1945343017578
    ],
    "length": [
      107.29108428955078,
      140.19056701660156
    ],
    "angle": 90.66694641113281
  },
  "global_mov": [
    267.872218742943,
    150.54310025382895
  ]
}