{
  "1": {
    "class_id": 1,
    "centroid": [
      302.0839538574219,
      143.179443359375
    ],
    "length": [
      145.84408569335938,
      208.58287048339844
    ],
    "angle": 90.06986236572266
  },
  "2": {
    "class_id": 2,
    "centroid": [
      305.2659912109375,
      144.69613647460938
    ],
    "length": [
      100.22774505615234,
      134.4483642578125
    ],
    "angle": 92.29057312011719
  },
  "global_mov": [
    279.45774751948653,
    133.2153813681101
  ]
}