{
  "1": {
    "class_id": 1,
    "centroid": [
      289.7840576171875,
      178.01132202148438
    ],
    "length": [
      140.50729370117188,
      212.23135375976562
    ],
    "angle": 93.24337005615234
  },
  "2": {
    "class_id": 2,
    "centroid": [
      293.3646240234375,
      180.05020141601562
    ],
    "length": [
      97.01190185546875,
      134.78428649902344
    ],
    "angle": 94.94336700439453
  },
  "global_mov": [
    257.1527747021351,
    138.42199271283013
  ]
}