{
  "1": {
    "class_id": 1,
    "centroid": [
      279.0673828125,
      137.89268493652344
    ],
    "length": [
      136.3767547607422,
      194.55799865722656
    ],
    "angle": 88.83379364013672
  },
  "2": {
    "class_id": 2,
    "centroid": [
      279.5909118652344,
      138.9595489501953
    ],
    "length": [
      98.51265716552734,
      130.19314575195312
    ],
    "angle": 88.7956771850586
  },
  "global_mov": [
    264.6509117638347,
    129.7269114560647
  ]
}