{
  "1": {
    "class_id": 1,
    "centroid": [
      299.0982666015625,
      153.78684997558594
    ],
    "length": [
      132.48602294921875,
      193.04684448242188
    ],
    "angle": 92.57219696044922
  },
  "2": {
    "class_id": 2,
    "centroid": [
      301.8650207519531,
      150.94183349609375
    ],
    "length": [
      92.2435302734375,
      137.09344482421875
    ],
    "angle": 91.0893325805664
  },
  "global_mov": [
    273.68969885398525,
    130.60440084510046
  ]
}