{
  "1": {
    "class_id": 1,
    "centroid": [
      270.3343505859375,
      158.99903869628906
    ],
    "length": [
      144.73683166503906,
      211.0902099609375
    ],
    "angle": 92.57373046875
  },
  "2": {
    "class_id": 2,
    "centroid": [
      274.06036376953125,
      159.99917602539062
    ],
    "length": [
      99.961669921875,
      133.5579376220703
    ],
    "angle": 93.77588653564453
  },
  "global_mov": [
    264.4206585014315,
    138.20551898457032
  ]
}