{
  "1": {
    "class_id": 1,
    "centroid": [
      304.3677978515625,
      139.42947387695312
    ],
    "length": [
      136.22262573242188,
      197.6890106201172
    ],
    "angle": 87.22211456298828
  },
  "2": {
    "class_id": 2,
    "centroid": [
      303.01226806640625,
      143.34303283691406
    ],
    "length": [
      100.75997924804688,
      124.75126647949219
    ],
    "angle": 87.70001220703125
  },
  "global_mov": [
    278.97322240248803,
    147.0212702179177
  ]
}