{
  "1": {
    "class_id": 1,
    "centroid": [
      288.66607666015625,
      153.06890869140625
    ],
    "length": [
      144.81752014160156,
      206.6717529296875
    ],
    "angle": 91.06615447998047
  },
  "2": {
    "class_id": 2,
    "centroid": [
      289.6481628417969,
      154.03857421875
    ],
    "length": [
      98.62956237792969,
      131.3368682861328
    ],
    "angle": 94.62540435791016
  },
  "global_mov": [
    258.4348236110352,
    139.5502898689322
  ]
}