{
  "1": {
    "class_id": 1,
    "centroid": [
      279.703857421875,
      146.65673828125
    ],
    "length": [
      135.95025634765625,
      194.38720703125
    ],
    "angle": 88.35881805419922
  },
  "2": {
    "class_id": 2,
    "centroid": [
      281.3770751953125,
      146.497802734375
    ],
    "length": [
      100.75707244873047,
      134.3372039794922
    ],
    "angle": 82.03716278076172
  },
  "global_mov": [
    262.83657082592055,
    145.07129662793693
  ]
}