{
  "1": {
    "class_id": 1,
    "centroid": [
      299.6783447265625,
      163.7034149169922
    ],
    "length": [
      148.74664306640625,
      211.05526733398438
    ],
    "angle": 91.7546157836914
  },
  "2": {
    "class_id": 2,
    "centroid": [
      301.7583923339844,
      165.18212890625
    ],
    "length": [
      102.3326644897461,
      133.2183380126953
    ],
    "angle": 95.24983215332031
  },
  "global_mov": [
    268.01449208803757,
    151.0164369114918
  ]
}