{
  "1": {
    "class_id": 1,
    "centroid": [
      281.2333679199219,
      155.02574157714844
    ],
    "length": [
      132.8134002685547,
      193.27745056152344
    ],
    "angle": 89.47667694091797
  },
  "2": {
    "class_id": 2,
    "centroid": [
      282.4755554199219,
      156.13941955566406
    ],
    "length": [
      94.50169372558594,
      129.43296813964844
    ],
    "angle": 78.32823944091797
  },
  "global_mov": [
    284.74731386178456,
    149.25517558776139
  ]
}