{
  "1": {
    "class_id": 1,
    "centroid": [
      289.1748962402344,
      162.7076416015625
    ],
    "length": [
      149.34725952148438,
      213.4246826171875
    ],
    "angle": 91.17306518554688
  },
  "2": {
    "class_id": 2,
    "centroid": [
      293.9266357421875,
      161.9671173095703
    ],
    "length": [
      100.45702362060547,
      131.16712951660156
    ],
    "angle": 92.68079376220703
  },
  "global_mov": [
    255.04404260224774,
    137.7195020674121
  ]
}