{
  "1": {
    "class_id": 1,
    "centroid": [
      296.8721618652344,
      144.83547973632812
    ],
    "length": [
      134.81072998046875,
      196.65538024902344
    ],
    "angle": 90.01222229003906
  },
  "2": {
    "class_id": 2,
    "centroid": [
      296.19830322265625,
      143.18678283691406
    ],
    "length": [
      95.01429748535156,
      129.3673095703125
    ],
    "angle": 85.51808166503906
  },
  "global_mov": [
    273.46857122502985,
    134.12745090186024
  ]
}