{
  "1": {
    "class_id": 1,
    "centroid": [
      299.7615966796875,
      161.3271942138672
    ],
    "length": [
      146.43338012695312,
      209.77024841308594
    ],
    "angle": 91.07488250732422
  },
  "2": {
    "class_id": 2,
    "centroid": [
      303.096435546875,
      163.02740478515625
    ],
    "length": [
      101.8962631225586,
      133.6601104736328
    ],
    "angle": 94.05574035644531
  },
  "global_mov": [
    283.7118150401092,
    145.6995144282116
  ]
}