{
  "1": {
    "class_id": 1,
    "centroid": [
      296.1343078613281,
      143.0408172607422
    ],
    "length": [
      134.7336883544922,
      196.06979370117188
    ],
    "angle": 90.0062026977539
  },
  "2": {
    "class_id": 2,
    "centroid": [
      293.83734130859375,
      142.92782592773438
    ],
    "length": [
      95.26383209228516,
      124.69747161865234
    ],
    "angle": 90.30517578125
  },
  "global_mov": [
    273.2660167082402,
    132.71052501725157
  ]
}