{
  "1": {
    "class_id": 1,
    "centroid": [
      302.47760009765625,
      143.84326171875
    ],
    "length": [
      136.65020751953125,
      195.26376342773438
    ],
    "angle": 90.72059631347656
  },
  "2": {
    "class_id": 2,
    "centroid": [
      302.7874755859375,
      145.0648651123047
    ],
    "length": [
      99.89588165283203,
      131.8643035888672
    ],
    "angle": 93.01708984375
  },
  "global_mov": [
    273.44494763777544,
    132.4266049661037
  ]
}