{
  "1": {
    "class_id": 1,
    "centroid": [
      281.9468688964844,
      151.5743865966797
    ],
    "length": [
      134.7796173095703,
      193.94264221191406
    ],
    "angle": 88.55451965332031
  },
  "2": {
    "class_id": 2,
    "centroid": [
      285.51446533203125,
      151.61288452148438
    ],
    "length": [
      98.5617904663086,
      134.41160583496094
    ],
    "angle": 81.4591064453125
  },
  "global_mov": [
    263.63620571200255,
    143.8643124623912
  ]
}