{
  "1": {
    "class_id": 1,
    "centroid": [
      305.03936767578125,
      151.11192321777344
    ],
    "length": [
      138.8161163330078,
      197.7772216796875
    ],
    "angle": 88.11886596679688
  },
  "2": {
    "class_id": 2,
    "centroid": [
      308.5705871582031,
      152.54273986816406
    ],
    "length": [
      102.14961242675781,
      135.2266845703125
    ],
    "angle": 92.1387710571289
  },
  "global_mov": [
    274.2186380201084,
    151.90825912405307
  ]
}