{
  "1": {
    "class_id": 1,
    "centroid": [
      279.6665344238281,
      152.2487335205078
    ],
    "length": [
      133.75144958496094,
      195.96519470214844
    ],
    "angle": 91.541748046875
  },
  "2": {
    "class_id": 2,
    "centroid": [
      280.3586120605469,
      151.677978515625
    ],
    "length": [
      95.26433563232422,
      129.11134338378906
    ],
    "angle": 85.67988586425781
  },
  "global_mov": [
    265.05431981443826,
    133.2799452903263
  ]
}