{
  "1": {
    "class_id": 1,
    "centroid": [
      301.8768005371094,
      153.25079345703125
    ],
    "length": [
      149.1920166015625,
      214.07791137695312
    ],
    "angle": 90.74849700927734
  },
  "2": {
    "class_id": 2,
    "centroid": [
      306.6407775878906,
      154.33642578125
    ],
    "length": [
      100.55081939697266,
      133.74441528320312
    ],
    "angle": 93.86393737792969
  },
  "global_mov": [
    262.1238365802011,
    139.99884252752497
  ],
  "4": {
    "class_id": "slit knife",
    "tip": [
      250.73021125053535,
      222.74060947564772
    ],
    "length": 111.61822509765625,
    "angle": 46.12330627441406
  }
}