{
  "1": {
    "class_id": 1,
    "centroid": [
      296.1971740722656,
      146.899169921875
    ],
    "length": [
      151.98634338378906,
      209.91758728027344
    ],
    "angle": 89.97566223144531
  },
  "2": {
    "class_id": 2,
    "centroid": [
      298.1769104003906,
      147.61485290527344
    ],
    "length": [
      102.4991683959961,
      131.94544982910156
    ],
    "angle": 93.58039855957031
  },
  "global_mov": [
    275.0828350092592,
    138.29363862459581
  ]
}