{
  "1": {
    "class_id": 1,
    "centroid": [
      302.1643371582031,
      151.03125
    ],
    "length": [
      150.42340087890625,
      213.89788818359375
    ],
    "angle": 91.14463806152344
  },
  "2": {
    "class_id": 2,
    "centroid": [
      306.67962646484375,
      152.21946716308594
    ],
    "length": [
      100.43161010742188,
      134.55435180664062
    ],
    "angle": 94.334228515625
  },
  "global_mov": [
    260.7837767368685,
    139.37729459181796
  ],
  "4": {
    "class_id": "slit knife",
    "tip": [
      255.65394741888258,
      220.6625909397701
    ],
    "length": 113.79032897949219,
    "angle": 45.725223541259766
  }
}