{
  "1": {
    "class_id": 1,
    "centroid": [
      281.04638671875,
      140.54534912109375
    ],
    "length": [
      144.7059326171875,
      204.52328491210938
    ],
    "angle": 92.66323852539062
  },
  "2": {
    "class_id": 2,
    "centroid": [
      280.864990234375,
      141.00091552734375
    ],
    "length": [
      96.16035461425781,
      129.91111755371094
    ],
    "angle": 92.59172058105469
  },
  "global_mov": [
    253.9937802590041,
    115.16535825321041
  ]
}