{
  "1": {
    "class_id": 1,
    "centroid": [
      289.2073059082031,
      156.50596618652344
    ],
    "length": [
      144.45425415039062,
      212.05877685546875
    ],
    "angle": 92.1768798828125
  },
  "2": {
    "class_id": 2,
    "centroid": [
      294.1374816894531,
      157.89358520507812
    ],
    "length": [
      100.87391662597656,
      132.40248107910156
    ],
    "angle": 95.81619262695312
  },
  "global_mov": [
    270.4163637637082,
    132.28204551096272
  ]
}