{
  "1": {
    "class_id": 1,
    "centroid": [
      283.75506591796875,
      183.83851623535156
    ],
    "length": [
      142.3083953857422,
      210.76780700683594
    ],
    "angle": 92.8817367553711
  },
  "2": {
    "class_id": 2,
    "centroid": [
      287.13201904296875,
      184.1009521484375
    ],
    "length": [
      96.04486846923828,
      133.8842010498047
    ],
    "angle": 93.45438385009766
  },
  "global_mov": [
    258.6897863382665,
    137.86512513581832
  ]
}