{
  "1": {
    "class_id": 1,
    "centroid": [
      227.727294921875,
      128.25242614746094
    ],
    "length": [
      137.24029541015625,
      195.76626586914062
    ],
    "angle": 90.0142593383789
  },
  "2": {
    "class_id": 2,
    "centroid": [
      232.63241577148438,
      129.76260375976562
    ],
    "length": [
      100.8272933959961,
      127.62823486328125
    ],
    "angle": 87.712646484375
  },
  "global_mov": [
    229.16756971933333,
    129.22530478497734
  ]
}