{
  "1": {
    "class_id": 1,
    "centroid": [
      301.32440185546875,
      149.4058837890625
    ],
    "length": [
      136.0048370361328,
      195.71255493164062
    ],
    "angle": 87.17182922363281
  },
  "2": {
    "class_id": 2,
    "centroid": [
      300.0716552734375,
      153.1464385986328
    ],
    "length": [
      99.32898712158203,
      125.80889129638672
    ],
    "angle": 86.92292022705078
  },
  "global_mov": [
    273.88895575448737,
    148.43464935860666
  ]
}