{
  "1": {
    "class_id": 1,
    "centroid": [
      300.5157470703125,
      153.1697235107422
    ],
    "length": [
      132.67190551757812,
      194.85975646972656
    ],
    "angle": 91.6948013305664
  },
  "2": {
    "class_id": 2,
    "centroid": [
      301.06939697265625,
      151.00094604492188
    ],
    "length": [
      90.84722900390625,
      135.4565887451172
    ],
    "angle": 89.3849105834961
  },
  "global_mov": [
    273.51993305418233,
    130.4651484797092
  ]
}