{
  "1": {
    "class_id": 1,
    "centroid": [
      283.74017333984375,
      179.2472381591797
    ],
    "length": [
      143.57330322265625,
      211.1377716064453
    ],
    "angle": 92.79531860351562
  },
  "2": {
    "class_id": 2,
    "centroid": [
      287.5720520019531,
      179.38616943359375
    ],
    "length": [
      97.50312042236328,
      134.37860107421875
    ],
    "angle": 93.44563293457031
  },
  "global_mov": [
    259.72595942972356,
    135.6460203011142
  ]
}