{
  "1": {
    "class_id": 1,
    "centroid": [
      293.08135986328125,
      129.46762084960938
    ],
    "length": [
      146.33901977539062,
      208.23341369628906
    ],
    "angle": 90.53990173339844
  },
  "2": {
    "class_id": 2,
    "centroid": [
      294.4367980957031,
      128.94088745117188
    ],
    "length": [
      96.68333435058594,
      124.9556655883789
    ],
    "angle": 94.60858917236328
  },
  "global_mov": [
    263.01361236615486,
    120.1231287056108
  ]
}