{
  "1": {
    "class_id": 1,
    "centroid": [
      291.6037292480469,
      141.00294494628906
    ],
    "length": [
      130.79180908203125,
      195.228271484375
    ],
    "angle": 91.07772064208984
  },
  "2": {
    "class_id": 2,
    "centroid": [
      292.43914794921875,
      141.65957641601562
    ],
    "length": [
      93.34585571289062,
      129.6946563720703
    ],
    "angle": 92.56111907958984
  },
  "global_mov": [
    261.31167769041485,
    125.75046846910504
  ]
}