{
  "1": {
    "class_id": 1,
    "centroid": [
      270.0645751953125,
      160.6191864013672
    ],
    "length": [
      145.2286834716797,
      209.7158660888672
    ],
    "angle": 93.80558013916016
  },
  "2": {
    "class_id": 2,
    "centroid": [
      273.46551513671875,
      161.32997131347656
    ],
    "length": [
      98.72908020019531,
      133.34994506835938
    ],
    "angle": 94.999267578125
  },
  "global_mov": [
    250.88028044860414,
    135.6179437462522
  ]
}