{
  "1": {
    "class_id": 1,
    "centroid": [
      282.66265869140625,
      147.8056640625
    ],
    "length": [
      136.16127014160156,
      195.2751922607422
    ],
    "angle": 88.0879135131836
  },
  "2": {
    "class_id": 2,
    "centroid": [
      283.7839050292969,
      147.94444274902344
    ],
    "length": [
      99.28467559814453,
      134.47283935546875
    ],
    "angle": 82.69271850585938
  },
  "global_mov": [
    263.12180130727387,
    144.1986792198535
  ]
}