{
  "1": {
    "class_id": 1,
    "centroid": [
      284.05712890625,
      131.73411560058594
    ],
    "length": [
      144.2273406982422,
      203.628173828125
    ],
    "angle": 91.47203063964844
  },
  "2": {
    "class_id": 2,
    "centroid": [
      285.2530212402344,
      132.4384307861328
    ],
    "length": [
      96.08527374267578,
      129.5123748779297
    ],
    "angle": 93.2042465209961
  },
  "global_mov": [
    259.49736086360184,
    112.6403477137484
  ]
}