{
  "1": {
    "class_id": 1,
    "centroid": [
      282.279541015625,
      153.7941436767578
    ],
    "length": [
      133.40126037597656,
      197.426025390625
    ],
    "angle": 91.38031005859375
  },
  "2": {
    "class_id": 2,
    "centroid": [
      283.17974853515625,
      153.3761749267578
    ],
    "length": [
      97.12067413330078,
      127.59028625488281
    ],
    "angle": 83.80147552490234
  },
  "global_mov": [
    264.46763729868354,
    133.3071598371204
  ]
}