{
  "1": {
    "class_id": 1,
    "centroid": [
      282.7259826660156,
      144.63697814941406
    ],
    "length": [
      145.52706909179688,
      204.9117431640625
    ],
    "angle": 91.63023376464844
  },
  "2": {
    "class_id": 2,
    "centroid": [
      283.0220947265625,
      145.13861083984375
    ],
    "length": [
      96.22355651855469,
      129.41650390625
    ],
    "angle": 92.59293365478516
  },
  "global_mov": [
    262.37610065300066,
    124.85914794760731
  ]
}