{
  "1": {
    "class_id": 1,
    "centroid": [
      291.204345703125,
      138.7374267578125
    ],
    "length": [
      130.84153747558594,
      193.93931579589844
    ],
    "angle": 91.14852142333984
  },
  "2": {
    "class_id": 2,
    "centroid": [
      292.3821716308594,
      138.77391052246094
    ],
    "length": [
      92.75582885742188,
      131.70567321777344
    ],
    "angle": 94.06554412841797
  },
  "global_mov": [
    265.36963182026216,
    122.08028493756153
  ]
}