{
  "1": {
    "class_id": 1,
    "centroid": [
      281.3973083496094,
      154.40382385253906
    ],
    "length": [
      132.57179260253906,
      192.37432861328125
    ],
    "angle": 88.58763122558594
  },
  "2": {
    "class_id": 2,
    "centroid": [
      281.089111328125,
      157.06314086914062
    ],
    "length": [
      96.6991195678711,
      128.85243225097656
    ],
    "angle": 78.46939086914062
  },
  "global_mov": [
    285.0603754109242,
    148.3622100688839
  ]
}