{
  "1": {
    "class_id": 1,
    "centroid": [
      273.0217590332031,
      137.98814392089844
    ],
    "length": [
      149.17501831054688,
      208.76199340820312
    ],
    "angle": 89.96721649169922
  },
  "2": {
    "class_id": 2,
    "centroid": [
      273.8950500488281,
      138.6554412841797
    ],
    "length": [
      102.48674774169922,
      134.60899353027344
    ],
    "angle": 94.38034057617188
  },
  "global_mov": [
    227.07083192241407,
    122.71836366868541
  ]
}