{
  "1": {
    "class_id": 1,
    "centroid": [
      295.9609375,
      164.55462646484375
    ],
    "length": [
      136.24769592285156,
      196.5342559814453
    ],
    "angle": 92.06809997558594
  },
  "2": {
    "class_id": 2,
    "centroid": [
      299.3509216308594,
      163.20909118652344
    ],
    "length": [
      103.43901062011719,
      143.0294647216797
    ],
    "angle": 88.85899353027344
  },
  "global_mov": [
    265.17187377953985,
    152.376155670309
  ]
}