{
  "1": {
    "class_id": 1,
    "centroid": [
      308.1273498535156,
      173.22825622558594
    ],
    "length": [
      135.02220153808594,
      197.17477416992188
    ],
    "angle": 90.29352569580078
  },
  "2": {
    "class_id": 2,
    "centroid": [
      311.18817138671875,
      174.16976928710938
    ],
    "length": [
      99.02389526367188,
      134.91200256347656
    ],
    "angle": 90.95833587646484
  },
  "global_mov": [
    286.7970421669944,
    156.34303703071936
  ]
}