{
  "1": {
    "class_id": 1,
    "centroid": [
      273.3220520019531,
      164.0388641357422
    ],
    "length": [
      133.661376953125,
      192.58102416992188
    ],
    "angle": 92.35619354248047
  },
  "2": {
    "class_id": 2,
    "centroid": [
      277.9977111816406,
      164.727294921875
    ],
    "length": [
      98.57363891601562,
      137.4463653564453
    ],
    "angle": 88.79402923583984
  },
  "global_mov": [
    263.9388517975331,
    146.6880422045111
  ]
}