{
  "1": {
    "class_id": 1,
    "centroid": [
      291.42901611328125,
      156.03501892089844
    ],
    "length": [
      143.4366912841797,
      206.21395874023438
    ],
    "angle": 91.6949691772461
  },
  "2": {
    "class_id": 2,
    "centroid": [
      292.4635314941406,
      157.06361389160156
    ],
    "length": [
      97.73816680908203,
      129.73960876464844
    ],
    "angle": 95.58863067626953
  },
  "global_mov": [
    257.4074694085419,
    139.83046318968545
  ]
}