{
  "1": {
    "class_id": 1,
    "centroid": [
      302.78558349609375,
      146.84010314941406
    ],
    "length": [
      136.34974670410156,
      196.4351043701172
    ],
    "angle": 87.01332092285156
  },
  "2": {
    "class_id": 2,
    "centroid": [
      301.6235046386719,
      151.36148071289062
    ],
    "length": [
      97.0687255859375,
      125.62044525146484
    ],
    "angle": 87.93387603759766
  },
  "global_mov": [
    279.58607333548315,
    144.96919208343726
  ]
}