{
  "1": {
    "class_id": 1,
    "centroid": [
      277.52532958984375,
      139.21693420410156
    ],
    "length": [
      137.75637817382812,
      197.64381408691406
    ],
    "angle": 89.69988250732422
  },
  "2": {
    "class_id": 2,
    "centroid": [
      278.09100341796875,
      140.01577758789062
    ],
    "length": [
      99.48867797851562,
      131.9496612548828
    ],
    "angle": 89.011962890625
  },
  "global_mov": [
    262.52723086251893,
    128.7960994214205
  ]
}