{
  "1": {
    "class_id": 1,
    "centroid": [
      293.4393310546875,
      150.28616333007812
    ],
    "length": [
      135.3950653076172,
      196.0
    ],
    "angle": 87.70608520507812
  },
  "2": {
    "class_id": 2,
    "centroid": [
      292.1726379394531,
      153.82276916503906
    ],
    "length": [
      97.19480895996094,
      128.06253051757812
    ],
    "angle": 89.81727600097656
  },
  "global_mov": [
    271.16449784040987,
    155.00130063784525
  ]
}