{
  "1": {
    "class_id": 1,
    "centroid": [
      286.1235656738281,
      143.0589141845703
    ],
    "length": [
      134.90521240234375,
      194.28421020507812
    ],
    "angle": 87.717529296875
  },
  "2": {
    "class_id": 2,
    "centroid": [
      292.0855712890625,
      141.62489318847656
    ],
    "length": [
      95.46219635009766,
      131.81919860839844
    ],
    "angle": 88.57441711425781
  },
  "global_mov": [
    273.426944481416,
    136.57741814807324
  ]
}