{
  "1": {
    "class_id": 1,
    "centroid": [
      302.7334289550781,
      143.3145751953125
    ],
    "length": [
      136.02072143554688,
      195.53260803222656
    ],
    "angle": 90.62322235107422
  },
  "2": {
    "class_id": 2,
    "centroid": [
      304.5982971191406,
      144.42225646972656
    ],
    "length": [
      100.2637939453125,
      132.8750457763672
    ],
    "angle": 92.16580963134766
  },
  "global_mov": [
    278.22872503434974,
    131.45041521384778
  ]
}