{
  "1": {
    "class_id": 1,
    "centroid": [
      281.571044921875,
      148.65570068359375
    ],
    "length": [
      135.86099243164062,
      193.09127807617188
    ],
    "angle": 88.47335052490234
  },
  "2": {
    "class_id": 2,
    "centroid": [
      284.368896484375,
      149.0101776123047
    ],
    "length": [
      99.83743286132812,
      132.74383544921875
    ],
    "angle": 82.63848876953125
  },
  "global_mov": [
    264.5458320408724,
    143.7026765903585
  ]
}