{
  "1": {
    "class_id": 1,
    "centroid": [
      279.44232177734375,
      182.6009063720703
    ],
    "length": [
      142.5778350830078,
      210.5294189453125
    ],
    "angle": 93.07320404052734
  },
  "2": {
    "class_id": 2,
    "centroid": [
      282.2674865722656,
      183.00936889648438
    ],
    "length": [
      96.76914978027344,
      133.9654541015625
    ],
    "angle": 93.80467987060547
  },
  "global_mov": [
    257.40954860516575,
    138.38355186340178
  ]
}