{
  "1": {
    "class_id": 1,
    "centroid": [
      268.4998779296875,
      160.20481872558594
    ],
    "length": [
      143.0777130126953,
      210.37147521972656
    ],
    "angle": 92.04949188232422
  },
  "2": {
    "class_id": 2,
    "centroid": [
      272.0013427734375,
      160.70933532714844
    ],
    "length": [
      96.91194152832031,
      131.5872039794922
    ],
    "angle": 94.33619689941406
  },
  "global_mov": [
    241.8811632838773,
    120.45520187876856
  ]
}