{
  "1": {
    "class_id": 1,
    "centroid": [
      290.11236572265625,
      149.87237548828125
    ],
    "length": [
      145.91810607910156,
      206.77999877929688
    ],
    "angle": 90.89341735839844
  },
  "2": {
    "class_id": 2,
    "centroid": [
      290.9573059082031,
      151.10630798339844
    ],
    "length": [
      99.86062622070312,
      131.45193481445312
    ],
    "angle": 93.68412017822266
  },
  "global_mov": [
    260.8535723619079,
    138.18177503272386
  ]
}