{
  "1": {
    "class_id": 1,
    "centroid": [
      305.41485595703125,
      144.45770263671875
    ],
    "length": [
      148.61410522460938,
      208.8560028076172
    ],
    "angle": 90.05857849121094
  },
  "2": {
    "class_id": 2,
    "centroid": [
      308.7591857910156,
      145.53797912597656
    ],
    "length": [
      102.60487365722656,
      135.0554962158203
    ],
    "angle": 94.6948471069336
  },
  "global_mov": [
    278.4168670357607,
    133.58945037341803
  ]
}