{
  "1": {
    "class_id": 1,
    "centroid": [
      279.3620910644531,
      183.14321899414062
    ],
    "length": [
      143.25918579101562,
      212.07545471191406
    ],
    "angle": 92.52362823486328
  },
  "2": {
    "class_id": 2,
    "centroid": [
      282.146240234375,
      183.6344757080078
    ],
    "length": [
      95.4399185180664,
      133.7838897705078
    ],
    "angle": 93.44697570800781
  },
  "global_mov": [
    257.5590661716138,
    137.0660463135944
  ]
}