{
  "1": {
    "class_id": 1,
    "centroid": [
      296.0777282714844,
      162.798583984375
    ],
    "length": [
      149.24949645996094,
      211.61488342285156
    ],
    "angle": 91.43245697021484
  },
  "2": {
    "class_id": 2,
    "centroid": [
      298.2742004394531,
      164.36199951171875
    ],
    "length": [
      102.4418716430664,
      133.13905334472656
    ],
    "angle": 94.8627700805664
  },
  "global_mov": [
    266.95510960647584,
    148.67585191192572
  ]
}