{
  "1": {
    "class_id": 1,
    "centroid": [
      274.54278564453125,
      156.40077209472656
    ],
    "length": [
      131.3724365234375,
      194.64279174804688
    ],
    "angle": 89.73825073242188
  },
  "2": {
    "class_id": 2,
    "centroid": [
      279.8172607421875,
      155.99192810058594
    ],
    "length": [
      93.78617858886719,
      127.48440551757812
    ],
    "angle": 88.69430541992188
  },
  "global_mov": [
    284.94665605193336,
    148.165214059725
  ]
}