{
  "1": {
    "class_id": 1,
    "centroid": [
      391.57440185546875,
      194.07192993164062
    ],
    "length": [
      148.0532684326172,
      214.93865966796875
    ],
    "angle": 88.55424499511719
  },
  "2": {
    "class_id": 2,
    "centroid": [
      392.3821716308594,
      196.17523193359375
    ],
    "length": [
      100.61492919921875,
      134.02450561523438
    ],
    "angle": 92.06465148925781
  },
  "global_mov": [
    276.86907779729705,
    164.66488554348703
  ]
}