{
  "1": {
    "class_id": 1,
    "centroid": [
      285.1159362792969,
      141.7426300048828
    ],
    "length": [
      145.45648193359375,
      205.09912109375
    ],
    "angle": 91.65264129638672
  },
  "2": {
    "class_id": 2,
    "centroid": [
      285.0910339355469,
      141.97227478027344
    ],
    "length": [
      95.75294494628906,
      129.3678741455078
    ],
    "angle": 92.7921142578125
  },
  "global_mov": [
    261.0622803459659,
    122.34987845678961
  ]
}