{
  "1": {
    "class_id": 1,
    "centroid": [
      282.7571105957031,
      146.5687713623047
    ],
    "length": [
      134.70030212402344,
      191.6549835205078
    ],
    "angle": 87.40328216552734
  },
  "2": {
    "class_id": 2,
    "centroid": [
      283.7466735839844,
      148.64463806152344
    ],
    "length": [
      97.16291046142578,
      125.63582611083984
    ],
    "angle": 77.69219207763672
  },
  "global_mov": [
    266.98019153266233,
    151.0564309416659
  ]
}