{
  "1": {
    "class_id": 1,
    "centroid": [
      301.9768981933594,
      148.5298309326172
    ],
    "length": [
      132.42776489257812,
      195.93667602539062
    ],
    "angle": 89.84622955322266
  },
  "2": {
    "class_id": 2,
    "centroid": [
      302.6623840332031,
      148.74285888671875
    ],
    "length": [
      93.6636734008789,
      131.1146697998047
    ],
    "angle": 90.43362426757812
  },
  "global_mov": [
    266.4996636277078,
    130.76182609890586
  ]
}