{
  "1": {
    "class_id": 1,
    "centroid": [
      293.84967041015625,
      129.9325714111328
    ],
    "length": [
      145.8668670654297,
      207.5109100341797
    ],
    "angle": 91.14849090576172
  },
  "2": {
    "class_id": 2,
    "centroid": [
      294.8401184082031,
      129.27442932128906
    ],
    "length": [
      95.90917205810547,
      125.40040588378906
    ],
    "angle": 94.27079772949219
  },
  "global_mov": [
    263.4829898721418,
    119.71089019513393
  ]
}