{
  "1": {
    "class_id": 1,
    "centroid": [
      287.5210266113281,
      152.85177612304688
    ],
    "length": [
      131.84698486328125,
      197.06446838378906
    ],
    "angle": 88.46744537353516
  },
  "2": {
    "class_id": 2,
    "centroid": [
      290.2378845214844,
      152.528076171875
    ],
    "length": [
      97.12775421142578,
      134.9179229736328
    ],
    "angle": 82.87762451171875
  },
  "global_mov": [
    259.9175787075248,
    140.57987404703815
  ]
}