{
  "1": {
    "class_id": 1,
    "centroid": [
      314.5227966308594,
      161.4976348876953
    ],
    "length": [
      136.55882263183594,
      200.13926696777344
    ],
    "angle": 88.92143249511719
  },
  "2": {
    "class_id": 2,
    "centroid": [
      317.3913269042969,
      162.2982635498047
    ],
    "length": [
      101.38076782226562,
      133.50698852539062
    ],
    "angle": 88.11359405517578
  },
  "global_mov": [
    280.5778802203532,
    147.1179134758803
  ]
}