{
  "1": {
    "class_id": 1,
    "centroid": [
      301.81988525390625,
      154.40025329589844
    ],
    "length": [
      132.92495727539062,
      195.36715698242188
    ],
    "angle": 91.714111328125
  },
  "2": {
    "class_id": 2,
    "centroid": [
      302.6563415527344,
      151.86927795410156
    ],
    "length": [
      90.48079681396484,
      131.91986083984375
    ],
    "angle": 93.09001159667969
  },
  "global_mov": [
    274.8523568396893,
    131.13812273065022
  ]
}