{
  "1": {
    "class_id": 1,
    "centroid": [
      279.04071044921875,
      178.7455596923828
    ],
    "length": [
      141.67178344726562,
      210.4833984375
    ],
    "angle": 93.39167785644531
  },
  "2": {
    "class_id": 2,
    "centroid": [
      281.7132873535156,
      179.4811248779297
    ],
    "length": [
      95.88814544677734,
      134.0110626220703
    ],
    "angle": 94.19922637939453
  },
  "global_mov": [
    252.1259853793866,
    134.15792654864103
  ]
}