{
  "1": {
    "class_id": 1,
    "centroid": [
      295.5451965332031,
      140.65576171875
    ],
    "length": [
      136.09591674804688,
      195.05784606933594
    ],
    "angle": 90.83045196533203
  },
  "2": {
    "class_id": 2,
    "centroid": [
      297.929443359375,
      141.28961181640625
    ],
    "length": [
      97.46194458007812,
      132.67279052734375
    ],
    "angle": 96.6100845336914
  },
  "global_mov": [
    267.72100771458605,
    132.4398076943797
  ]
}