{
  "1": {
    "class_id": 1,
    "centroid": [
      303.3446960449219,
      145.368408203125
    ],
    "length": [
      130.7832794189453,
      196.9034881591797
    ],
    "angle": 89.94755554199219
  },
  "2": {
    "class_id": 2,
    "centroid": [
      304.3114318847656,
      145.13851928710938
    ],
    "length": [
      90.37870025634766,
      129.59893798828125
    ],
    "angle": 90.590087890625
  },
  "global_mov": [
    269.95391897486417,
    131.706305738104
  ]
}