{
  "1": {
    "class_id": 1,
    "centroid": [
      291.9127197265625,
      129.9920654296875
    ],
    "length": [
      145.44354248046875,
      207.48126220703125
    ],
    "angle": 90.39511108398438
  },
  "2": {
    "class_id": 2,
    "centroid": [
      293.276611328125,
      129.58755493164062
    ],
    "length": [
      97.48438262939453,
      126.40814971923828
    ],
    "angle": 91.79940032958984
  },
  "global_mov": [
    262.91775853345024,
    117.62794331397556
  ]
}