{
  "1": {
    "class_id": 1,
    "centroid": [
      294.1675109863281,
      150.1943359375
    ],
    "length": [
      146.4075927734375,
      208.39231872558594
    ],
    "angle": 90.50691986083984
  },
  "2": {
    "class_id": 2,
    "centroid": [
      294.78350830078125,
      151.42794799804688
    ],
    "length": [
      99.44825744628906,
      130.44705200195312
    ],
    "angle": 94.42613220214844
  },
  "global_mov": [
    260.8324828865338,
    140.029745452914
  ]
}