{
  "1": {
    "class_id": 1,
    "centroid": [
      241.4606475830078,
      128.36172485351562
    ],
    "length": [
      136.47377014160156,
      197.19644165039062
    ],
    "angle": 87.59500122070312
  },
  "2": {
    "class_id": 2,
    "centroid": [
      246.70254516601562,
      130.8511505126953
    ],
    "length": [
      103.68793487548828,
      129.19837951660156
    ],
    "angle": 90.14188385009766
  },
  "global_mov": [
    239.7118026801712,
    128.79132177495129
  ]
}