{
  "1": {
    "class_id": 1,
    "centroid": [
      282.62786865234375,
      154.3106689453125
    ],
    "length": [
      132.88055419921875,
      197.5785369873047
    ],
    "angle": 91.21009826660156
  },
  "2": {
    "class_id": 2,
    "centroid": [
      283.1949768066406,
      154.15582275390625
    ],
    "length": [
      97.03811645507812,
      127.8572998046875
    ],
    "angle": 86.31966400146484
  },
  "global_mov": [
    264.544214714015,
    133.29564005150954
  ]
}