{
  "1": {
    "class_id": 1,
    "centroid": [
      302.9410400390625,
      155.40272521972656
    ],
    "length": [
      131.84954833984375,
      195.526611328125
    ],
    "angle": 92.86932373046875
  },
  "2": {
    "class_id": 2,
    "centroid": [
      302.584716796875,
      154.22178649902344
    ],
    "length": [
      91.38089752197266,
      132.41087341308594
    ],
    "angle": 89.63777923583984
  },
  "global_mov": [
    274.7315912125936,
    132.8086233667763
  ]
}