{
  "1": {
    "class_id": 1,
    "centroid": [
      295.3089294433594,
      136.78001403808594
    ],
    "length": [
      136.83656311035156,
      196.85580444335938
    ],
    "angle": 90.384521484375
  },
  "2": {
    "class_id": 2,
    "centroid": [
      296.5581359863281,
      136.783203125
    ],
    "length": [
      99.17675018310547,
      132.72454833984375
    ],
    "angle": 85.16210174560547
  },
  "global_mov": [
    276.4416200369437,
    131.2564037217376
  ]
}