{
  "1": {
    "class_id": 1,
    "centroid": [
      270.9320983886719,
      138.40773010253906
    ],
    "length": [
      136.6529998779297,
      196.5437469482422
    ],
    "angle": 90.23822021484375
  },
  "2": {
    "class_id": 2,
    "centroid": [
      272.2812194824219,
      139.51527404785156
    ],
    "length": [
      100.09072875976562,
      129.92095947265625
    ],
    "angle": 92.28797912597656
  },
  "global_mov": [
    261.9841877721647,
    130.87176624874965
  ]
}