{
  "1": {
    "class_id": 1,
    "centroid": [
      268.2474060058594,
      143.15199279785156
    ],
    "length": [
      148.4632568359375,
      211.09910583496094
    ],
    "angle": 91.07495880126953
  },
  "2": {
    "class_id": 2,
    "centroid": [
      272.8844299316406,
      144.76141357421875
    ],
    "length": [
      102.26054382324219,
      132.64122009277344
    ],
    "angle": 94.63165283203125
  },
  "global_mov": [
    252.80280393011355,
    133.1272703179128
  ]
}