{
  "1": {
    "class_id": 1,
    "centroid": [
      270.9552917480469,
      170.49462890625
    ],
    "length": [
      128.9078369140625,
      190.5365447998047
    ],
    "angle": 95.23238372802734
  },
  "2": {
    "class_id": 2,
    "centroid": [
      274.7735290527344,
      171.94677734375
    ],
    "length": [
      93.43535614013672,
      131.3755340576172
    ],
    "angle": 97.4631118774414
  },
  "global_mov": [
    289.1149786681788,
    145.08973467199561
  ]
}