{
  "1": {
    "class_id": 1,
    "centroid": [
      306.31207275390625,
      146.5608673095703
    ],
    "length": [
      139.64990234375,
      202.50485229492188
    ],
    "angle": 91.1878890991211
  },
  "2": {
    "class_id": 2,
    "centroid": [
      310.37628173828125,
      147.78871154785156
    ],
    "length": [
      101.60321044921875,
      133.56797790527344
    ],
    "angle": 91.81854248046875
  },
  "global_mov": [
    259.22159222515364,
    137.42387983603666
  ],
  "4": {
    "class_id": "slit knife",
    "tip": [
      293.03356702147005,
      177.98838570791958
    ],
    "length": 170.4417266845703,
    "angle": 45.64374923706055
  }
}