{
  "1": {
    "class_id": 1,
    "centroid": [
      288.9459533691406,
      170.03985595703125
    ],
    "length": [
      129.39390563964844,
      193.52943420410156
    ],
    "angle": 92.50630187988281
  },
  "2": {
    "class_id": 2,
    "centroid": [
      293.72552490234375,
      169.27120971679688
    ],
    "length": [
      93.5301742553711,
      135.33096313476562
    ],
    "angle": 94.63160705566406
  },
  "global_mov": [
    277.1762290339597,
    147.29162100782307
  ]
}