{
  "1": {
    "class_id": 1,
    "centroid": [
      280.3447265625,
      179.70849609375
    ],
    "length": [
      144.14126586914062,
      211.2986297607422
    ],
    "angle": 92.17901611328125
  },
  "2": {
    "class_id": 2,
    "centroid": [
      284.692138671875,
      179.51107788085938
    ],
    "length": [
      96.08763122558594,
      132.9248504638672
    ],
    "angle": 92.38859558105469
  },
  "global_mov": [
    256.9802708424481,
    138.37116387291096
  ]
}