{
  "1": {
    "class_id": 1,
    "centroid": [
      308.4730529785156,
      149.20358276367188
    ],
    "length": [
      146.53021240234375,
      206.81976318359375
    ],
    "angle": 89.78506469726562
  },
  "2": {
    "class_id": 2,
    "centroid": [
      308.9701843261719,
      150.71180725097656
    ],
    "length": [
      99.17019653320312,
      132.26829528808594
    ],
    "angle": 93.3442153930664
  },
  "global_mov": [
    278.18826537857325,
    137.9243659927083
  ]
}