{
  "1": {
    "class_id": 1,
    "centroid": [
      303.0555725097656,
      158.66641235351562
    ],
    "length": [
      147.50344848632812,
      211.073974609375
    ],
    "angle": 90.5921630859375
  },
  "2": {
    "class_id": 2,
    "centroid": [
      307.0613098144531,
      160.0250701904297
    ],
    "length": [
      106.3006362915039,
      139.9213409423828
    ],
    "angle": 89.85403442382812
  },
  "global_mov": [
    273.17513553031597,
    152.7111032744103
  ]
}