{
  "1": {
    "class_id": 1,
    "centroid": [
      280.80169677734375,
      183.36679077148438
    ],
    "length": [
      143.23292541503906,
      210.1448974609375
    ],
    "angle": 93.09540557861328
  },
  "2": {
    "class_id": 2,
    "centroid": [
      284.5607604980469,
      183.4373779296875
    ],
    "length": [
      96.8102798461914,
      133.1768798828125
    ],
    "angle": 94.29701232910156
  },
  "global_mov": [
    257.9230042151658,
    138.35828892888986
  ]
}