{
  "1": {
    "class_id": 1,
    "centroid": [
      298.9985046386719,
      143.98712158203125
    ],
    "length": [
      133.10736083984375,
      197.50482177734375
    ],
    "angle": 89.76414489746094
  },
  "2": {
    "class_id": 2,
    "centroid": [
      297.0248718261719,
      144.31539916992188
    ],
    "length": [
      97.18608093261719,
      126.7956314086914
    ],
    "angle": 92.94811248779297
  },
  "global_mov": [
    275.001369603026,
    130.74636820175826
  ]
}