{
  "1": {
    "class_id": 1,
    "centroid": [
      280.1345520019531,
      185.7151641845703
    ],
    "length": [
      140.8828125,
      210.61276245117188
    ],
    "angle": 94.86479187011719
  },
  "2": {
    "class_id": 2,
    "centroid": [
      282.95758056640625,
      186.3772430419922
    ],
    "length": [
      95.143798828125,
      134.8949432373047
    ],
    "angle": 95.36714172363281
  },
  "global_mov": [
    254.85641849144247,
    138.10000070467868
  ]
}