{
  "1": {
    "class_id": 1,
    "centroid": [
      339.0761413574219,
      135.96141052246094
    ],
    "length": [
      151.1581573486328,
      211.8226318359375
    ],
    "angle": 90.05593872070312
  },
  "2": {
    "class_id": 2,
    "centroid": [
      341.5672912597656,
      135.0557861328125
    ],
    "length": [
      100.63711547851562,
      135.13157653808594
    ],
    "angle": 91.4967041015625
  },
  "global_mov": [
    281.09475165845026,
    117.62993259989143
  ]
}