{
  "1": {
    "class_id": 1,
    "centroid": [
      282.8335876464844,
      147.6434783935547
    ],
    "length": [
      136.70599365234375,
      196.01014709472656
    ],
    "angle": 88.71160888671875
  },
  "2": {
    "class_id": 2,
    "centroid": [
      284.60955810546875,
      146.7969207763672
    ],
    "length": [
      99.33088684082031,
      134.98094177246094
    ],
    "angle": 83.03072357177734
  },
  "global_mov": [
    263.16326298344495,
    144.3635812895979
  ]
}