{
  "1": {
    "class_id": 1,
    "centroid": [
      293.2181091308594,
      129.22515869140625
    ],
    "length": [
      144.30697631835938,
      208.2766571044922
    ],
    "angle": 90.83625030517578
  },
  "2": {
    "class_id": 2,
    "centroid": [
      294.0383605957031,
      129.0208740234375
    ],
    "length": [
      96.46806335449219,
      128.0415802001953
    ],
    "angle": 92.28687286376953
  },
  "global_mov": [
    260.68421360090514,
    111.24436018056066
  ]
}