{
  "1": {
    "class_id": 1,
    "centroid": [
      262.44647216796875,
      158.6050262451172
    ],
    "length": [
      149.21261596679688,
      208.50808715820312
    ],
    "angle": 90.99769592285156
  },
  "2": {
    "class_id": 2,
    "centroid": [
      263.4219970703125,
      160.3720703125
    ],
    "length": [
      102.25582122802734,
      132.14810180664062
    ],
    "angle": 93.70011138916016
  },
  "global_mov": [
    257.8225190196559,
    156.25406147403888
  ]
}