{
  "1": {
    "class_id": 1,
    "centroid": [
      250.45765686035156,
      133.97032165527344
    ],
    "length": [
      148.65911865234375,
      210.15455627441406
    ],
    "angle": 89.51618194580078
  },
  "2": {
    "class_id": 2,
    "centroid": [
      250.89561462402344,
      134.81948852539062
    ],
    "length": [
      102.24665832519531,
      132.61444091796875
    ],
    "angle": 91.86424255371094
  },
  "global_mov": [
    214.03543542926732,
    114.43055495514626
  ]
}