{
  "1": {
    "class_id": 1,
    "centroid": [
      281.263916015625,
      184.53805541992188
    ],
    "length": [
      142.9093475341797,
      209.80099487304688
    ],
    "angle": 93.70858001708984
  },
  "2": {
    "class_id": 2,
    "centroid": [
      285.4716796875,
      184.69952392578125
    ],
    "length": [
      95.93265533447266,
      133.5452423095703
    ],
    "angle": 95.09357452392578
  },
  "global_mov": [
    260.83385164924283,
    138.65371310409725
  ]
}