{
  "1": {
    "class_id": 1,
    "centroid": [
      281.44647216796875,
      153.49578857421875
    ],
    "length": [
      134.19618225097656,
      195.37445068359375
    ],
    "angle": 91.45216369628906
  },
  "2": {
    "class_id": 2,
    "centroid": [
      282.7767639160156,
      152.947265625
    ],
    "length": [
      96.9200210571289,
      127.27417755126953
    ],
    "angle": 84.2819595336914
  },
  "global_mov": [
    264.4740272639653,
    133.09926817637077
  ]
}