{
  "1": {
    "class_id": 1,
    "centroid": [
      299.65728759765625,
      145.8950958251953
    ],
    "length": [
      136.92762756347656,
      198.374755859375
    ],
    "angle": 87.12472534179688
  },
  "2": {
    "class_id": 2,
    "centroid": [
      299.3394470214844,
      148.24559020996094
    ],
    "length": [
      102.74238586425781,
      125.08849334716797
    ],
    "angle": 93.12001037597656
  },
  "global_mov": [
    264.4624457273301,
    148.45235262649723
  ]
}