{
  "1": {
    "class_id": 1,
    "centroid": [
      285.50927734375,
      168.28604125976562
    ],
    "length": [
      129.9803009033203,
      192.5579833984375
    ],
    "angle": 91.68785858154297
  },
  "2": {
    "class_id": 2,
    "centroid": [
      291.5707092285156,
      167.93130493164062
    ],
    "length": [
      94.44940948486328,
      132.66761779785156
    ],
    "angle": 93.88864135742188
  },
  "global_mov": [
    275.2216170765111,
    146.39938978443067
  ]
}