{
  "1": {
    "class_id": 1,
    "centroid": [
      300.49383544921875,
      164.50840759277344
    ],
    "length": [
      137.25778198242188,
      199.39190673828125
    ],
    "angle": 90.85990142822266
  },
  "2": {
    "class_id": 2,
    "centroid": [
      301.94207763671875,
      165.95347595214844
    ],
    "length": [
      101.48577117919922,
      133.9205322265625
    ],
    "angle": 94.70223999023438
  },
  "global_mov": [
    265.82411662109126,
    149.96803671439883
  ]
}