{
  "1": {
    "class_id": 1,
    "centroid": [
      279.8987731933594,
      151.75111389160156
    ],
    "length": [
      135.00244140625,
      196.3166961669922
    ],
    "angle": 90.2442855834961
  },
  "2": {
    "class_id": 2,
    "centroid": [
      283.329833984375,
      151.26856994628906
    ],
    "length": [
      102.01216125488281,
      140.49313354492188
    ],
    "angle": 85.45743560791016
  },
  "global_mov": [
    257.1375759343838,
    141.9793047962911
  ]
}