{
  "1": {
    "class_id": 1,
    "centroid": [
      307.642822265625,
      161.34910583496094
    ],
    "length": [
      135.9024658203125,
      197.1999053955078
    ],
    "angle": 89.63468933105469
  },
  "2": {
    "class_id": 2,
    "centroid": [
      310.8371276855469,
      161.50868225097656
    ],
    "length": [
      100.1725082397461,
      136.00918579101562
    ],
    "angle": 88.1326904296875
  },
  "global_mov": [
    279.93567898413943,
    143.14044969383238
  ]
}