{
  "1": {
    "class_id": 1,
    "centroid": [
      282.01715087890625,
      149.97401428222656
    ],
    "length": [
      136.00698852539062,
      193.3169708251953
    ],
    "angle": 88.8716049194336
  },
  "2": {
    "class_id": 2,
    "centroid": [
      285.4244689941406,
      149.68226623535156
    ],
    "length": [
      99.04996490478516,
      134.1980743408203
    ],
    "angle": 83.03363037109375
  },
  "global_mov": [
    264.3134416604842,
    143.61787245387086
  ]
}