{
  "1": {
    "class_id": 1,
    "centroid": [
      292.3240661621094,
      160.75901794433594
    ],
    "length": [
      137.34974670410156,
      197.70669555664062
    ],
    "angle": 90.9002456665039
  },
  "2": {
    "class_id": 2,
    "centroid": [
      292.6238098144531,
      160.8510284423828
    ],
    "length": [
      100.08277893066406,
      132.1489715576172
    ],
    "angle": 88.86827850341797
  },
  "global_mov": [
    267.73742880589515,
    151.14451732946804
  ]
}