{
  "1": {
    "class_id": 1,
    "centroid": [
      305.12677001953125,
      145.15113830566406
    ],
    "length": [
      147.9116973876953,
      209.74783325195312
    ],
    "angle": 90.63246154785156
  },
  "2": {
    "class_id": 2,
    "centroid": [
      308.67291259765625,
      146.4228057861328
    ],
    "length": [
      102.46611785888672,
      135.23292541503906
    ],
    "angle": 93.86041259765625
  },
  "global_mov": [
    278.4510114756436,
    133.36288321686698
  ]
}