{
  "1": {
    "class_id": 1,
    "centroid": [
      301.75531005859375,
      146.826171875
    ],
    "length": [
      136.50494384765625,
      195.73410034179688
    ],
    "angle": 87.01378631591797
  },
  "2": {
    "class_id": 2,
    "centroid": [
      300.731201171875,
      150.51864624023438
    ],
    "length": [
      98.62715148925781,
      127.76482391357422
    ],
    "angle": 87.95893859863281
  },
  "global_mov": [
    274.76101553834,
    149.23417024069326
  ]
}