{
  "1": {
    "class_id": 1,
    "centroid": [
      229.72116088867188,
      124.65914154052734
    ],
    "length": [
      136.77284240722656,
      196.0917510986328
    ],
    "angle": 88.10662841796875
  },
  "2": {
    "class_id": 2,
    "centroid": [
      235.85096740722656,
      127.01073455810547
    ],
    "length": [
      103.35450744628906,
      129.36679077148438
    ],
    "angle": 87.42534637451172
  },
  "global_mov": [
    233.44210183735825,
    128.7053364036085
  ]
}