{
  "1": {
    "class_id": 1,
    "centroid": [
      287.553466796875,
      182.2756805419922
    ],
    "length": [
      142.0275421142578,
      212.26473999023438
    ],
    "angle": 92.57115173339844
  },
  "2": {
    "class_id": 2,
    "centroid": [
      291.0127258300781,
      182.41802978515625
    ],
    "length": [
      96.5373306274414,
      133.73519897460938
    ],
    "angle": 93.66646575927734
  },
  "global_mov": [
    261.3485107272146,
    136.99552963801383
  ]
}