{
  "1": {
    "class_id": 1,
    "centroid": [
      265.393310546875,
      156.5900115966797
    ],
    "length": [
      145.72616577148438,
      209.67245483398438
    ],
    "angle": 91.9603271484375
  },
  "2": {
    "class_id": 2,
    "centroid": [
      268.21038818359375,
      156.61700439453125
    ],
    "length": [
      98.6529769897461,
      131.6344451904297
    ],
    "angle": 91.99825286865234
  },
  "global_mov": [
    266.063486607848,
    130.55265848819917
  ]
}