{
  "1": {
    "class_id": 1,
    "centroid": [
      293.12799072265625,
      150.8150177001953
    ],
    "length": [
      145.18817138671875,
      208.3429718017578
    ],
    "angle": 90.33356475830078
  },
  "2": {
    "class_id": 2,
    "centroid": [
      294.0946044921875,
      152.13258361816406
    ],
    "length": [
      98.36894989013672,
      130.9657745361328
    ],
    "angle": 94.42697143554688
  },
  "global_mov": [
    262.55577094949945,
    138.44011068030755
  ]
}