{
  "1": {
    "class_id": 1,
    "centroid": [
      277.28814697265625,
      148.45809936523438
    ],
    "length": [
      135.1814727783203,
      193.90907287597656
    ],
    "angle": 88.47138977050781
  },
  "2": {
    "class_id": 2,
    "centroid": [
      280.2587585449219,
      147.75880432128906
    ],
    "length": [
      99.91205596923828,
      137.12176513671875
    ],
    "angle": 84.22623443603516
  },
  "global_mov": [
    263.39911280855546,
    146.74779104244968
  ]
}