{
  "1": {
    "class_id": 1,
    "centroid": [
      296.6592712402344,
      153.88589477539062
    ],
    "length": [
      149.2218780517578,
      213.8726806640625
    ],
    "angle": 91.60888671875
  },
  "2": {
    "class_id": 2,
    "centroid": [
      301.6135559082031,
      155.34535217285156
    ],
    "length": [
      100.7096939086914,
      133.527587890625
    ],
    "angle": 93.62789154052734
  },
  "global_mov": [
    259.3455602186466,
    139.1649850996549
  ],
  "4": {
    "class_id": "slit knife",
    "tip": [
      250.75001443890113,
      219.75000081988793
    ],
    "length": 118.08683013916016,
    "angle": 45.0
  }
}