{
  "1": {
    "class_id": 1,
    "centroid": [
      299.4322204589844,
      146.83811950683594
    ],
    "length": [
      134.5456085205078,
      195.6558074951172
    ],
    "angle": 90.29658508300781
  },
  "2": {
    "class_id": 2,
    "centroid": [
      301.1319274902344,
      147.1568145751953
    ],
    "length": [
      95.5569839477539,
      132.39901733398438
    ],
    "angle": 93.832275390625
  },
  "global_mov": [
    265.23584384042533,
    129.57016815270381
  ]
}