{
  "1": {
    "class_id": 1,
    "centroid": [
      288.5468444824219,
      140.59552001953125
    ],
    "length": [
      135.58018493652344,
      193.77305603027344
    ],
    "angle": 90.45718383789062
  },
  "2": {
    "class_id": 2,
    "centroid": [
      288.8725891113281,
      140.60781860351562
    ],
    "length": [
      101.81426239013672,
      132.20628356933594
    ],
    "angle": 81.61797332763672
  },
  "global_mov": [
    274.43679510925654,
    130.4248240566873
  ]
}