{
  "1": {
    "class_id": 1,
    "centroid": [
      284.646240234375,
      142.0100555419922
    ],
    "length": [
      132.86306762695312,
      191.82872009277344
    ],
    "angle": 92.02242279052734
  },
  "2": {
    "class_id": 2,
    "centroid": [
      283.45355224609375,
      141.81790161132812
    ],
    "length": [
      99.76214599609375,
      130.89300537109375
    ],
    "angle": 81.15711212158203
  },
  "global_mov": [
    274.0672892628054,
    130.45634156206665
  ]
}