{
  "1": {
    "class_id": 1,
    "centroid": [
      276.6099548339844,
      183.42185974121094
    ],
    "length": [
      141.75173950195312,
      211.1547393798828
    ],
    "angle": 94.05671691894531
  },
  "2": {
    "class_id": 2,
    "centroid": [
      279.9801025390625,
      183.45184326171875
    ],
    "length": [
      96.21306610107422,
      134.8722686767578
    ],
    "angle": 94.5151596069336
  },
  "global_mov": [
    256.4645369617712,
    136.79329621122164
  ]
}