{
  "1": {
    "class_id": 1,
    "centroid": [
      300.7513427734375,
      146.54551696777344
    ],
    "length": [
      136.30067443847656,
      195.89186096191406
    ],
    "angle": 86.86402130126953
  },
  "2": {
    "class_id": 2,
    "centroid": [
      299.68060302734375,
      150.19256591796875
    ],
    "length": [
      99.69275665283203,
      125.15707397460938
    ],
    "angle": 88.54610443115234
  },
  "global_mov": [
    274.9727574814219,
    149.27540357936118
  ]
}