{
  "1": {
    "class_id": 1,
    "centroid": [
      300.501708984375,
      162.6246795654297
    ],
    "length": [
      147.4899139404297,
      211.84524536132812
    ],
    "angle": 90.02890014648438
  },
  "2": {
    "class_id": 2,
    "centroid": [
      302.3951110839844,
      165.39857482910156
    ],
    "length": [
      103.28036499023438,
      134.04116821289062
    ],
    "angle": 94.39675903320312
  },
  "global_mov": [
    267.3445731499572,
    150.57952079799546
  ]
}