{
  "1": {
    "class_id": 1,
    "centroid": [
      288.181884765625,
      152.41946411132812
    ],
    "length": [
      143.9614715576172,
      206.08799743652344
    ],
    "angle": 91.17051696777344
  },
  "2": {
    "class_id": 2,
    "centroid": [
      288.91583251953125,
      153.50177001953125
    ],
    "length": [
      98.38912963867188,
      131.13551330566406
    ],
    "angle": 94.35768127441406
  },
  "global_mov": [
    260.56067779926855,
    139.91082476915315
  ]
}