{
  "1": {
    "class_id": 1,
    "centroid": [
      294.7853698730469,
      133.5347442626953
    ],
    "length": [
      132.66061401367188,
      196.454345703125
    ],
    "angle": 91.569091796875
  },
  "2": {
    "class_id": 2,
    "centroid": [
      295.75830078125,
      130.64593505859375
    ],
    "length": [
      90.76466369628906,
      126.30772399902344
    ],
    "angle": 96.20355224609375
  },
  "global_mov": [
    262.9661730766086,
    120.39315548881432
  ]
}