{
  "1": {
    "class_id": 1,
    "centroid": [
      292.68341064453125,
      157.0042724609375
    ],
    "length": [
      151.46275329589844,
      215.928466796875
    ],
    "angle": 91.60595703125
  },
  "2": {
    "class_id": 2,
    "centroid": [
      297.5769348144531,
      156.66770935058594
    ],
    "length": [
      100.54927825927734,
      131.7561492919922
    ],
    "angle": 92.69921875
  },
  "global_mov": [
    259.5644281985547,
    136.2605758165078
  ],
  "4": {
    "class_id": "slit knife",
    "tip": [
      162.4324122955938,
      270.59458919976953
    ],
    "length": 41.96540069580078,
    "angle": 54.46232223510742
  }
}