{
  "1": {
    "class_id": 1,
    "centroid": [
      291.53118896484375,
      155.52662658691406
    ],
    "length": [
      143.33091735839844,
      205.96560668945312
    ],
    "angle": 92.25621795654297
  },
  "2": {
    "class_id": 2,
    "centroid": [
      292.654541015625,
      155.91184997558594
    ],
    "length": [
      98.01922607421875,
      130.33961486816406
    ],
    "angle": 94.91104888916016
  },
  "global_mov": [
    253.7498251148313,
    138.9290917191432
  ]
}