{
  "1": {
    "class_id": 1,
    "centroid": [
      301.81842041015625,
      141.6291961669922
    ],
    "length": [
      147.57147216796875,
      208.04583740234375
    ],
    "angle": 90.03840637207031
  },
  "2": {
    "class_id": 2,
    "centroid": [
      304.6351318359375,
      142.99305725097656
    ],
    "length": [
      103.40430450439453,
      133.1598663330078
    ],
    "angle": 91.3271484375
  },
  "global_mov": [
    276.14840121018796,
    131.82615599472595
  ]
}