{
  "1": {
    "class_id": 1,
    "centroid": [
      317.5625,
      139.66622924804688
    ],
    "length": [
      136.69766235351562,
      197.57423400878906
    ],
    "angle": 85.04814147949219
  },
  "2": {
    "class_id": 2,
    "centroid": [
      318.5466613769531,
      141.5618133544922
    ],
    "length": [
      102.99217224121094,
      128.1783447265625
    ],
    "angle": 90.1123275756836
  },
  "global_mov": [
    275.1716783789137,
    152.1172554089292
  ]
}