{
  "1": {
    "class_id": 1,
    "centroid": [
      276.042724609375,
      131.0731658935547
    ],
    "length": [
      150.5454864501953,
      207.85267639160156
    ],
    "angle": 90.10588836669922
  },
  "2": {
    "class_id": 2,
    "centroid": [
      277.9038391113281,
      131.59774780273438
    ],
    "length": [
      100.88119506835938,
      131.987060546875
    ],
    "angle": 93.25748443603516
  },
  "global_mov": [
    265.3310458488151,
    129.2816204735284
  ]
}