{
  "1": {
    "class_id": 1,
    "centroid": [
      260.7373046875,
      158.0625762939453
    ],
    "length": [
      146.93243408203125,
      210.23788452148438
    ],
    "angle": 93.51641082763672
  },
  "2": {
    "class_id": 2,
    "centroid": [
      263.0354309082031,
      158.61936950683594
    ],
    "length": [
      101.46993255615234,
      129.42247009277344
    ],
    "angle": 92.97115325927734
  },
  "global_mov": [
    243.59343247950292,
    135.63603969198937
  ]
}