{
  "1": {
    "class_id": 1,
    "centroid": [
      286.6175231933594,
      178.17547607421875
    ],
    "length": [
      141.56106567382812,
      211.20025634765625
    ],
    "angle": 93.5693130493164
  },
  "2": {
    "class_id": 2,
    "centroid": [
      289.6097106933594,
      178.09695434570312
    ],
    "length": [
      95.4670181274414,
      135.98861694335938
    ],
    "angle": 93.82886505126953
  },
  "global_mov": [
    256.2938900686318,
    135.513669493038
  ]
}