{
  "1": {
    "class_id": 1,
    "centroid": [
      293.1371765136719,
      160.46714782714844
    ],
    "length": [
      137.78326416015625,
      198.75265502929688
    ],
    "angle": 91.0931167602539
  },
  "2": {
    "class_id": 2,
    "centroid": [
      293.1927185058594,
      160.8683319091797
    ],
    "length": [
      100.06327056884766,
      131.4296417236328
    ],
    "angle": 88.37042999267578
  },
  "global_mov": [
    268.07454546866853,
    150.74492849927717
  ]
}