{
  "1": {
    "class_id": 1,
    "centroid": [
      296.88714599609375,
      154.335205078125
    ],
    "length": [
      151.12281799316406,
      210.70628356933594
    ],
    "angle": 90.41390228271484
  },
  "2": {
    "class_id": 2,
    "centroid": [
      299.2636413574219,
      155.33209228515625
    ],
    "length": [
      101.8930892944336,
      132.18441772460938
    ],
    "angle": 94.11654663085938
  },
  "global_mov": [
    277.57380253319786,
    147.42631694662444
  ]
}