{
  "1": {
    "class_id": 1,
    "centroid": [
      286.5156555175781,
      180.32083129882812
    ],
    "length": [
      143.1140594482422,
      211.70016479492188
    ],
    "angle": 92.37389373779297
  },
  "2": {
    "class_id": 2,
    "centroid": [
      290.7310485839844,
      180.60227966308594
    ],
    "length": [
      97.11495208740234,
      134.6206512451172
    ],
    "angle": 93.63765716552734
  },
  "global_mov": [
    262.2319381975388,
    136.74241051879733
  ]
}