{
  "1": {
    "class_id": 1,
    "centroid": [
      292.7785339355469,
      150.53829956054688
    ],
    "length": [
      144.55670166015625,
      206.9517364501953
    ],
    "angle": 91.55054473876953
  },
  "2": {
    "class_id": 2,
    "centroid": [
      293.36199951171875,
      151.7772216796875
    ],
    "length": [
      98.90018463134766,
      130.69700622558594
    ],
    "angle": 95.62323760986328
  },
  "global_mov": [
    272.83600913369077,
    139.5126378390954
  ]
}