{
  "1": {
    "class_id": 1,
    "centroid": [
      265.0629577636719,
      158.31927490234375
    ],
    "length": [
      146.20396423339844,
      209.80770874023438
    ],
    "angle": 92.01587677001953
  },
  "2": {
    "class_id": 2,
    "centroid": [
      268.2160949707031,
      158.64712524414062
    ],
    "length": [
      99.35628509521484,
      131.94952392578125
    ],
    "angle": 92.48423767089844
  },
  "global_mov": [
    267.05923554214706,
    133.42355723431388
  ]
}