{
  "1": {
    "class_id": 1,
    "centroid": [
      279.9805603027344,
      183.2857666015625
    ],
    "length": [
      142.34608459472656,
      210.9810028076172
    ],
    "angle": 93.50025177001953
  },
  "2": {
    "class_id": 2,
    "centroid": [
      283.1988830566406,
      183.63003540039062
    ],
    "length": [
      96.68912506103516,
      134.14208984375
    ],
    "angle": 94.29059600830078
  },
  "global_mov": [
    256.9226601151972,
    137.98608029831595
  ]
}