{
  "1": {
    "class_id": 1,
    "centroid": [
      301.7392272949219,
      158.808837890625
    ],
    "length": [
      151.33824157714844,
      210.87229919433594
    ],
    "angle": 90.20455169677734
  },
  "2": {
    "class_id": 2,
    "centroid": [
      303.31170654296875,
      159.6577606201172
    ],
    "length": [
      101.50070190429688,
      133.22352600097656
    ],
    "angle": 92.683349609375
  },
  "global_mov": [
    277.73484403760193,
    154.0081355563493
  ]
}