{
  "1": {
    "class_id": 1,
    "centroid": [
      294.5851745605469,
      157.5045623779297
    ],
    "length": [
      149.94293212890625,
      211.07681274414062
    ],
    "angle": 90.41699981689453
  },
  "2": {
    "class_id": 2,
    "centroid": [
      296.4201354980469,
      158.69631958007812
    ],
    "length": [
      102.2166748046875,
      132.64222717285156
    ],
    "angle": 93.40665435791016
  },
  "global_mov": [
    275.4975357247092,
    149.1540199313359
  ]
}