{
  "1": {
    "class_id": 1,
    "centroid": [
      286.8284912109375,
      158.3117218017578
    ],
    "length": [
      147.6070556640625,
      214.96360778808594
    ],
    "angle": 92.371826171875
  },
  "2": {
    "class_id": 2,
    "centroid": [
      290.8018798828125,
      158.41766357421875
    ],
    "length": [
      100.34101867675781,
      135.08758544921875
    ],
    "angle": 96.31478118896484
  },
  "global_mov": [
    262.4925423635431,
    129.50960634705578
  ]
}