{
  "1": {
    "class_id": 1,
    "centroid": [
      296.380615234375,
      151.94546508789062
    ],
    "length": [
      150.9967498779297,
      214.18362426757812
    ],
    "angle": 91.18550872802734
  },
  "2": {
    "class_id": 2,
    "centroid": [
      301.8253479003906,
      152.7570037841797
    ],
    "length": [
      99.9310531616211,
      133.1138916015625
    ],
    "angle": 93.82113647460938
  },
  "global_mov": [
    257.5993638972232,
    137.07163092927814
  ],
  "4": {
    "class_id": "slit knife",
    "tip": [
      256.5000302389586,
      234.50003079619768
    ],
    "length": 98.287841796875,
    "angle": 45.0
  }
}