{
  "1": {
    "class_id": 1,
    "centroid": [
      298.64404296875,
      169.61102294921875
    ],
    "length": [
      133.5447235107422,
      198.43626403808594
    ],
    "angle": 90.67018127441406
  },
  "2": {
    "class_id": 2,
    "centroid": [
      301.4206848144531,
      169.96923828125
    ],
    "length": [
      99.19886016845703,
      134.4915313720703
    ],
    "angle": 90.31282043457031
  },
  "global_mov": [
    279.54310748971596,
    151.74084653698992
  ]
}