{
  "1": {
    "class_id": 1,
    "centroid": [
      282.5815124511719,
      138.48883056640625
    ],
    "length": [
      143.88035583496094,
      204.60855102539062
    ],
    "angle": 91.5356216430664
  },
  "2": {
    "class_id": 2,
    "centroid": [
      282.6686096191406,
      139.01234436035156
    ],
    "length": [
      96.26107788085938,
      130.67794799804688
    ],
    "angle": 92.1536865234375
  },
  "global_mov": [
    246.9131487518855,
    114.56482457777072
  ]
}