{
  "1": {
    "class_id": 1,
    "centroid": [
      280.5439453125,
      144.91983032226562
    ],
    "length": [
      135.92672729492188,
      195.14230346679688
    ],
    "angle": 91.522216796875
  },
  "2": {
    "class_id": 2,
    "centroid": [
      281.8899230957031,
      144.1554718017578
    ],
    "length": [
      94.72159576416016,
      127.45830535888672
    ],
    "angle": 91.21543884277344
  },
  "global_mov": [
    267.2716375906425,
    133.57502601667727
  ]
}