{
  "1": {
    "class_id": 1,
    "centroid": [
      288.4859619140625,
      145.37791442871094
    ],
    "length": [
      147.19906616210938,
      207.4226531982422
    ],
    "angle": 91.29141998291016
  },
  "2": {
    "class_id": 2,
    "centroid": [
      290.5833435058594,
      146.81304931640625
    ],
    "length": [
      100.00572967529297,
      130.8564453125
    ],
    "angle": 94.814208984375
  },
  "global_mov": [
    253.31352499422852,
    126.60127642941076
  ]
}