{
  "1": {
    "class_id": 1,
    "centroid": [
      298.0447692871094,
      137.30384826660156
    ],
    "length": [
      135.4422149658203,
      197.36456298828125
    ],
    "angle": 86.33845520019531
  },
  "2": {
    "class_id": 2,
    "centroid": [
      299.2018127441406,
      141.40008544921875
    ],
    "length": [
      95.74738311767578,
      127.45552825927734
    ],
    "angle": 82.49285888671875
  },
  "global_mov": [
    275.1138029886563,
    143.0182214885491
  ]
}