{
  "1": {
    "class_id": 1,
    "centroid": [
      305.4302978515625,
      148.6265411376953
    ],
    "length": [
      146.15658569335938,
      206.809326171875
    ],
    "angle": 89.5311508178711
  },
  "2": {
    "class_id": 2,
    "centroid": [
      305.6672668457031,
      149.78054809570312
    ],
    "length": [
      99.92317962646484,
      132.3253631591797
    ],
    "angle": 93.80518341064453
  },
  "global_mov": [
    279.6378838502884,
    137.46134289844355
  ]
}