{
  "1": {
    "class_id": 1,
    "centroid": [
      303.0860900878906,
      148.53570556640625
    ],
    "length": [
      146.01486206054688,
      207.099609375
    ],
    "angle": 88.83146667480469
  },
  "2": {
    "class_id": 2,
    "centroid": [
      303.3146667480469,
      150.10906982421875
    ],
    "length": [
      99.63867950439453,
      131.8338623046875
    ],
    "angle": 91.48886108398438
  },
  "global_mov": [
    280.0304610523348,
    139.66932447231054
  ]
}