{
  "1": {
    "class_id": 1,
    "centroid": [
      303.59735107421875,
      148.41871643066406
    ],
    "length": [
      145.6885528564453,
      207.07664489746094
    ],
    "angle": 89.4173583984375
  },
  "2": {
    "class_id": 2,
    "centroid": [
      303.8785705566406,
      149.89443969726562
    ],
    "length": [
      99.48770141601562,
      131.35191345214844
    ],
    "angle": 92.6220703125
  },
  "global_mov": [
    281.202445929857,
    139.6316753214762
  ]
}