{
  "1": {
    "class_id": 1,
    "centroid": [
      318.8351135253906,
      140.8223876953125
    ],
    "length": [
      137.45755004882812,
      199.2406463623047
    ],
    "angle": 86.06246948242188
  },
  "2": {
    "class_id": 2,
    "centroid": [
      319.43292236328125,
      142.27499389648438
    ],
    "length": [
      103.25855255126953,
      128.36212158203125
    ],
    "angle": 89.84171295166016
  },
  "global_mov": [
    276.44726841488887,
    152.5497794535831
  ]
}