{
  "1": {
    "class_id": 1,
    "centroid": [
      248.75088500976562,
      130.5016326904297
    ],
    "length": [
      146.3810577392578,
      208.43875122070312
    ],
    "angle": 87.90180969238281
  },
  "2": {
    "class_id": 2,
    "centroid": [
      254.0680389404297,
      133.6373291015625
    ],
    "length": [
      101.76399993896484,
      132.3569793701172
    ],
    "angle": 93.78863525390625
  },
  "global_mov": [
    245.04357306690233,
    131.09684005193446
  ]
}