{
  "1": {
    "class_id": 1,
    "centroid": [
      289.54852294921875,
      153.5729522705078
    ],
    "length": [
      144.1007843017578,
      207.05186462402344
    ],
    "angle": 91.28408813476562
  },
  "2": {
    "class_id": 2,
    "centroid": [
      290.5653076171875,
      154.42311096191406
    ],
    "length": [
      98.14412689208984,
      131.3037567138672
    ],
    "angle": 93.9892349243164
  },
  "global_mov": [
    258.5900241359444,
    139.79412899648352
  ]
}