{
  "1": {
    "class_id": 1,
    "centroid": [
      300.4200744628906,
      146.54928588867188
    ],
    "length": [
      130.76943969726562,
      196.2994842529297
    ],
    "angle": 90.12074279785156
  },
  "2": {
    "class_id": 2,
    "centroid": [
      300.8844909667969,
      145.98240661621094
    ],
    "length": [
      89.5030288696289,
      129.9586181640625
    ],
    "angle": 89.35987854003906
  },
  "global_mov": [
    270.9424179726612,
    129.9868663363377
  ]
}