{
  "1": {
    "class_id": 1,
    "centroid": [
      290.38592529296875,
      181.57008361816406
    ],
    "length": [
      144.0618438720703,
      213.11143493652344
    ],
    "angle": 92.74481964111328
  },
  "2": {
    "class_id": 2,
    "centroid": [
      294.41339111328125,
      182.37619018554688
    ],
    "length": [
      98.31230926513672,
      132.5554656982422
    ],
    "angle": 95.12420654296875
  },
  "global_mov": [
    263.3234318589859,
    136.52867557554308
  ]
}