{
  "1": {
    "class_id": 1,
    "centroid": [
      264.1901550292969,
      155.84132385253906
    ],
    "length": [
      129.98501586914062,
      194.4010009765625
    ],
    "angle": 92.61344146728516
  },
  "2": {
    "class_id": 2,
    "centroid": [
      269.7662658691406,
      155.84132385253906
    ],
    "length": [
      96.16554260253906,
      131.60812377929688
    ],
    "angle": 88.55913543701172
  },
  "global_mov": [
    255.7696147604752,
    143.53654477809107
  ]
}