{
  "1": {
    "class_id": 1,
    "centroid": [
      283.26995849609375,
      142.79612731933594
    ],
    "length": [
      137.62730407714844,
      192.2270965576172
    ],
    "angle": 90.53874206542969
  },
  "2": {
    "class_id": 2,
    "centroid": [
      284.6193542480469,
      141.51278686523438
    ],
    "length": [
      93.94085693359375,
      125.64881134033203
    ],
    "angle": 92.14096069335938
  },
  "global_mov": [
    268.50966365211144,
    132.7177887779743
  ]
}