{
  "1": {
    "class_id": 1,
    "centroid": [
      318.548828125,
      145.25267028808594
    ],
    "length": [
      137.0430908203125,
      199.84788513183594
    ],
    "angle": 86.53019714355469
  },
  "2": {
    "class_id": 2,
    "centroid": [
      319.32171630859375,
      146.13111877441406
    ],
    "length": [
      101.8328857421875,
      129.58599853515625
    ],
    "angle": 88.77532196044922
  },
  "global_mov": [
    277.939749399546,
    155.43108653559764
  ]
}