{
  "1": {
    "class_id": 1,
    "centroid": [
      295.2044677734375,
      154.90415954589844
    ],
    "length": [
      150.15005493164062,
      214.71560668945312
    ],
    "angle": 91.0997085571289
  },
  "2": {
    "class_id": 2,
    "centroid": [
      300.6864318847656,
      155.0819549560547
    ],
    "length": [
      99.33139038085938,
      131.7286376953125
    ],
    "angle": 93.02447509765625
  },
  "global_mov": [
    259.8832398719641,
    135.90676311705886
  ],
  "4": {
    "class_id": "slit knife",
    "tip": [
      215.84788968097138,
      237.04243344574914
    ],
    "length": 93.36287689208984,
    "angle": 42.137596130371094
  }
}