{
  "1": {
    "class_id": 1,
    "centroid": [
      291.4958801269531,
      162.92523193359375
    ],
    "length": [
      136.99575805664062,
      197.74261474609375
    ],
    "angle": 92.49224853515625
  },
  "2": {
    "class_id": 2,
    "centroid": [
      295.53997802734375,
      162.43197631835938
    ],
    "length": [
      98.62528991699219,
      128.83160400390625
    ],
    "angle": 88.89344787597656
  },
  "global_mov": [
    263.33337984669276,
    150.18166593008314
  ]
}