{
  "1": {
    "class_id": 1,
    "centroid": [
      285.2324523925781,
      159.8828887939453
    ],
    "length": [
      134.1346435546875,
      196.51675415039062
    ],
    "angle": 91.2229995727539
  },
  "2": {
    "class_id": 2,
    "centroid": [
      287.46942138671875,
      159.0386199951172
    ],
    "length": [
      102.14530944824219,
      138.01060485839844
    ],
    "angle": 84.45467376708984
  },
  "global_mov": [
    260.5358806766048,
    145.4802000894052
  ]
}