{
  "1": {
    "class_id": 1,
    "centroid": [
      278.7288513183594,
      182.40463256835938
    ],
    "length": [
      140.91258239746094,
      210.56674194335938
    ],
    "angle": 93.9845199584961
  },
  "2": {
    "class_id": 2,
    "centroid": [
      281.42352294921875,
      182.3852996826172
    ],
    "length": [
      96.61601257324219,
      134.46986389160156
    ],
    "angle": 94.49629211425781
  },
  "global_mov": [
    254.26240992222736,
    135.7212247357321
  ]
}