{
  "1": {
    "class_id": 1,
    "centroid": [
      311.0883483886719,
      161.29515075683594
    ],
    "length": [
      136.1557159423828,
      198.9999542236328
    ],
    "angle": 89.37263488769531
  },
  "2": {
    "class_id": 2,
    "centroid": [
      313.9832763671875,
      161.6421356201172
    ],
    "length": [
      101.07273864746094,
      133.9172821044922
    ],
    "angle": 87.5076675415039
  },
  "global_mov": [
    281.55503176422553,
    145.3409125421206
  ]
}