{
  "1": {
    "class_id": 1,
    "centroid": [
      305.1507568359375,
      149.09420776367188
    ],
    "length": [
      146.68240356445312,
      207.18832397460938
    ],
    "angle": 88.67638397216797
  },
  "2": {
    "class_id": 2,
    "centroid": [
      305.6961364746094,
      150.5421600341797
    ],
    "length": [
      99.4436264038086,
      131.1162109375
    ],
    "angle": 92.79995727539062
  },
  "global_mov": [
    277.7436367818419,
    139.2409133545996
  ]
}