{
  "1": {
    "class_id": 1,
    "centroid": [
      312.2199401855469,
      161.0706329345703
    ],
    "length": [
      136.20872497558594,
      198.74195861816406
    ],
    "angle": 89.61837005615234
  },
  "2": {
    "class_id": 2,
    "centroid": [
      315.0999450683594,
      161.56488037109375
    ],
    "length": [
      101.49244689941406,
      134.31500244140625
    ],
    "angle": 88.99127960205078
  },
  "global_mov": [
    280.6383425075774,
    145.6554638740339
  ]
}