{
  "1": {
    "class_id": 1,
    "centroid": [
      297.23895263671875,
      140.44369506835938
    ],
    "length": [
      147.6082305908203,
      207.6309356689453
    ],
    "angle": 89.99043273925781
  },
  "2": {
    "class_id": 2,
    "centroid": [
      301.2515869140625,
      142.16661071777344
    ],
    "length": [
      104.2431869506836,
      134.26068115234375
    ],
    "angle": 93.65733337402344
  },
  "global_mov": [
    277.4267905705815,
    132.2767043273155
  ]
}