{
  "1": {
    "class_id": 1,
    "centroid": [
      302.3617858886719,
      151.44456481933594
    ],
    "length": [
      145.80860900878906,
      208.11831665039062
    ],
    "angle": 90.8919677734375
  },
  "2": {
    "class_id": 2,
    "centroid": [
      303.3257141113281,
      152.5131378173828
    ],
    "length": [
      98.15673828125,
      132.69747924804688
    ],
    "angle": 94.03133392333984
  },
  "global_mov": [
    272.2567621862015,
    137.6192151203123
  ]
}