{
  "1": {
    "class_id": 1,
    "centroid": [
      283.76177978515625,
      138.94500732421875
    ],
    "length": [
      143.54241943359375,
      203.1636962890625
    ],
    "angle": 91.55177307128906
  },
  "2": {
    "class_id": 2,
    "centroid": [
      284.5919494628906,
      139.95628356933594
    ],
    "length": [
      95.19879913330078,
      128.0708770751953
    ],
    "angle": 93.60494232177734
  },
  "global_mov": [
    250.9966689201889,
    115.03817653205624
  ]
}