{
  "1": {
    "class_id": 1,
    "centroid": [
      300.2748107910156,
      159.35598754882812
    ],
    "length": [
      146.6927490234375,
      210.05381774902344
    ],
    "angle": 91.02043914794922
  },
  "2": {
    "class_id": 2,
    "centroid": [
      304.4120178222656,
      160.3345489501953
    ],
    "length": [
      106.78968811035156,
      140.36248779296875
    ],
    "angle": 89.97162628173828
  },
  "global_mov": [
    268.8834080419592,
    152.2877743830377
  ]
}