{
  "1": {
    "class_id": 1,
    "centroid": [
      292.4147033691406,
      151.68545532226562
    ],
    "length": [
      146.0857696533203,
      208.3675994873047
    ],
    "angle": 90.29289245605469
  },
  "2": {
    "class_id": 2,
    "centroid": [
      293.6343994140625,
      153.09002685546875
    ],
    "length": [
      99.14641571044922,
      131.24154663085938
    ],
    "angle": 93.9272689819336
  },
  "global_mov": [
    263.15772961378303,
    140.27441196581938
  ]
}