{
  "1": {
    "class_id": 1,
    "centroid": [
      397.30712890625,
      130.08750915527344
    ],
    "length": [
      148.52235412597656,
      215.78672790527344
    ],
    "angle": 89.5871353149414
  },
  "2": {
    "class_id": 2,
    "centroid": [
      398.5636901855469,
      130.70640563964844
    ],
    "length": [
      100.73904418945312,
      135.2959747314453
    ],
    "angle": 91.40524291992188
  },
  "global_mov": [
    281.5560607910156,
    113.39431269963582
  ]
}