{
  "1": {
    "class_id": 1,
    "centroid": [
      290.3353271484375,
      150.44375610351562
    ],
    "length": [
      144.645751953125,
      205.5591278076172
    ],
    "angle": 91.74396514892578
  },
  "2": {
    "class_id": 2,
    "centroid": [
      291.0728759765625,
      151.52989196777344
    ],
    "length": [
      99.42823028564453,
      131.19888305664062
    ],
    "angle": 94.96928405761719
  },
  "global_mov": [
    269.85612588482815,
    139.21642708761513
  ]
}