{
  "1": {
    "class_id": 1,
    "centroid": [
      302.7222900390625,
      143.42694091796875
    ],
    "length": [
      137.27200317382812,
      194.4466552734375
    ],
    "angle": 90.24231719970703
  },
  "2": {
    "class_id": 2,
    "centroid": [
      302.6690979003906,
      143.55166625976562
    ],
    "length": [
      101.47557830810547,
      130.64247131347656
    ],
    "angle": 88.49566650390625
  },
  "global_mov": [
    278.6037048602888,
    132.6436477615602
  ]
}