{
  "1": {
    "class_id": 1,
    "centroid": [
      286.78973388671875,
      177.25808715820312
    ],
    "length": [
      143.76397705078125,
      212.4074249267578
    ],
    "angle": 92.89403533935547
  },
  "2": {
    "class_id": 2,
    "centroid": [
      290.7045593261719,
      177.87384033203125
    ],
    "length": [
      97.41914367675781,
      134.47508239746094
    ],
    "angle": 93.69654846191406
  },
  "global_mov": [
    262.2407818445292,
    135.99443979264768
  ]
}