{
  "1": {
    "class_id": 1,
    "centroid": [
      307.6390075683594,
      148.35740661621094
    ],
    "length": [
      148.0544891357422,
      215.8082275390625
    ],
    "angle": 92.27327728271484
  },
  "2": {
    "class_id": 2,
    "centroid": [
      311.251953125,
      150.3445587158203
    ],
    "length": [
      100.96720123291016,
      134.30657958984375
    ],
    "angle": 93.14048767089844
  },
  "global_mov": [
    260.76554763673823,
    139.93614931614547
  ],
  "4": {
    "class_id": "slit knife",
    "tip": [
      270.9556662126295,
      204.90866168154653
    ],
    "length": 135.68572998046875,
    "angle": 46.444122314453125
  }
}