{
  "1": {
    "class_id": 1,
    "centroid": [
      291.7220458984375,
      129.3219757080078
    ],
    "length": [
      144.99598693847656,
      207.40257263183594
    ],
    "angle": 90.70026397705078
  },
  "2": {
    "class_id": 2,
    "centroid": [
      292.6708068847656,
      129.31871032714844
    ],
    "length": [
      96.48181915283203,
      128.377685546875
    ],
    "angle": 92.52737426757812
  },
  "global_mov": [
    261.36734812174325,
    111.45445205449018
  ]
}