{
  "1": {
    "class_id": 1,
    "centroid": [
      308.95172119140625,
      172.63619995117188
    ],
    "length": [
      135.47256469726562,
      197.25448608398438
    ],
    "angle": 90.29524230957031
  },
  "2": {
    "class_id": 2,
    "centroid": [
      311.4192199707031,
      173.1348419189453
    ],
    "length": [
      99.71200561523438,
      133.69100952148438
    ],
    "angle": 90.14518737792969
  },
  "global_mov": [
    287.0143966031398,
    156.92633286422412
  ]
}