{
  "1": {
    "class_id": 1,
    "centroid": [
      307.9031982421875,
      151.85598754882812
    ],
    "length": [
      146.8314666748047,
      214.58450317382812
    ],
    "angle": 87.04280853271484
  },
  "2": {
    "class_id": 2,
    "centroid": [
      309.54681396484375,
      153.24464416503906
    ],
    "length": [
      99.26294708251953,
      133.2730255126953
    ],
    "angle": 92.88995361328125
  },
  "global_mov": [
    270.82525144206494,
    144.4829498727776
  ]
}