{
  "1": {
    "class_id": 1,
    "centroid": [
      304.0395202636719,
      143.11917114257812
    ],
    "length": [
      150.19027709960938,
      209.7337646484375
    ],
    "angle": 91.60118103027344
  },
  "2": {
    "class_id": 2,
    "centroid": [
      308.0966796875,
      142.66183471679688
    ],
    "length": [
      101.20447540283203,
      133.3320770263672
    ],
    "angle": 95.36216735839844
  },
  "global_mov": [
    279.59496007705656,
    123.40473034487859
  ]
}