{
  "1": {
    "class_id": 1,
    "centroid": [
      293.8190002441406,
      149.82359313964844
    ],
    "length": [
      144.12554931640625,
      207.40060424804688
    ],
    "angle": 91.32942199707031
  },
  "2": {
    "class_id": 2,
    "centroid": [
      294.2050476074219,
      151.08592224121094
    ],
    "length": [
      98.9039535522461,
      131.36932373046875
    ],
    "angle": 94.84048461914062
  },
  "global_mov": [
    271.36292329081886,
    139.3051010219342
  ]
}