{
  "1": {
    "class_id": 1,
    "centroid": [
      319.9266052246094,
      154.48760986328125
    ],
    "length": [
      137.89581298828125,
      199.43199157714844
    ],
    "angle": 88.1626968383789
  },
  "2": {
    "class_id": 2,
    "centroid": [
      321.6153259277344,
      154.89254760742188
    ],
    "length": [
      102.20917510986328,
      133.11874389648438
    ],
    "angle": 86.88353729248047
  },
  "global_mov": [
    281.2630666171309,
    158.7557409948119
  ]
}