{
  "1": {
    "class_id": 1,
    "centroid": [
      300.3887939453125,
      121.35984802246094
    ],
    "length": [
      137.1129608154297,
      196.3704376220703
    ],
    "angle": 88.84913635253906
  },
  "2": {
    "class_id": 2,
    "centroid": [
      301.0533447265625,
      117.01165008544922
    ],
    "length": [
      94.17191314697266,
      121.0150375366211
    ],
    "angle": 84.38117218017578
  },
  "global_mov": [
    265.8269973034262,
    122.14970987108207
  ]
}