{
  "1": {
    "class_id": 1,
    "centroid": [
      279.027587890625,
      178.06021118164062
    ],
    "length": [
      141.54507446289062,
      210.57119750976562
    ],
    "angle": 93.85661315917969
  },
  "2": {
    "class_id": 2,
    "centroid": [
      282.013671875,
      178.17230224609375
    ],
    "length": [
      94.75578308105469,
      134.82150268554688
    ],
    "angle": 95.37861633300781
  },
  "global_mov": [
    252.80176853229204,
    132.93959675184502
  ]
}