{
  "1": {
    "class_id": 1,
    "centroid": [
      291.0775146484375,
      156.81605529785156
    ],
    "length": [
      143.5432586669922,
      205.95791625976562
    ],
    "angle": 92.18668365478516
  },
  "2": {
    "class_id": 2,
    "centroid": [
      291.7869567871094,
      157.5775146484375
    ],
    "length": [
      98.3857192993164,
      129.90933227539062
    ],
    "angle": 94.98551177978516
  },
  "global_mov": [
    250.60987469032693,
    139.2123663014186
  ]
}