{
  "1": {
    "class_id": 1,
    "centroid": [
      282.11614990234375,
      151.11062622070312
    ],
    "length": [
      135.05007934570312,
      193.08663940429688
    ],
    "angle": 88.2630615234375
  },
  "2": {
    "class_id": 2,
    "centroid": [
      285.4733581542969,
      151.17298889160156
    ],
    "length": [
      98.22621154785156,
      134.14793395996094
    ],
    "angle": 81.3885726928711
  },
  "global_mov": [
    263.45077232980066,
    144.75275229267655
  ]
}