{
  "1": {
    "class_id": 1,
    "centroid": [
      226.77679443359375,
      124.91950225830078
    ],
    "length": [
      137.02703857421875,
      197.461669921875
    ],
    "angle": 89.20217895507812
  },
  "2": {
    "class_id": 2,
    "centroid": [
      232.63729858398438,
      126.52908325195312
    ],
    "length": [
      101.8453369140625,
      127.51451873779297
    ],
    "angle": 85.9521255493164
  },
  "global_mov": [
    229.42587267516936,
    128.2953511366404
  ]
}