{
  "1": {
    "class_id": 1,
    "centroid": [
      282.167236328125,
      143.69183349609375
    ],
    "length": [
      136.86993408203125,
      192.8083038330078
    ],
    "angle": 91.80280303955078
  },
  "2": {
    "class_id": 2,
    "centroid": [
      283.1383972167969,
      142.33567810058594
    ],
    "length": [
      92.07058715820312,
      126.23650360107422
    ],
    "angle": 91.97711944580078
  },
  "global_mov": [
    268.3022333587816,
    132.30998261167656
  ]
}