{
  "1": {
    "class_id": 1,
    "centroid": [
      281.7119140625,
      147.05796813964844
    ],
    "length": [
      137.15194702148438,
      194.25144958496094
    ],
    "angle": 88.51151275634766
  },
  "2": {
    "class_id": 2,
    "centroid": [
      282.56689453125,
      146.19447326660156
    ],
    "length": [
      100.68052673339844,
      132.67311096191406
    ],
    "angle": 83.78189849853516
  },
  "global_mov": [
    262.9570373380832,
    144.79389948009953
  ]
}