{
  "1": {
    "class_id": 1,
    "centroid": [
      292.5699157714844,
      151.6432342529297
    ],
    "length": [
      145.4849090576172,
      207.36077880859375
    ],
    "angle": 91.11265563964844
  },
  "2": {
    "class_id": 2,
    "centroid": [
      293.7587585449219,
      152.9224395751953
    ],
    "length": [
      99.09422302246094,
      131.05160522460938
    ],
    "angle": 94.30775451660156
  },
  "global_mov": [
    265.2762907379315,
    140.23695478579393
  ]
}