{
  "1": {
    "class_id": 1,
    "centroid": [
      290.4237060546875,
      137.1802978515625
    ],
    "length": [
      130.52342224121094,
      194.5908203125
    ],
    "angle": 91.00049591064453
  },
  "2": {
    "class_id": 2,
    "centroid": [
      290.9139099121094,
      137.17665100097656
    ],
    "length": [
      92.97366333007812,
      129.10169982910156
    ],
    "angle": 94.34135437011719
  },
  "global_mov": [
    261.89932780854826,
    123.29424967077564
  ]
}