{
  "1": {
    "class_id": 1,
    "centroid": [
      301.8624572753906,
      139.5385284423828
    ],
    "length": [
      147.67845153808594,
      207.68441772460938
    ],
    "angle": 89.45050048828125
  },
  "2": {
    "class_id": 2,
    "centroid": [
      304.52484130859375,
      140.7657470703125
    ],
    "length": [
      101.51298522949219,
      135.1270751953125
    ],
    "angle": 90.1798324584961
  },
  "global_mov": [
    281.3585746743839,
    133.18930960076224
  ]
}