{
  "1": {
    "class_id": 1,
    "centroid": [
      294.7695617675781,
      149.5156707763672
    ],
    "length": [
      144.91165161132812,
      206.6338348388672
    ],
    "angle": 91.80038452148438
  },
  "2": {
    "class_id": 2,
    "centroid": [
      295.3377380371094,
      150.6901092529297
    ],
    "length": [
      99.1224594116211,
      130.0197296142578
    ],
    "angle": 94.8321762084961
  },
  "global_mov": [
    273.1663023611135,
    139.4482772042925
  ]
}