{
  "1": {
    "class_id": 1,
    "centroid": [
      266.1267395019531,
      144.02078247070312
    ],
    "length": [
      141.54624938964844,
      202.00125122070312
    ],
    "angle": 92.24723815917969
  },
  "2": {
    "class_id": 2,
    "centroid": [
      265.4029846191406,
      145.08258056640625
    ],
    "length": [
      95.18374633789062,
      124.02533721923828
    ],
    "angle": 94.61478424072266
  },
  "global_mov": [
    241.39341530407523,
    114.91758944459313
  ]
}