{
  "1": {
    "class_id": 1,
    "centroid": [
      295.7292785644531,
      162.52601623535156
    ],
    "length": [
      137.47898864746094,
      197.196533203125
    ],
    "angle": 91.50093841552734
  },
  "2": {
    "class_id": 2,
    "centroid": [
      298.4171142578125,
      162.44117736816406
    ],
    "length": [
      98.44779205322266,
      131.28146362304688
    ],
    "angle": 87.09268188476562
  },
  "global_mov": [
    265.983868023071,
    151.11412679056983
  ]
}