{
  "1": {
    "class_id": 1,
    "centroid": [
      279.11138916015625,
      179.67477416992188
    ],
    "length": [
      139.73135375976562,
      210.51666259765625
    ],
    "angle": 94.01000213623047
  },
  "2": {
    "class_id": 2,
    "centroid": [
      282.0677185058594,
      180.08697509765625
    ],
    "length": [
      95.39364624023438,
      135.02015686035156
    ],
    "angle": 95.2474136352539
  },
  "global_mov": [
    254.19919066940489,
    134.42908976359922
  ]
}