{
  "1": {
    "class_id": 1,
    "centroid": [
      293.0912780761719,
      149.84571838378906
    ],
    "length": [
      144.17735290527344,
      207.0875701904297
    ],
    "angle": 90.81694030761719
  },
  "2": {
    "class_id": 2,
    "centroid": [
      293.78009033203125,
      151.03433227539062
    ],
    "length": [
      98.70276641845703,
      130.96279907226562
    ],
    "angle": 94.05858612060547
  },
  "global_mov": [
    269.5404590940863,
    139.064215187634
  ]
}