{
  "1": {
    "class_id": 1,
    "centroid": [
      284.2417297363281,
      152.09657287597656
    ],
    "length": [
      146.94949340820312,
      208.6142578125
    ],
    "angle": 90.74786376953125
  },
  "2": {
    "class_id": 2,
    "centroid": [
      287.86688232421875,
      153.98179626464844
    ],
    "length": [
      102.73239135742188,
      134.423583984375
    ],
    "angle": 94.630859375
  },
  "global_mov": [
    266.6652797017435,
    135.23985893853956
  ]
}