{
  "1": {
    "class_id": 1,
    "centroid": [
      273.3190002441406,
      157.3402862548828
    ],
    "length": [
      132.72108459472656,
      192.90013122558594
    ],
    "angle": 90.32085418701172
  },
  "2": {
    "class_id": 2,
    "centroid": [
      278.8081970214844,
      157.1361846923828
    ],
    "length": [
      94.33544921875,
      126.93063354492188
    ],
    "angle": 86.60909271240234
  },
  "global_mov": [
    284.4815021901463,
    148.9478546846937
  ]
}