{
  "1": {
    "class_id": 1,
    "centroid": [
      286.8202819824219,
      154.9645233154297
    ],
    "length": [
      142.13531494140625,
      211.2392578125
    ],
    "angle": 91.08385467529297
  },
  "2": {
    "class_id": 2,
    "centroid": [
      291.22418212890625,
      155.7654266357422
    ],
    "length": [
      96.37332153320312,
      133.87269592285156
    ],
    "angle": 92.50293731689453
  },
  "global_mov": [
    268.86612960956234,
    133.1233036183552
  ]
}