{
  "1": {
    "class_id": 1,
    "centroid": [
      300.9091491699219,
      146.25509643554688
    ],
    "length": [
      133.50628662109375,
      197.03970336914062
    ],
    "angle": 90.63407897949219
  },
  "2": {
    "class_id": 2,
    "centroid": [
      298.3544921875,
      146.53883361816406
    ],
    "length": [
      94.95089721679688,
      126.18978881835938
    ],
    "angle": 92.560546875
  },
  "global_mov": [
    275.2526640636339,
    130.62951826703636
  ]
}