{
  "1": {
    "class_id": 1,
    "centroid": [
      273.1479187011719,
      145.89759826660156
    ],
    "length": [
      135.91009521484375,
      194.6445770263672
    ],
    "angle": 89.61482238769531
  },
  "2": {
    "class_id": 2,
    "centroid": [
      277.2445068359375,
      145.34844970703125
    ],
    "length": [
      102.68267822265625,
      140.0964813232422
    ],
    "angle": 85.83263397216797
  },
  "global_mov": [
    256.92714253822214,
    142.0017240881064
  ]
}