{
  "1": {
    "class_id": 1,
    "centroid": [
      282.03558349609375,
      138.01486206054688
    ],
    "length": [
      144.5219268798828,
      205.04698181152344
    ],
    "angle": 91.79206085205078
  },
  "2": {
    "class_id": 2,
    "centroid": [
      282.1525573730469,
      138.49560546875
    ],
    "length": [
      95.73289489746094,
      131.3321075439453
    ],
    "angle": 91.82440948486328
  },
  "global_mov": [
    248.30142184386503,
    117.33904063646918
  ]
}