{
  "1": {
    "class_id": 1,
    "centroid": [
      287.32476806640625,
      177.41986083984375
    ],
    "length": [
      143.84689331054688,
      212.47576904296875
    ],
    "angle": 92.98686218261719
  },
  "2": {
    "class_id": 2,
    "centroid": [
      290.912109375,
      177.82791137695312
    ],
    "length": [
      97.40372467041016,
      134.65792846679688
    ],
    "angle": 93.64734649658203
  },
  "global_mov": [
    264.17416575911733,
    136.4953090641129
  ]
}