{
  "1": {
    "class_id": 1,
    "centroid": [
      279.7277526855469,
      184.0496368408203
    ],
    "length": [
      142.94322204589844,
      210.44764709472656
    ],
    "angle": 93.44518280029297
  },
  "2": {
    "class_id": 2,
    "centroid": [
      282.9390563964844,
      184.1497039794922
    ],
    "length": [
      96.03282928466797,
      134.51763916015625
    ],
    "angle": 94.3077163696289
  },
  "global_mov": [
    257.75377129995417,
    137.6939490615516
  ]
}