{
  "1": {
    "class_id": 1,
    "centroid": [
      273.3742370605469,
      137.47740173339844
    ],
    "length": [
      137.79962158203125,
      194.40769958496094
    ],
    "angle": 90.22374725341797
  },
  "2": {
    "class_id": 2,
    "centroid": [
      274.8300476074219,
      138.6602020263672
    ],
    "length": [
      99.6078109741211,
      131.00784301757812
    ],
    "angle": 90.67508697509766
  },
  "global_mov": [
    262.71835881931446,
    131.21526065633842
  ]
}