{
  "1": {
    "class_id": 1,
    "centroid": [
      291.77459716796875,
      128.8202362060547
    ],
    "length": [
      145.5830535888672,
      208.04554748535156
    ],
    "angle": 90.35690307617188
  },
  "2": {
    "class_id": 2,
    "centroid": [
      293.2267761230469,
      128.76815795898438
    ],
    "length": [
      96.48992156982422,
      127.45308685302734
    ],
    "angle": 92.21539306640625
  },
  "global_mov": [
    261.2710150517725,
    114.14691327032403
  ]
}