{
  "1": {
    "class_id": 1,
    "centroid": [
      263.15118408203125,
      158.6365966796875
    ],
    "length": [
      146.27432250976562,
      210.44325256347656
    ],
    "angle": 93.4374771118164
  },
  "2": {
    "class_id": 2,
    "centroid": [
      266.01947021484375,
      159.6795654296875
    ],
    "length": [
      100.35460662841797,
      131.44027709960938
    ],
    "angle": 92.4465103149414
  },
  "global_mov": [
    247.29673182019738,
    137.03699226628171
  ]
}