{
  "1": {
    "class_id": 1,
    "centroid": [
      314.19866943359375,
      165.9279327392578
    ],
    "length": [
      136.97207641601562,
      200.67919921875
    ],
    "angle": 89.6480941772461
  },
  "2": {
    "class_id": 2,
    "centroid": [
      315.2669677734375,
      165.9626007080078
    ],
    "length": [
      101.62373352050781,
      133.0157012939453
    ],
    "angle": 88.40302276611328
  },
  "global_mov": [
    284.61239532396553,
    156.1259866918658
  ]
}