{
  "1": {
    "class_id": 1,
    "centroid": [
      285.1249694824219,
      176.42323303222656
    ],
    "length": [
      141.6261749267578,
      211.29153442382812
    ],
    "angle": 93.4948959350586
  },
  "2": {
    "class_id": 2,
    "centroid": [
      288.3096923828125,
      177.0980987548828
    ],
    "length": [
      97.27275848388672,
      136.23529052734375
    ],
    "angle": 93.7148666381836
  },
  "global_mov": [
    255.47123951732672,
    135.63351534713726
  ]
}