{
  "1": {
    "class_id": 1,
    "centroid": [
      289.7762756347656,
      151.7254180908203
    ],
    "length": [
      144.76885986328125,
      206.2509765625
    ],
    "angle": 91.21774291992188
  },
  "2": {
    "class_id": 2,
    "centroid": [
      290.3014831542969,
      152.69198608398438
    ],
    "length": [
      98.23495483398438,
      131.47830200195312
    ],
    "angle": 93.60042572021484
  },
  "global_mov": [
    266.08916567817926,
    140.399847430101
  ]
}