{
  "1": {
    "class_id": 1,
    "centroid": [
      230.4703369140625,
      135.6073760986328
    ],
    "length": [
      149.60147094726562,
      211.5777130126953
    ],
    "angle": 91.47415924072266
  },
  "2": {
    "class_id": 2,
    "centroid": [
      232.96878051757812,
      136.68959045410156
    ],
    "length": [
      103.13710021972656,
      131.82199096679688
    ],
    "angle": 92.23676300048828
  },
  "global_mov": [
    201.50592783547276,
    107.66738636978079
  ]
}