{
  "1": {
    "class_id": 1,
    "centroid": [
      311.28509521484375,
      148.9808349609375
    ],
    "length": [
      147.16490173339844,
      210.423095703125
    ],
    "angle": 88.67926788330078
  },
  "2": {
    "class_id": 2,
    "centroid": [
      312.0439147949219,
      150.15188598632812
    ],
    "length": [
      99.82575988769531,
      131.5703125
    ],
    "angle": 94.1460952758789
  },
  "global_mov": [
    269.11766294645207,
    141.3223502731306
  ]
}