{
  "1": {
    "class_id": 1,
    "centroid": [
      295.4848327636719,
      163.93907165527344
    ],
    "length": [
      144.0689697265625,
      206.28753662109375
    ],
    "angle": 91.86378479003906
  },
  "2": {
    "class_id": 2,
    "centroid": [
      295.56280517578125,
      165.21087646484375
    ],
    "length": [
      97.9378433227539,
      129.83966064453125
    ],
    "angle": 94.22901153564453
  },
  "global_mov": [
    251.75944534425187,
    144.23377978309546
  ]
}