{
  "1": {
    "class_id": 1,
    "centroid": [
      294.6184387207031,
      149.55763244628906
    ],
    "length": [
      146.17779541015625,
      207.30865478515625
    ],
    "angle": 90.44573211669922
  },
  "2": {
    "class_id": 2,
    "centroid": [
      295.7388916015625,
      150.4698028564453
    ],
    "length": [
      98.8749008178711,
      129.5177764892578
    ],
    "angle": 94.54204559326172
  },
  "global_mov": [
    259.1170739780768,
    136.57453686037994
  ]
}