{
  "1": {
    "class_id": 1,
    "centroid": [
      303.4541931152344,
      152.67044067382812
    ],
    "length": [
      144.9506378173828,
      227.08302307128906
    ],
    "angle": 84.18328094482422
  },
  "2": {
    "class_id": 2,
    "centroid": [
      308.739990234375,
      153.25831604003906
    ],
    "length": [
      99.02806091308594,
      134.8812713623047
    ],
    "angle": 91.84394073486328
  },
  "global_mov": [
    272.4752244612242,
    143.32550116976358
  ]
}