{
  "1": {
    "class_id": 1,
    "centroid": [
      267.9097900390625,
      163.34832763671875
    ],
    "length": [
      129.8999786376953,
      188.95053100585938
    ],
    "angle": 93.68505096435547
  },
  "2": {
    "class_id": 2,
    "centroid": [
      271.59039306640625,
      164.5077667236328
    ],
    "length": [
      94.98492431640625,
      128.3321533203125
    ],
    "angle": 97.11587524414062
  },
  "global_mov": [
    289.7488949165233,
    143.13186531932047
  ]
}