{
  "1": {
    "class_id": 1,
    "centroid": [
      302.8264465332031,
      142.50701904296875
    ],
    "length": [
      147.0021514892578,
      209.1630859375
    ],
    "angle": 89.99481201171875
  },
  "2": {
    "class_id": 2,
    "centroid": [
      306.0375061035156,
      142.9115753173828
    ],
    "length": [
      101.68049621582031,
      134.09368896484375
    ],
    "angle": 91.36552429199219
  },
  "global_mov": [
    277.5525827721742,
    133.5273104487869
  ]
}