{
  "1": {
    "class_id": 1,
    "centroid": [
      281.8424987792969,
      182.67889404296875
    ],
    "length": [
      142.53140258789062,
      211.4025115966797
    ],
    "angle": 92.98164367675781
  },
  "2": {
    "class_id": 2,
    "centroid": [
      284.9585266113281,
      183.10939025878906
    ],
    "length": [
      97.0462646484375,
      133.69090270996094
    ],
    "angle": 93.06565856933594
  },
  "global_mov": [
    259.2676899690695,
    137.27756394308275
  ]
}