{
  "1": {
    "class_id": 1,
    "centroid": [
      302.2909851074219,
      145.0877227783203
    ],
    "length": [
      146.01312255859375,
      210.53529357910156
    ],
    "angle": 90.36631774902344
  },
  "2": {
    "class_id": 2,
    "centroid": [
      304.700439453125,
      146.39637756347656
    ],
    "length": [
      100.27250671386719,
      135.32261657714844
    ],
    "angle": 90.88101959228516
  },
  "global_mov": [
    279.1649921943863,
    133.6760102902738
  ]
}