{
  "1": {
    "class_id": 1,
    "centroid": [
      311.7213439941406,
      140.71795654296875
    ],
    "length": [
      137.69796752929688,
      200.98037719726562
    ],
    "angle": 87.05387115478516
  },
  "2": {
    "class_id": 2,
    "centroid": [
      313.0498962402344,
      142.7609405517578
    ],
    "length": [
      103.07259368896484,
      128.65716552734375
    ],
    "angle": 93.68216705322266
  },
  "global_mov": [
    266.479700896585,
    148.89800469855268
  ]
}