{
  "1": {
    "class_id": 1,
    "centroid": [
      301.1421203613281,
      139.5428924560547
    ],
    "length": [
      135.8194580078125,
      197.82028198242188
    ],
    "angle": 86.7768325805664
  },
  "2": {
    "class_id": 2,
    "centroid": [
      301.57177734375,
      143.5125274658203
    ],
    "length": [
      98.22718811035156,
      126.33819580078125
    ],
    "angle": 83.6223373413086
  },
  "global_mov": [
    275.77869501570547,
    148.74637727717587
  ]
}