{
  "1": {
    "class_id": 1,
    "centroid": [
      285.69183349609375,
      150.65415954589844
    ],
    "length": [
      135.35328674316406,
      195.03158569335938
    ],
    "angle": 89.2038803100586
  },
  "2": {
    "class_id": 2,
    "centroid": [
      287.0751647949219,
      150.99606323242188
    ],
    "length": [
      100.0109634399414,
      132.36676025390625
    ],
    "angle": 84.13825225830078
  },
  "global_mov": [
    264.92604211225483,
    144.62047583258504
  ]
}