{
  "1": {
    "class_id": 1,
    "centroid": [
      294.95880126953125,
      170.80960083007812
    ],
    "length": [
      132.06924438476562,
      195.90013122558594
    ],
    "angle": 92.80532836914062
  },
  "2": {
    "class_id": 2,
    "centroid": [
      299.7052001953125,
      169.89297485351562
    ],
    "length": [
      94.00659942626953,
      138.0186309814453
    ],
    "angle": 92.63729858398438
  },
  "global_mov": [
    278.7406699723719,
    145.24820638903935
  ]
}