{
  "1": {
    "class_id": 1,
    "centroid": [
      281.1854248046875,
      140.1490020751953
    ],
    "length": [
      145.43603515625,
      205.31982421875
    ],
    "angle": 91.16329956054688
  },
  "2": {
    "class_id": 2,
    "centroid": [
      281.3782043457031,
      140.6785125732422
    ],
    "length": [
      96.70276641845703,
      131.27500915527344
    ],
    "angle": 92.2883071899414
  },
  "global_mov": [
    256.7166258527015,
    122.35083530747947
  ]
}