{
  "1": {
    "class_id": 1,
    "centroid": [
      297.07000732421875,
      154.17405700683594
    ],
    "length": [
      130.756103515625,
      194.49913024902344
    ],
    "angle": 92.65896606445312
  },
  "2": {
    "class_id": 2,
    "centroid": [
      299.2405700683594,
      151.66961669921875
    ],
    "length": [
      90.00464630126953,
      132.49256896972656
    ],
    "angle": 94.5883560180664
  },
  "global_mov": [
    271.8355407425488,
    129.92669076258676
  ]
}