{
  "1": {
    "class_id": 1,
    "centroid": [
      273.8870849609375,
      142.82525634765625
    ],
    "length": [
      148.83978271484375,
      210.76339721679688
    ],
    "angle": 91.22148895263672
  },
  "2": {
    "class_id": 2,
    "centroid": [
      278.139892578125,
      143.888671875
    ],
    "length": [
      101.863525390625,
      133.06382751464844
    ],
    "angle": 95.76213836669922
  },
  "global_mov": [
    257.6213902457127,
    132.67258191752396
  ]
}