{
  "1": {
    "class_id": 1,
    "centroid": [
      294.4938049316406,
      149.73165893554688
    ],
    "length": [
      131.06686401367188,
      195.67898559570312
    ],
    "angle": 90.68485260009766
  },
  "2": {
    "class_id": 2,
    "centroid": [
      296.7436218261719,
      147.48165893554688
    ],
    "length": [
      90.88892364501953,
      131.5515594482422
    ],
    "angle": 94.60572052001953
  },
  "global_mov": [
    266.2230748755323,
    128.72792689745083
  ]
}