{
  "1": {
    "class_id": 1,
    "centroid": [
      286.0692138671875,
      175.5049591064453
    ],
    "length": [
      144.86668395996094,
      211.3649139404297
    ],
    "angle": 93.3220443725586
  },
  "2": {
    "class_id": 2,
    "centroid": [
      289.5417785644531,
      176.0690155029297
    ],
    "length": [
      98.30404663085938,
      134.3155059814453
    ],
    "angle": 94.02444458007812
  },
  "global_mov": [
    263.10342262980856,
    137.2895097643175
  ]
}