{
  "1": {
    "class_id": 1,
    "centroid": [
      298.59674072265625,
      153.40744018554688
    ],
    "length": [
      132.1135711669922,
      194.23748779296875
    ],
    "angle": 92.22825622558594
  },
  "2": {
    "class_id": 2,
    "centroid": [
      301.9003601074219,
      151.00791931152344
    ],
    "length": [
      91.42269897460938,
      136.11680603027344
    ],
    "angle": 93.31658172607422
  },
  "global_mov": [
    272.71729047571097,
    128.27467377622156
  ]
}