{
  "1": {
    "class_id": 1,
    "centroid": [
      300.1410827636719,
      163.83045959472656
    ],
    "length": [
      146.7266387939453,
      211.2478485107422
    ],
    "angle": 89.88153076171875
  },
  "2": {
    "class_id": 2,
    "centroid": [
      302.29132080078125,
      166.30966186523438
    ],
    "length": [
      102.14788055419922,
      133.5806121826172
    ],
    "angle": 93.19098663330078
  },
  "global_mov": [
    265.92466864261746,
    150.4604235685425
  ]
}