{
  "1": {
    "class_id": 1,
    "centroid": [
      277.408935546875,
      151.1925811767578
    ],
    "length": [
      143.47366333007812,
      210.3178253173828
    ],
    "angle": 92.92742919921875
  },
  "2": {
    "class_id": 2,
    "centroid": [
      280.6553649902344,
      152.52406311035156
    ],
    "length": [
      97.79385375976562,
      135.41839599609375
    ],
    "angle": 93.72766876220703
  },
  "global_mov": [
    256.27898554157116,
    120.47763595377664
  ]
}