{
  "1": {
    "class_id": 1,
    "centroid": [
      287.05535888671875,
      135.3378448486328
    ],
    "length": [
      134.51226806640625,
      193.82223510742188
    ],
    "angle": 89.6379165649414
  },
  "2": {
    "class_id": 2,
    "centroid": [
      287.44000244140625,
      135.03436279296875
    ],
    "length": [
      99.07494354248047,
      133.7403564453125
    ],
    "angle": 82.7882308959961
  },
  "global_mov": [
    275.0615564734475,
    130.36000842848298
  ]
}