{
  "1": {
    "class_id": 1,
    "centroid": [
      301.3984680175781,
      150.1293487548828
    ],
    "length": [
      145.08409118652344,
      221.78402709960938
    ],
    "angle": 86.32926940917969
  },
  "2": {
    "class_id": 2,
    "centroid": [
      305.59661865234375,
      151.18014526367188
    ],
    "length": [
      99.54950714111328,
      135.27444458007812
    ],
    "angle": 92.20084381103516
  },
  "global_mov": [
    267.43002232903336,
    139.82649876414905
  ]
}