{
  "1": {
    "class_id": 1,
    "centroid": [
      294.63079833984375,
      131.8300018310547
    ],
    "length": [
      134.36305236816406,
      197.17568969726562
    ],
    "angle": 91.17200469970703
  },
  "2": {
    "class_id": 2,
    "centroid": [
      294.4890441894531,
      128.0790252685547
    ],
    "length": [
      92.07646942138672,
      128.3928985595703
    ],
    "angle": 92.5179672241211
  },
  "global_mov": [
    264.563340947932,
    121.7810445536697
  ]
}