{
  "1": {
    "class_id": 1,
    "centroid": [
      302.1389465332031,
      141.1118927001953
    ],
    "length": [
      146.41920471191406,
      208.59561157226562
    ],
    "angle": 90.17070007324219
  },
  "2": {
    "class_id": 2,
    "centroid": [
      304.6071472167969,
      142.91481018066406
    ],
    "length": [
      102.14387512207031,
      135.70425415039062
    ],
    "angle": 91.7335205078125
  },
  "global_mov": [
    279.4458526205956,
    133.3776011540216
  ]
}