{
  "1": {
    "class_id": 1,
    "centroid": [
      280.978271484375,
      170.74073791503906
    ],
    "length": [
      139.77369689941406,
      208.71084594726562
    ],
    "angle": 94.45820617675781
  },
  "2": {
    "class_id": 2,
    "centroid": [
      283.9479064941406,
      171.8059539794922
    ],
    "length": [
      95.89226531982422,
      134.0706787109375
    ],
    "angle": 96.04698944091797
  },
  "global_mov": [
    251.83774803070187,
    125.00089548172737
  ]
}