{
  "1": {
    "class_id": 1,
    "centroid": [
      296.6541748046875,
      150.682373046875
    ],
    "length": [
      145.3381805419922,
      206.01011657714844
    ],
    "angle": 91.0740737915039
  },
  "2": {
    "class_id": 2,
    "centroid": [
      297.25091552734375,
      151.6273651123047
    ],
    "length": [
      98.84164428710938,
      131.0257568359375
    ],
    "angle": 95.25051879882812
  },
  "global_mov": [
    271.74746037346574,
    137.17496604926322
  ]
}