{
  "1": {
    "class_id": 1,
    "centroid": [
      308.7706604003906,
      148.5640869140625
    ],
    "length": [
      146.06103515625,
      208.97377014160156
    ],
    "angle": 88.91439056396484
  },
  "2": {
    "class_id": 2,
    "centroid": [
      309.1670227050781,
      149.7466583251953
    ],
    "length": [
      99.162353515625,
      130.5864715576172
    ],
    "angle": 92.57839965820312
  },
  "global_mov": [
    252.2609800819229,
    136.9540150123009
  ]
}