{
  "1": {
    "class_id": 1,
    "centroid": [
      279.1281433105469,
      138.52603149414062
    ],
    "length": [
      145.1785888671875,
      204.3068389892578
    ],
    "angle": 92.0281753540039
  },
  "2": {
    "class_id": 2,
    "centroid": [
      278.4065856933594,
      138.9203643798828
    ],
    "length": [
      95.95132446289062,
      129.61293029785156
    ],
    "angle": 93.24099731445312
  },
  "global_mov": [
    254.36262760627793,
    116.67174480868061
  ]
}