{
  "1": {
    "class_id": 1,
    "centroid": [
      304.985595703125,
      138.37567138671875
    ],
    "length": [
      136.39585876464844,
      196.8535614013672
    ],
    "angle": 86.83503723144531
  },
  "2": {
    "class_id": 2,
    "centroid": [
      303.8910217285156,
      141.92404174804688
    ],
    "length": [
      99.606689453125,
      126.83110046386719
    ],
    "angle": 89.0136947631836
  },
  "global_mov": [
    276.3977090422476,
    144.30961721502942
  ]
}