{
  "1": {
    "class_id": 1,
    "centroid": [
      289.6941223144531,
      150.03102111816406
    ],
    "length": [
      145.8699951171875,
      207.311279296875
    ],
    "angle": 90.91846466064453
  },
  "2": {
    "class_id": 2,
    "centroid": [
      290.7023620605469,
      151.20523071289062
    ],
    "length": [
      99.59317016601562,
      130.8741912841797
    ],
    "angle": 94.29557800292969
  },
  "global_mov": [
    261.03466178973986,
    138.390316024866
  ]
}