{
  "1": {
    "class_id": 1,
    "centroid": [
      299.3461608886719,
      146.3599395751953
    ],
    "length": [
      133.2217254638672,
      194.43470764160156
    ],
    "angle": 91.51627349853516
  },
  "2": {
    "class_id": 2,
    "centroid": [
      297.3039855957031,
      146.92135620117188
    ],
    "length": [
      96.1297378540039,
      128.8154296875
    ],
    "angle": 88.24565887451172
  },
  "global_mov": [
    277.3096100183465,
    132.44098563930592
  ]
}