{
  "1": {
    "class_id": 1,
    "centroid": [
      303.61474609375,
      148.3837432861328
    ],
    "length": [
      131.73109436035156,
      196.8976593017578
    ],
    "angle": 90.20513153076172
  },
  "2": {
    "class_id": 2,
    "centroid": [
      304.45928955078125,
      147.73826599121094
    ],
    "length": [
      90.3088607788086,
      130.55751037597656
    ],
    "angle": 90.34904479980469
  },
  "global_mov": [
    268.61297237197385,
    131.92844536364078
  ]
}