{
  "1": {
    "class_id": 1,
    "centroid": [
      293.66058349609375,
      152.13169860839844
    ],
    "length": [
      149.0615234375,
      210.484375
    ],
    "angle": 91.05394744873047
  },
  "2": {
    "class_id": 2,
    "centroid": [
      295.2262878417969,
      153.5284423828125
    ],
    "length": [
      101.95276641845703,
      131.10450744628906
    ],
    "angle": 95.55561065673828
  },
  "global_mov": [
    270.4905232240017,
    142.5696902664353
  ]
}