{
  "1": {
    "class_id": 1,
    "centroid": [
      282.2851867675781,
      137.11932373046875
    ],
    "length": [
      144.0773468017578,
      205.35145568847656
    ],
    "angle": 91.72703552246094
  },
  "2": {
    "class_id": 2,
    "centroid": [
      282.5559997558594,
      137.6782684326172
    ],
    "length": [
      95.44790649414062,
      130.75559997558594
    ],
    "angle": 92.35448455810547
  },
  "global_mov": [
    243.8006482355206,
    111.88216925242376
  ]
}