{
  "1": {
    "class_id": 1,
    "centroid": [
      282.733642578125,
      138.43014526367188
    ],
    "length": [
      144.3184356689453,
      203.9174346923828
    ],
    "angle": 91.3089370727539
  },
  "2": {
    "class_id": 2,
    "centroid": [
      283.07135009765625,
      138.82260131835938
    ],
    "length": [
      96.68109130859375,
      129.90652465820312
    ],
    "angle": 91.96179962158203
  },
  "global_mov": [
    252.47584306481178,
    118.80031959541014
  ]
}