{
  "1": {
    "class_id": 1,
    "centroid": [
      297.7822570800781,
      155.05567932128906
    ],
    "length": [
      130.78955078125,
      194.2737274169922
    ],
    "angle": 93.06079864501953
  },
  "2": {
    "class_id": 2,
    "centroid": [
      298.1080627441406,
      153.9040985107422
    ],
    "length": [
      91.09765625,
      132.83343505859375
    ],
    "angle": 90.03581237792969
  },
  "global_mov": [
    272.43312005738943,
    130.75534127777368
  ]
}