{
  "1": {
    "class_id": 1,
    "centroid": [
      299.65838623046875,
      147.88983154296875
    ],
    "length": [
      145.6993408203125,
      207.53668212890625
    ],
    "angle": 91.11585998535156
  },
  "2": {
    "class_id": 2,
    "centroid": [
      300.2514343261719,
      148.88536071777344
    ],
    "length": [
      99.07041931152344,
      130.98419189453125
    ],
    "angle": 94.47489166259766
  },
  "global_mov": [
    272.5378004057068,
    137.07797381687408
  ]
}