{
  "1": {
    "class_id": 1,
    "centroid": [
      281.6443786621094,
      142.70904541015625
    ],
    "length": [
      144.52029418945312,
      205.55239868164062
    ],
    "angle": 92.49697875976562
  },
  "2": {
    "class_id": 2,
    "centroid": [
      281.33685302734375,
      143.4947967529297
    ],
    "length": [
      96.6683120727539,
      129.7764892578125
    ],
    "angle": 93.04489135742188
  },
  "global_mov": [
    255.66970418422798,
    118.21594524823949
  ]
}