{
  "1": {
    "class_id": 1,
    "centroid": [
      281.9507751464844,
      183.06346130371094
    ],
    "length": [
      142.5962371826172,
      209.10049438476562
    ],
    "angle": 93.21903991699219
  },
  "2": {
    "class_id": 2,
    "centroid": [
      285.26904296875,
      183.41653442382812
    ],
    "length": [
      96.62200164794922,
      133.87696838378906
    ],
    "angle": 93.81877899169922
  },
  "global_mov": [
    261.3211218115402,
    137.4189715490685
  ]
}