{
  "1": {
    "class_id": 1,
    "centroid": [
      290.0115966796875,
      152.0275115966797
    ],
    "length": [
      144.49734497070312,
      206.14015197753906
    ],
    "angle": 91.2792739868164
  },
  "2": {
    "class_id": 2,
    "centroid": [
      290.81488037109375,
      153.1903839111328
    ],
    "length": [
      98.78419494628906,
      130.0529022216797
    ],
    "angle": 94.7523193359375
  },
  "global_mov": [
    268.2284594376313,
    140.78920419949148
  ]
}