{
  "1": {
    "class_id": 1,
    "centroid": [
      278.0977783203125,
      149.48745727539062
    ],
    "length": [
      132.7247314453125,
      194.1405029296875
    ],
    "angle": 88.86812591552734
  },
  "2": {
    "class_id": 2,
    "centroid": [
      282.72613525390625,
      150.00401306152344
    ],
    "length": [
      95.72611999511719,
      132.7110595703125
    ],
    "angle": 81.4137954711914
  },
  "global_mov": [
    258.9306611779283,
    143.15254305657484
  ]
}