{
  "1": {
    "class_id": 1,
    "centroid": [
      289.00726318359375,
      150.39122009277344
    ],
    "length": [
      144.83544921875,
      205.82745361328125
    ],
    "angle": 91.52063751220703
  },
  "2": {
    "class_id": 2,
    "centroid": [
      289.6448669433594,
      151.46224975585938
    ],
    "length": [
      98.95142364501953,
      131.19642639160156
    ],
    "angle": 94.59734344482422
  },
  "global_mov": [
    258.1500301989759,
    136.0242797726143
  ]
}