{
  "1": {
    "class_id": 1,
    "centroid": [
      284.17401123046875,
      180.38650512695312
    ],
    "length": [
      142.82266235351562,
      211.36656188964844
    ],
    "angle": 92.56098937988281
  },
  "2": {
    "class_id": 2,
    "centroid": [
      287.9156494140625,
      181.12716674804688
    ],
    "length": [
      97.60186004638672,
      134.24072265625
    ],
    "angle": 92.70611572265625
  },
  "global_mov": [
    259.72657254549785,
    135.35797429470074
  ]
}