{
  "1": {
    "class_id": 1,
    "centroid": [
      274.7576904296875,
      182.46612548828125
    ],
    "length": [
      142.6194610595703,
      210.0340118408203
    ],
    "angle": 94.38187408447266
  },
  "2": {
    "class_id": 2,
    "centroid": [
      277.8668518066406,
      183.12745666503906
    ],
    "length": [
      97.2601089477539,
      133.783935546875
    ],
    "angle": 93.81494140625
  },
  "global_mov": [
    256.163243219701,
    137.81034764502053
  ]
}