{
  "1": {
    "class_id": 1,
    "centroid": [
      294.0960693359375,
      150.8106689453125
    ],
    "length": [
      146.1016845703125,
      208.4977569580078
    ],
    "angle": 90.55670928955078
  },
  "2": {
    "class_id": 2,
    "centroid": [
      294.8269348144531,
      151.8661651611328
    ],
    "length": [
      99.37340545654297,
      131.0018768310547
    ],
    "angle": 94.07820129394531
  },
  "global_mov": [
    260.84075848042795,
    140.53725700640516
  ]
}