{
  "1": {
    "class_id": 1,
    "centroid": [
      281.1580505371094,
      147.8245849609375
    ],
    "length": [
      134.2621307373047,
      193.76800537109375
    ],
    "angle": 87.90873718261719
  },
  "2": {
    "class_id": 2,
    "centroid": [
      283.25262451171875,
      148.1292724609375
    ],
    "length": [
      98.29639434814453,
      131.56710815429688
    ],
    "angle": 80.34603881835938
  },
  "global_mov": [
    262.4615364542785,
    143.41323259564302
  ]
}