{
  "1": {
    "class_id": 1,
    "centroid": [
      281.6880798339844,
      179.87046813964844
    ],
    "length": [
      144.2968292236328,
      210.83026123046875
    ],
    "angle": 93.26893615722656
  },
  "2": {
    "class_id": 2,
    "centroid": [
      286.0209655761719,
      181.09725952148438
    ],
    "length": [
      98.87130737304688,
      132.37423706054688
    ],
    "angle": 94.92688751220703
  },
  "global_mov": [
    257.58596960141375,
    141.33339493901315
  ]
}