{
  "1": {
    "class_id": 1,
    "centroid": [
      286.1083984375,
      170.26426696777344
    ],
    "length": [
      149.96221923828125,
      210.85745239257812
    ],
    "angle": 91.31436157226562
  },
  "2": {
    "class_id": 2,
    "centroid": [
      287.3966979980469,
      172.1310272216797
    ],
    "length": [
      102.59878540039062,
      132.38140869140625
    ],
    "angle": 95.09417724609375
  },
  "global_mov": [
    238.96357747566267,
    146.9499821543353
  ]
}