{
  "1": {
    "class_id": 1,
    "centroid": [
      307.5323486328125,
      162.75181579589844
    ],
    "length": [
      133.8157958984375,
      196.8197784423828
    ],
    "angle": 90.66630554199219
  },
  "2": {
    "class_id": 2,
    "centroid": [
      308.32794189453125,
      162.6645050048828
    ],
    "length": [
      95.9220962524414,
      133.41806030273438
    ],
    "angle": 92.22349548339844
  },
  "global_mov": [
    272.7190179600876,
    140.5988053576369
  ]
}