{
  "1": {
    "class_id": 1,
    "centroid": [
      296.7669677734375,
      154.5639190673828
    ],
    "length": [
      150.3793182373047,
      210.9385528564453
    ],
    "angle": 90.09913635253906
  },
  "2": {
    "class_id": 2,
    "centroid": [
      299.06304931640625,
      155.6638641357422
    ],
    "length": [
      101.1865005493164,
      132.87193298339844
    ],
    "angle": 93.89042663574219
  },
  "global_mov": [
    276.05118061862,
    147.54129048820892
  ]
}