{
  "1": {
    "class_id": 1,
    "centroid": [
      298.8406677246094,
      155.25665283203125
    ],
    "length": [
      149.9453125,
      214.7622528076172
    ],
    "angle": 91.0367202758789
  },
  "2": {
    "class_id": 2,
    "centroid": [
      304.0406188964844,
      155.5189666748047
    ],
    "length": [
      99.44622802734375,
      133.19667053222656
    ],
    "angle": 93.00071716308594
  },
  "global_mov": [
    261.0404919390491,
    137.22361327948124
  ],
  "4": {
    "class_id": "slit knife",
    "tip": [
      220.3046308542181,
      230.37047450231327
    ],
    "length": 101.11619567871094,
    "angle": 44.19307327270508
  }
}