{
  "1": {
    "class_id": 1,
    "centroid": [
      272.912841796875,
      143.5399627685547
    ],
    "length": [
      149.49423217773438,
      209.09127807617188
    ],
    "angle": 91.46253204345703
  },
  "2": {
    "class_id": 2,
    "centroid": [
      277.67529296875,
      145.02096557617188
    ],
    "length": [
      101.41587829589844,
      132.84576416015625
    ],
    "angle": 96.44091796875
  },
  "global_mov": [
    259.6253298778183,
    132.80345809103116
  ]
}