{
  "1": {
    "class_id": 1,
    "centroid": [
      290.060546875,
      151.05935668945312
    ],
    "length": [
      144.33270263671875,
      206.1833953857422
    ],
    "angle": 91.79627990722656
  },
  "2": {
    "class_id": 2,
    "centroid": [
      290.9232177734375,
      152.14266967773438
    ],
    "length": [
      98.53836059570312,
      131.06515502929688
    ],
    "angle": 95.0102310180664
  },
  "global_mov": [
    271.3368274892609,
    139.45815253660393
  ]
}