{
  "1": {
    "class_id": 1,
    "centroid": [
      298.27386474609375,
      147.77041625976562
    ],
    "length": [
      145.30838012695312,
      206.4065399169922
    ],
    "angle": 91.29782104492188
  },
  "2": {
    "class_id": 2,
    "centroid": [
      299.3014221191406,
      148.95896911621094
    ],
    "length": [
      98.77445220947266,
      132.09152221679688
    ],
    "angle": 94.65921783447266
  },
  "global_mov": [
    272.3026347685136,
    137.30816680811378
  ]
}