{
  "1": {
    "class_id": 1,
    "centroid": [
      277.8203430175781,
      166.6046142578125
    ],
    "length": [
      139.52154541015625,
      209.2734832763672
    ],
    "angle": 94.22777557373047
  },
  "2": {
    "class_id": 2,
    "centroid": [
      281.5218200683594,
      166.4690704345703
    ],
    "length": [
      92.654052734375,
      134.24644470214844
    ],
    "angle": 95.62962341308594
  },
  "global_mov": [
    248.43321264211968,
    120.89997123398068
  ]
}