{
  "1": {
    "class_id": 1,
    "centroid": [
      306.62017822265625,
      148.7782440185547
    ],
    "length": [
      147.6131134033203,
      207.40782165527344
    ],
    "angle": 89.61837005615234
  },
  "2": {
    "class_id": 2,
    "centroid": [
      307.2467956542969,
      149.96795654296875
    ],
    "length": [
      99.95491790771484,
      131.2421417236328
    ],
    "angle": 93.72492980957031
  },
  "global_mov": [
    275.46483361261875,
    139.23043808654458
  ]
}