{
  "1": {
    "class_id": 1,
    "centroid": [
      345.9144287109375,
      171.58779907226562
    ],
    "length": [
      148.41183471679688,
      209.09193420410156
    ],
    "angle": 87.81118774414062
  },
  "2": {
    "class_id": 2,
    "centroid": [
      348.4996032714844,
      173.18075561523438
    ],
    "length": [
      101.90319061279297,
      131.80372619628906
    ],
    "angle": 90.63350677490234
  },
  "global_mov": [
    255.3538926449149,
    143.43986939545934
  ]
}