{
  "1": {
    "class_id": 1,
    "centroid": [
      292.3484802246094,
      152.8553009033203
    ],
    "length": [
      144.95037841796875,
      208.1256561279297
    ],
    "angle": 90.72212219238281
  },
  "2": {
    "class_id": 2,
    "centroid": [
      293.4161071777344,
      153.7350616455078
    ],
    "length": [
      99.40194702148438,
      130.50262451171875
    ],
    "angle": 94.18382263183594
  },
  "global_mov": [
    266.5712214618516,
    140.93631014219721
  ]
}