{
  "1": {
    "class_id": 1,
    "centroid": [
      286.90826416015625,
      152.68801879882812
    ],
    "length": [
      132.48451232910156,
      195.7655029296875
    ],
    "angle": 89.76819610595703
  },
  "2": {
    "class_id": 2,
    "centroid": [
      293.9826965332031,
      151.13925170898438
    ],
    "length": [
      93.52604675292969,
      129.81216430664062
    ],
    "angle": 90.12464141845703
  },
  "global_mov": [
    268.81351132834425,
    138.79834219920045
  ]
}