{
  "1": {
    "class_id": 1,
    "centroid": [
      299.588134765625,
      156.1742401123047
    ],
    "length": [
      134.973876953125,
      193.6227569580078
    ],
    "angle": 90.2827377319336
  },
  "2": {
    "class_id": 2,
    "centroid": [
      300.4952697753906,
      154.8634796142578
    ],
    "length": [
      95.83486938476562,
      132.4735107421875
    ],
    "angle": 92.73372650146484
  },
  "global_mov": [
    272.2749094808964,
    143.40955116065848
  ]
}