{
  "1": {
    "class_id": 1,
    "centroid": [
      294.7510070800781,
      150.51881408691406
    ],
    "length": [
      132.02098083496094,
      194.29837036132812
    ],
    "angle": 91.41626739501953
  },
  "2": {
    "class_id": 2,
    "centroid": [
      297.3016662597656,
      148.8652801513672
    ],
    "length": [
      90.6544418334961,
      132.2271270751953
    ],
    "angle": 94.93232727050781
  },
  "global_mov": [
    272.26487565041407,
    131.252299687132
  ]
}