{
  "1": {
    "class_id": 1,
    "centroid": [
      273.6269226074219,
      156.30984497070312
    ],
    "length": [
      131.50961303710938,
      192.69430541992188
    ],
    "angle": 89.7951889038086
  },
  "2": {
    "class_id": 2,
    "centroid": [
      278.5307312011719,
      156.03103637695312
    ],
    "length": [
      93.77802276611328,
      128.71780395507812
    ],
    "angle": 82.5977783203125
  },
  "global_mov": [
    285.23595715924165,
    150.2462131178693
  ]
}