{
  "1": {
    "class_id": 1,
    "centroid": [
      301.889404296875,
      155.45130920410156
    ],
    "length": [
      147.64671325683594,
      210.52757263183594
    ],
    "angle": 90.38878631591797
  },
  "2": {
    "class_id": 2,
    "centroid": [
      306.80047607421875,
      156.58905029296875
    ],
    "length": [
      107.36812591552734,
      141.21707153320312
    ],
    "angle": 90.84066772460938
  },
  "global_mov": [
    268.5341850914472,
    150.88987177303383
  ]
}