{
  "1": {
    "class_id": 1,
    "centroid": [
      263.4528503417969,
      159.17874145507812
    ],
    "length": [
      130.52468872070312,
      192.5926055908203
    ],
    "angle": 93.89952850341797
  },
  "2": {
    "class_id": 2,
    "centroid": [
      269.2640380859375,
      159.4238739013672
    ],
    "length": [
      96.18981170654297,
      131.90939331054688
    ],
    "angle": 92.41541290283203
  },
  "global_mov": [
    256.7192276519247,
    144.08772287084687
  ]
}