{
  "1": {
    "class_id": 1,
    "centroid": [
      301.29107666015625,
      153.30699157714844
    ],
    "length": [
      150.439453125,
      214.12330627441406
    ],
    "angle": 90.84376525878906
  },
  "2": {
    "class_id": 2,
    "centroid": [
      305.56817626953125,
      154.31883239746094
    ],
    "length": [
      101.06137084960938,
      133.88543701171875
    ],
    "angle": 93.70417022705078
  },
  "global_mov": [
    260.13386690914746,
    138.87275991901376
  ],
  "4": {
    "class_id": "slit knife",
    "tip": [
      252.0000157879197,
      221.99999947086937
    ],
    "length": 114.55130004882812,
    "angle": 45.0
  }
}