{
  "1": {
    "class_id": 1,
    "centroid": [
      295.6376647949219,
      163.1647186279297
    ],
    "length": [
      144.35934448242188,
      206.07749938964844
    ],
    "angle": 91.773193359375
  },
  "2": {
    "class_id": 2,
    "centroid": [
      295.663330078125,
      164.246337890625
    ],
    "length": [
      97.49568176269531,
      129.3606719970703
    ],
    "angle": 94.48178100585938
  },
  "global_mov": [
    251.56467386827123,
    144.08351890727238
  ]
}