{
  "1": {
    "class_id": 1,
    "centroid": [
      300.244384765625,
      157.42897033691406
    ],
    "length": [
      147.27117919921875,
      209.3311767578125
    ],
    "angle": 90.94916534423828
  },
  "2": {
    "class_id": 2,
    "centroid": [
      305.51361083984375,
      158.83480834960938
    ],
    "length": [
      109.22247314453125,
      141.6575927734375
    ],
    "angle": 92.5156021118164
  },
  "global_mov": [
    268.92332625438263,
    151.76363163135264
  ]
}