{
  "1": {
    "class_id": 1,
    "centroid": [
      298.6334533691406,
      160.96945190429688
    ],
    "length": [
      146.95692443847656,
      209.87954711914062
    ],
    "angle": 91.37450408935547
  },
  "2": {
    "class_id": 2,
    "centroid": [
      302.9656982421875,
      161.91012573242188
    ],
    "length": [
      106.71772003173828,
      141.14108276367188
    ],
    "angle": 91.60716247558594
  },
  "global_mov": [
    266.7555152501337,
    154.04603375950884
  ]
}