{
  "1": {
    "class_id": 1,
    "centroid": [
      311.96356201171875,
      160.71690368652344
    ],
    "length": [
      136.43504333496094,
      198.36514282226562
    ],
    "angle": 89.60450744628906
  },
  "2": {
    "class_id": 2,
    "centroid": [
      315.12554931640625,
      161.28768920898438
    ],
    "length": [
      101.25897979736328,
      134.2667236328125
    ],
    "angle": 88.66710662841797
  },
  "global_mov": [
    282.28850067182697,
    146.09256964349183
  ]
}