{
  "1": {
    "class_id": 1,
    "centroid": [
      297.95806884765625,
      157.03399658203125
    ],
    "length": [
      147.0324249267578,
      208.8318634033203
    ],
    "angle": 90.59148406982422
  },
  "2": {
    "class_id": 2,
    "centroid": [
      303.34515380859375,
      158.6578369140625
    ],
    "length": [
      108.23291015625,
      141.27110290527344
    ],
    "angle": 91.86268615722656
  },
  "global_mov": [
    268.2849148313976,
    151.83408341895174
  ]
}