{
  "1": {
    "class_id": 1,
    "centroid": [
      295.6521301269531,
      142.6852569580078
    ],
    "length": [
      146.7110595703125,
      206.86634826660156
    ],
    "angle": 90.7248306274414
  },
  "2": {
    "class_id": 2,
    "centroid": [
      299.13507080078125,
      144.43231201171875
    ],
    "length": [
      103.90288543701172,
      133.6499786376953
    ],
    "angle": 93.45523834228516
  },
  "global_mov": [
    280.3150910981891,
    133.83450968741002
  ]
}