{
  "1": {
    "class_id": 1,
    "centroid": [
      282.75982666015625,
      154.3716278076172
    ],
    "length": [
      132.71490478515625,
      197.56842041015625
    ],
    "angle": 91.00992584228516
  },
  "2": {
    "class_id": 2,
    "centroid": [
      283.24755859375,
      153.77503967285156
    ],
    "length": [
      97.45662689208984,
      127.45296478271484
    ],
    "angle": 84.23200988769531
  },
  "global_mov": [
    264.52009503615596,
    133.40787250050195
  ]
}