{
  "1": {
    "class_id": 1,
    "centroid": [
      293.2654724121094,
      148.26429748535156
    ],
    "length": [
      144.54605102539062,
      206.68167114257812
    ],
    "angle": 91.44234466552734
  },
  "2": {
    "class_id": 2,
    "centroid": [
      294.1130065917969,
      149.48287963867188
    ],
    "length": [
      99.3336410522461,
      130.56491088867188
    ],
    "angle": 94.83068084716797
  },
  "global_mov": [
    270.7953702372338,
    137.89120883859252
  ]
}