{
  "1": {
    "class_id": 1,
    "centroid": [
      294.262451171875,
      145.3160400390625
    ],
    "length": [
      131.61813354492188,
      196.1693878173828
    ],
    "angle": 90.88743591308594
  },
  "2": {
    "class_id": 2,
    "centroid": [
      295.7424621582031,
      145.7808074951172
    ],
    "length": [
      92.8180160522461,
      129.85276794433594
    ],
    "angle": 92.77326965332031
  },
  "global_mov": [
    266.57079894386567,
    128.19211127916063
  ]
}