{
  "1": {
    "class_id": 1,
    "centroid": [
      295.5354309082031,
      154.47898864746094
    ],
    "length": [
      151.32215881347656,
      214.31253051757812
    ],
    "angle": 91.20472717285156
  },
  "2": {
    "class_id": 2,
    "centroid": [
      301.0531311035156,
      155.12754821777344
    ],
    "length": [
      100.5163345336914,
      131.28245544433594
    ],
    "angle": 92.49765014648438
  },
  "global_mov": [
    259.5784798242432,
    136.67268847569537
  ],
  "4": {
    "class_id": "slit knife",
    "tip": [
      215.75001471049356,
      232.7500005482955
    ],
    "length": 97.58073425292969,
    "angle": 45.0
  }
}