{
  "1": {
    "class_id": 1,
    "centroid": [
      314.4073181152344,
      164.18885803222656
    ],
    "length": [
      137.03346252441406,
      201.7068634033203
    ],
    "angle": 89.43801879882812
  },
  "2": {
    "class_id": 2,
    "centroid": [
      315.429443359375,
      164.25848388671875
    ],
    "length": [
      102.45628356933594,
      133.1402130126953
    ],
    "angle": 89.38751220703125
  },
  "global_mov": [
    283.561796681526,
    155.8826907709361
  ]
}