{
  "1": {
    "class_id": 1,
    "centroid": [
      306.9162292480469,
      145.8753662109375
    ],
    "length": [
      139.33425903320312,
      202.5590057373047
    ],
    "angle": 91.67317962646484
  },
  "2": {
    "class_id": 2,
    "centroid": [
      311.4034423828125,
      147.1451873779297
    ],
    "length": [
      100.81344604492188,
      132.86309814453125
    ],
    "angle": 94.3192138671875
  },
  "global_mov": [
    259.3536635035403,
    137.84936860857604
  ],
  "4": {
    "class_id": "slit knife",
    "tip": [
      285.72478469374494,
      184.67893101721756
    ],
    "length": 161.86416625976562,
    "angle": 46.87174606323242
  }
}