{
  "1": {
    "class_id": 1,
    "centroid": [
      277.11456298828125,
      183.60162353515625
    ],
    "length": [
      141.97921752929688,
      210.426025390625
    ],
    "angle": 94.31721496582031
  },
  "2": {
    "class_id": 2,
    "centroid": [
      280.6747131347656,
      184.02786254882812
    ],
    "length": [
      96.1854248046875,
      133.73974609375
    ],
    "angle": 94.5902099609375
  },
  "global_mov": [
    258.03106100405984,
    137.78259458894522
  ]
}