{
  "1": {
    "class_id": 1,
    "centroid": [
      274.4873046875,
      180.22860717773438
    ],
    "length": [
      144.7400360107422,
      212.2036590576172
    ],
    "angle": 91.30781555175781
  },
  "2": {
    "class_id": 2,
    "centroid": [
      277.89068603515625,
      179.68148803710938
    ],
    "length": [
      96.4443130493164,
      133.49087524414062
    ],
    "angle": 92.57231140136719
  },
  "global_mov": [
    253.90767329579174,
    137.9528722134778
  ]
}