{
  "1": {
    "class_id": 1,
    "centroid": [
      279.4584655761719,
      138.9472198486328
    ],
    "length": [
      137.09767150878906,
      193.035400390625
    ],
    "angle": 88.66451263427734
  },
  "2": {
    "class_id": 2,
    "centroid": [
      279.9134521484375,
      139.53488159179688
    ],
    "length": [
      97.46157836914062,
      127.43490600585938
    ],
    "angle": 87.78164672851562
  },
  "global_mov": [
    264.9479072013617,
    131.06330856304396
  ]
}