{
  "1": {
    "class_id": 1,
    "centroid": [
      277.2642517089844,
      137.99453735351562
    ],
    "length": [
      138.06497192382812,
      197.70166015625
    ],
    "angle": 89.27703857421875
  },
  "2": {
    "class_id": 2,
    "centroid": [
      277.9945983886719,
      139.27200317382812
    ],
    "length": [
      99.67201232910156,
      131.699951171875
    ],
    "angle": 89.3289566040039
  },
  "global_mov": [
    262.72376204142364,
    128.37047314626417
  ]
}