{
  "1": {
    "class_id": 1,
    "centroid": [
      303.6170349121094,
      144.60858154296875
    ],
    "length": [
      149.27328491210938,
      210.68234252929688
    ],
    "angle": 92.78621673583984
  },
  "2": {
    "class_id": 2,
    "centroid": [
      304.07244873046875,
      144.09390258789062
    ],
    "length": [
      101.16595458984375,
      132.25506591796875
    ],
    "angle": 89.28336334228516
  },
  "global_mov": [
    278.5520497329814,
    132.79936781110854
  ]
}