{
  "1": {
    "class_id": 1,
    "centroid": [
      270.2126770019531,
      161.5956573486328
    ],
    "length": [
      131.2073974609375,
      191.15924072265625
    ],
    "angle": 92.93965148925781
  },
  "2": {
    "class_id": 2,
    "centroid": [
      274.44287109375,
      162.1437225341797
    ],
    "length": [
      96.37386322021484,
      127.9354476928711
    ],
    "angle": 96.54985809326172
  },
  "global_mov": [
    288.9150428871372,
    144.07017989792226
  ]
}