{
  "1": {
    "class_id": 1,
    "centroid": [
      298.4307861328125,
      139.1022491455078
    ],
    "length": [
      146.60073852539062,
      207.78347778320312
    ],
    "angle": 90.19931030273438
  },
  "2": {
    "class_id": 2,
    "centroid": [
      301.4781188964844,
      138.74853515625
    ],
    "length": [
      100.72718811035156,
      132.82362365722656
    ],
    "angle": 92.35130310058594
  },
  "global_mov": [
    276.0328597689885,
    132.59852039862244
  ]
}