{
  "1": {
    "class_id": 1,
    "centroid": [
      296.2418518066406,
      149.755126953125
    ],
    "length": [
      144.4813690185547,
      205.4494171142578
    ],
    "angle": 91.13484191894531
  },
  "2": {
    "class_id": 2,
    "centroid": [
      296.2880859375,
      150.94503784179688
    ],
    "length": [
      99.6005630493164,
      129.21217346191406
    ],
    "angle": 95.56440734863281
  },
  "global_mov": [
    272.5208978725951,
    138.4472693846515
  ]
}