{
  "1": {
    "class_id": 1,
    "centroid": [
      295.4427795410156,
      155.89865112304688
    ],
    "length": [
      136.46063232421875,
      199.02383422851562
    ],
    "angle": 90.24817657470703
  },
  "2": {
    "class_id": 2,
    "centroid": [
      300.4713439941406,
      157.15780639648438
    ],
    "length": [
      106.19640350341797,
      138.65676879882812
    ],
    "angle": 89.80201721191406
  },
  "global_mov": [
    267.6840871325931,
    150.65870758178184
  ]
}