{
  "1": {
    "class_id": 1,
    "centroid": [
      302.1532897949219,
      165.21649169921875
    ],
    "length": [
      148.52432250976562,
      212.20460510253906
    ],
    "angle": 91.52727508544922
  },
  "2": {
    "class_id": 2,
    "centroid": [
      303.7846984863281,
      167.4474639892578
    ],
    "length": [
      102.34590911865234,
      134.71038818359375
    ],
    "angle": 94.4247055053711
  },
  "global_mov": [
    268.2600347662679,
    151.2780364239363
  ]
}