{
  "1": {
    "class_id": 1,
    "centroid": [
      284.8757019042969,
      150.90365600585938
    ],
    "length": [
      147.56626892089844,
      208.36192321777344
    ],
    "angle": 90.68792724609375
  },
  "2": {
    "class_id": 2,
    "centroid": [
      288.68450927734375,
      152.57508850097656
    ],
    "length": [
      102.5853271484375,
      135.0667266845703
    ],
    "angle": 95.0284423828125
  },
  "global_mov": [
    266.5768015560782,
    135.5944851426445
  ]
}