{
  "1": {
    "class_id": 1,
    "centroid": [
      278.873779296875,
      138.41595458984375
    ],
    "length": [
      137.6127166748047,
      192.69863891601562
    ],
    "angle": 89.33464050292969
  },
  "2": {
    "class_id": 2,
    "centroid": [
      279.3660888671875,
      139.10983276367188
    ],
    "length": [
      97.58760070800781,
      128.2613525390625
    ],
    "angle": 88.55931854248047
  },
  "global_mov": [
    264.71453753772175,
    130.38602655121028
  ]
}