{
  "1": {
    "class_id": 1,
    "centroid": [
      301.5568542480469,
      149.60574340820312
    ],
    "length": [
      149.93467712402344,
      214.2930145263672
    ],
    "angle": 91.21571350097656
  },
  "2": {
    "class_id": 2,
    "centroid": [
      306.2906494140625,
      150.9066925048828
    ],
    "length": [
      100.75576782226562,
      134.53834533691406
    ],
    "angle": 94.07981872558594
  },
  "global_mov": [
    258.6658604236684,
    138.68229321032044
  ],
  "4": {
    "class_id": "slit knife",
    "tip": [
      257.5000256512733,
      215.50003538388293
    ],
    "length": 121.62235260009766,
    "angle": 45.0
  }
}