{
  "1": {
    "class_id": 1,
    "centroid": [
      283.4565734863281,
      184.11927795410156
    ],
    "length": [
      142.38768005371094,
      210.05853271484375
    ],
    "angle": 93.00130462646484
  },
  "2": {
    "class_id": 2,
    "centroid": [
      287.04486083984375,
      184.42788696289062
    ],
    "length": [
      96.06175994873047,
      133.42431640625
    ],
    "angle": 94.52131652832031
  },
  "global_mov": [
    261.79340466631635,
    137.97765523879306
  ]
}