{
  "1": {
    "class_id": 1,
    "centroid": [
      305.6972961425781,
      141.28875732421875
    ],
    "length": [
      150.70809936523438,
      210.3745574951172
    ],
    "angle": 91.48837280273438
  },
  "2": {
    "class_id": 2,
    "centroid": [
      309.4841613769531,
      140.68206787109375
    ],
    "length": [
      100.89550018310547,
      133.3329620361328
    ],
    "angle": 94.53965759277344
  },
  "global_mov": [
    278.06571579759157,
    122.67010541173151
  ]
}