{
  "1": {
    "class_id": 1,
    "centroid": [
      301.22711181640625,
      159.33514404296875
    ],
    "length": [
      147.3379669189453,
      210.44473266601562
    ],
    "angle": 91.1373062133789
  },
  "2": {
    "class_id": 2,
    "centroid": [
      305.5227355957031,
      159.92388916015625
    ],
    "length": [
      106.99978637695312,
      139.95303344726562
    ],
    "angle": 90.59735870361328
  },
  "global_mov": [
    269.1399398300238,
    151.57323347871804
  ]
}