{
  "1": {
    "class_id": 1,
    "centroid": [
      292.2257995605469,
      162.60379028320312
    ],
    "length": [
      131.83706665039062,
      198.5081024169922
    ],
    "angle": 90.24164581298828
  },
  "2": {
    "class_id": 2,
    "centroid": [
      294.99346923828125,
      161.77806091308594
    ],
    "length": [
      97.14921569824219,
      137.2880859375
    ],
    "angle": 85.06365966796875
  },
  "global_mov": [
    262.5627076904495,
    145.20244536807698
  ]
}