{
  "1": {
    "class_id": 1,
    "centroid": [
      285.0259094238281,
      173.9261474609375
    ],
    "length": [
      143.7799530029297,
      210.2615966796875
    ],
    "angle": 92.75282287597656
  },
  "2": {
    "class_id": 2,
    "centroid": [
      289.17822265625,
      174.7539520263672
    ],
    "length": [
      96.99766540527344,
      133.4262237548828
    ],
    "angle": 94.12227630615234
  },
  "global_mov": [
    256.61821460380907,
    130.8266627832423
  ]
}