{
  "1": {
    "class_id": 1,
    "centroid": [
      263.9046630859375,
      159.53492736816406
    ],
    "length": [
      145.3427276611328,
      209.745361328125
    ],
    "angle": 92.7020492553711
  },
  "2": {
    "class_id": 2,
    "centroid": [
      266.7398986816406,
      160.10586547851562
    ],
    "length": [
      99.15049743652344,
      132.73013305664062
    ],
    "angle": 94.04045104980469
  },
  "global_mov": [
    263.44986748441835,
    135.78916618777308
  ]
}