{
  "1": {
    "class_id": 1,
    "centroid": [
      279.5919189453125,
      184.09107971191406
    ],
    "length": [
      142.6934814453125,
      210.50613403320312
    ],
    "angle": 93.28887939453125
  },
  "2": {
    "class_id": 2,
    "centroid": [
      282.85723876953125,
      184.33218383789062
    ],
    "length": [
      95.71178436279297,
      134.1314239501953
    ],
    "angle": 94.22718048095703
  },
  "global_mov": [
    258.427115984147,
    137.6440389288098
  ]
}