{
  "1": {
    "class_id": 1,
    "centroid": [
      298.02593994140625,
      157.0796661376953
    ],
    "length": [
      146.9414520263672,
      209.8154296875
    ],
    "angle": 91.24862670898438
  },
  "2": {
    "class_id": 2,
    "centroid": [
      302.7179870605469,
      157.69024658203125
    ],
    "length": [
      106.4951171875,
      141.05645751953125
    ],
    "angle": 90.9796371459961
  },
  "global_mov": [
    266.80595551981435,
    153.2411228933071
  ]
}