{
  "1": {
    "class_id": 1,
    "centroid": [
      294.3483581542969,
      154.8323211669922
    ],
    "length": [
      151.09486389160156,
      215.90118408203125
    ],
    "angle": 91.60357666015625
  },
  "2": {
    "class_id": 2,
    "centroid": [
      299.56787109375,
      154.48985290527344
    ],
    "length": [
      100.26490783691406,
      132.42239379882812
    ],
    "angle": 92.83190155029297
  },
  "global_mov": [
    257.2200905218777,
    134.68421029039385
  ],
  "4": {
    "class_id": "slit knife",
    "tip": [
      263.56811169811454,
      285.66582357604017
    ],
    "length": 33.9703483581543,
    "angle": 30.465545654296875
  }
}