{
  "1": {
    "class_id": 1,
    "centroid": [
      302.8285217285156,
      142.87559509277344
    ],
    "length": [
      136.50738525390625,
      195.98846435546875
    ],
    "angle": 91.07205200195312
  },
  "2": {
    "class_id": 2,
    "centroid": [
      303.8201904296875,
      144.20802307128906
    ],
    "length": [
      99.55049896240234,
      131.7622528076172
    ],
    "angle": 92.992919921875
  },
  "global_mov": [
    273.9464461568155,
    132.65065927576188
  ]
}