{
  "1": {
    "class_id": 1,
    "centroid": [
      289.2309265136719,
      131.0222930908203
    ],
    "length": [
      144.99998474121094,
      206.8962860107422
    ],
    "angle": 90.7499008178711
  },
  "2": {
    "class_id": 2,
    "centroid": [
      290.0859375,
      131.72755432128906
    ],
    "length": [
      96.53204345703125,
      129.1773681640625
    ],
    "angle": 91.55345153808594
  },
  "global_mov": [
    260.4121282026036,
    111.92555858752614
  ]
}