{
  "1": {
    "class_id": 1,
    "centroid": [
      280.4524841308594,
      176.072509765625
    ],
    "length": [
      145.95449829101562,
      212.4222869873047
    ],
    "angle": 91.55430603027344
  },
  "2": {
    "class_id": 2,
    "centroid": [
      285.15093994140625,
      175.15444946289062
    ],
    "length": [
      97.7717514038086,
      132.0431671142578
    ],
    "angle": 92.39740753173828
  },
  "global_mov": [
    252.73171251441514,
    140.40890972116892
  ]
}