{
  "1": {
    "class_id": 1,
    "centroid": [
      278.6645812988281,
      182.96133422851562
    ],
    "length": [
      142.71449279785156,
      211.12095642089844
    ],
    "angle": 93.50369262695312
  },
  "2": {
    "class_id": 2,
    "centroid": [
      282.2987976074219,
      183.16567993164062
    ],
    "length": [
      96.63418579101562,
      133.59957885742188
    ],
    "angle": 93.924072265625
  },
  "global_mov": [
    256.9536464657761,
    138.09185524615705
  ]
}