{
  "1": {
    "class_id": 1,
    "centroid": [
      313.11737060546875,
      161.56739807128906
    ],
    "length": [
      136.62705993652344,
      198.77691650390625
    ],
    "angle": 89.38111114501953
  },
  "2": {
    "class_id": 2,
    "centroid": [
      316.69561767578125,
      162.69895935058594
    ],
    "length": [
      101.2772216796875,
      134.32247924804688
    ],
    "angle": 88.8224105834961
  },
  "global_mov": [
    279.82741842071727,
    145.96324318786287
  ]
}