{
  "1": {
    "class_id": 1,
    "centroid": [
      269.7532958984375,
      167.89830017089844
    ],
    "length": [
      129.60023498535156,
      191.20315551757812
    ],
    "angle": 93.28816986083984
  },
  "2": {
    "class_id": 2,
    "centroid": [
      273.15728759765625,
      169.08428955078125
    ],
    "length": [
      94.88674926757812,
      127.87129974365234
    ],
    "angle": 96.3824691772461
  },
  "global_mov": [
    288.8840014467342,
    143.4195410307079
  ]
}