{
  "1": {
    "class_id": 1,
    "centroid": [
      283.7152404785156,
      150.22767639160156
    ],
    "length": [
      136.5216064453125,
      196.85122680664062
    ],
    "angle": 89.69013214111328
  },
  "2": {
    "class_id": 2,
    "centroid": [
      287.04913330078125,
      150.29898071289062
    ],
    "length": [
      103.64939880371094,
      138.6803436279297
    ],
    "angle": 86.77767181396484
  },
  "global_mov": [
    262.11642353044897,
    144.88923846918075
  ]
}