{
  "1": {
    "class_id": 1,
    "centroid": [
      282.2399597167969,
      153.87318420410156
    ],
    "length": [
      134.11868286132812,
      197.0055694580078
    ],
    "angle": 91.78694152832031
  },
  "2": {
    "class_id": 2,
    "centroid": [
      282.6618957519531,
      153.90438842773438
    ],
    "length": [
      98.51193237304688,
      127.17474365234375
    ],
    "angle": 84.00861358642578
  },
  "global_mov": [
    264.8422707234312,
    133.27214316056754
  ]
}