{
  "1": {
    "class_id": 1,
    "centroid": [
      291.6364440917969,
      165.92202758789062
    ],
    "length": [
      134.63758850097656,
      195.95217895507812
    ],
    "angle": 90.32643127441406
  },
  "2": {
    "class_id": 2,
    "centroid": [
      293.5782165527344,
      165.5549774169922
    ],
    "length": [
      99.27531433105469,
      133.8998260498047
    ],
    "angle": 87.03419494628906
  },
  "global_mov": [
    271.06834038062385,
    150.00121601080085
  ]
}