{
  "1": {
    "class_id": 1,
    "centroid": [
      288.8287353515625,
      154.5515594482422
    ],
    "length": [
      144.0152130126953,
      212.6221466064453
    ],
    "angle": 91.69556427001953
  },
  "2": {
    "class_id": 2,
    "centroid": [
      293.6611022949219,
      156.10020446777344
    ],
    "length": [
      100.67503356933594,
      132.93109130859375
    ],
    "angle": 94.47760772705078
  },
  "global_mov": [
    270.48100644669734,
    132.8362128139839
  ]
}