{
  "1": {
    "class_id": 1,
    "centroid": [
      290.424560546875,
      176.55189514160156
    ],
    "length": [
      142.0286407470703,
      212.50440979003906
    ],
    "angle": 93.48906707763672
  },
  "2": {
    "class_id": 2,
    "centroid": [
      294.13427734375,
      177.98080444335938
    ],
    "length": [
      97.08938598632812,
      134.65625
    ],
    "angle": 94.88449096679688
  },
  "global_mov": [
    257.2542116320149,
    138.48473834080323
  ]
}