{
  "1": {
    "class_id": 1,
    "centroid": [
      296.78973388671875,
      150.3612060546875
    ],
    "length": [
      144.74600219726562,
      205.7279052734375
    ],
    "angle": 91.12500762939453
  },
  "2": {
    "class_id": 2,
    "centroid": [
      297.44085693359375,
      151.61981201171875
    ],
    "length": [
      98.79389953613281,
      131.0823516845703
    ],
    "angle": 95.31195831298828
  },
  "global_mov": [
    271.59704013166936,
    137.10609376781844
  ]
}