{
  "1": {
    "class_id": 1,
    "centroid": [
      294.50372314453125,
      148.63209533691406
    ],
    "length": [
      144.68362426757812,
      207.48497009277344
    ],
    "angle": 91.71692657470703
  },
  "2": {
    "class_id": 2,
    "centroid": [
      295.0196228027344,
      149.4825897216797
    ],
    "length": [
      98.59203338623047,
      130.74925231933594
    ],
    "angle": 95.11741638183594
  },
  "global_mov": [
    272.5043195609336,
    138.55455161111465
  ]
}