{
  "1": {
    "class_id": 1,
    "centroid": [
      281.21038818359375,
      185.02610778808594
    ],
    "length": [
      142.3911895751953,
      209.768798828125
    ],
    "angle": 93.37623596191406
  },
  "2": {
    "class_id": 2,
    "centroid": [
      284.79229736328125,
      185.07948303222656
    ],
    "length": [
      96.50646209716797,
      133.50965881347656
    ],
    "angle": 93.75843048095703
  },
  "global_mov": [
    258.97637427187055,
    137.69506287983484
  ]
}