{
  "1": {
    "class_id": 1,
    "centroid": [
      245.00347900390625,
      153.66744995117188
    ],
    "length": [
      136.7471160888672,
      199.46363830566406
    ],
    "angle": 92.43256378173828
  },
  "2": {
    "class_id": 2,
    "centroid": [
      247.9769287109375,
      154.16807556152344
    ],
    "length": [
      99.64165496826172,
      128.02389526367188
    ],
    "angle": 87.54485321044922
  },
  "global_mov": [
    234.0993927022744,
    129.82467766881814
  ]
}