{
  "1": {
    "class_id": 1,
    "centroid": [
      297.09368896484375,
      148.15359497070312
    ],
    "length": [
      144.82711791992188,
      206.1631317138672
    ],
    "angle": 91.27149200439453
  },
  "2": {
    "class_id": 2,
    "centroid": [
      297.91094970703125,
      149.12799072265625
    ],
    "length": [
      98.84758758544922,
      131.37596130371094
    ],
    "angle": 94.47431945800781
  },
  "global_mov": [
    272.51524154679583,
    138.13645209415958
  ]
}