{
  "1": {
    "class_id": 1,
    "centroid": [
      271.770751953125,
      148.50294494628906
    ],
    "length": [
      149.572998046875,
      207.95864868164062
    ],
    "angle": 91.48280334472656
  },
  "2": {
    "class_id": 2,
    "centroid": [
      273.46466064453125,
      150.0174102783203
    ],
    "length": [
      103.15481567382812,
      131.9168701171875
    ],
    "angle": 95.70573425292969
  },
  "global_mov": [
    236.94942647125106,
    135.96146834122496
  ]
}