{
  "1": {
    "class_id": 1,
    "centroid": [
      278.0842590332031,
      139.37109375
    ],
    "length": [
      149.36187744140625,
      208.35281372070312
    ],
    "angle": 91.27577209472656
  },
  "2": {
    "class_id": 2,
    "centroid": [
      279.8615417480469,
      139.98216247558594
    ],
    "length": [
      101.04035949707031,
      131.8108673095703
    ],
    "angle": 93.65512084960938
  },
  "global_mov": [
    266.57525627046556,
    132.51115254766555
  ]
}