{
  "1": {
    "class_id": 1,
    "centroid": [
      301.3116455078125,
      141.01673889160156
    ],
    "length": [
      147.8960418701172,
      209.08724975585938
    ],
    "angle": 90.2811050415039
  },
  "2": {
    "class_id": 2,
    "centroid": [
      305.2099914550781,
      142.64755249023438
    ],
    "length": [
      103.95853424072266,
      134.58920288085938
    ],
    "angle": 94.13525390625
  },
  "global_mov": [
    278.74048135881793,
    133.95169113264205
  ]
}