{
  "1": {
    "class_id": 1,
    "centroid": [
      289.3709411621094,
      148.72723388671875
    ],
    "length": [
      147.2655029296875,
      208.11402893066406
    ],
    "angle": 91.37089538574219
  },
  "2": {
    "class_id": 2,
    "centroid": [
      291.2142028808594,
      149.86817932128906
    ],
    "length": [
      99.52259826660156,
      131.0900115966797
    ],
    "angle": 94.99811553955078
  },
  "global_mov": [
    255.753208870596,
    129.27737552857937
  ]
}