{
  "1": {
    "class_id": 1,
    "centroid": [
      277.2973327636719,
      184.1265106201172
    ],
    "length": [
      140.8414306640625,
      210.0933380126953
    ],
    "angle": 94.75309753417969
  },
  "2": {
    "class_id": 2,
    "centroid": [
      282.81707763671875,
      182.73324584960938
    ],
    "length": [
      96.12142181396484,
      132.86534118652344
    ],
    "angle": 96.20528411865234
  },
  "global_mov": [
    256.6326857999528,
    140.84911162756012
  ]
}