{
  "1": {
    "class_id": 1,
    "centroid": [
      331.16510009765625,
      150.64280700683594
    ],
    "length": [
      148.93609619140625,
      204.27716064453125
    ],
    "angle": 90.84310150146484
  },
  "2": {
    "class_id": 2,
    "centroid": [
      332.98712158203125,
      151.9604034423828
    ],
    "length": [
      99.45970153808594,
      130.339599609375
    ],
    "angle": 93.38311004638672
  },
  "global_mov": [
    265.8112929598342,
    123.27117536618452
  ]
}