{
  "1": {
    "class_id": 1,
    "centroid": [
      300.3149108886719,
      158.7557830810547
    ],
    "length": [
      147.74960327148438,
      210.15328979492188
    ],
    "angle": 90.9517593383789
  },
  "2": {
    "class_id": 2,
    "centroid": [
      301.87255859375,
      160.31324768066406
    ],
    "length": [
      100.44818115234375,
      132.66812133789062
    ],
    "angle": 95.27071380615234
  },
  "global_mov": [
    261.64620241360893,
    137.33534891245628
  ]
}