{
  "1": {
    "class_id": 1,
    "centroid": [
      301.0744934082031,
      147.97816467285156
    ],
    "length": [
      136.97161865234375,
      196.28067016601562
    ],
    "angle": 87.18827056884766
  },
  "2": {
    "class_id": 2,
    "centroid": [
      299.4783935546875,
      151.7920379638672
    ],
    "length": [
      100.42529296875,
      125.33671569824219
    ],
    "angle": 89.1756820678711
  },
  "global_mov": [
    274.1073156263875,
    149.30131367263002
  ]
}