{
  "1": {
    "class_id": 1,
    "centroid": [
      293.1985168457031,
      161.2247772216797
    ],
    "length": [
      137.11705017089844,
      197.8740997314453
    ],
    "angle": 90.78165435791016
  },
  "2": {
    "class_id": 2,
    "centroid": [
      292.8448181152344,
      161.2292938232422
    ],
    "length": [
      99.72138977050781,
      132.3973388671875
    ],
    "angle": 88.3732681274414
  },
  "global_mov": [
    267.9023514816419,
    150.87685159180455
  ]
}