{
  "1": {
    "class_id": 1,
    "centroid": [
      265.3809509277344,
      168.88795471191406
    ],
    "length": [
      130.0073699951172,
      192.196044921875
    ],
    "angle": 95.87754821777344
  },
  "2": {
    "class_id": 2,
    "centroid": [
      270.1508483886719,
      169.03866577148438
    ],
    "length": [
      95.17012786865234,
      135.43569946289062
    ],
    "angle": 92.99810791015625
  },
  "global_mov": [
    261.3245210756427,
    145.85757258058564
  ]
}