{
  "1": {
    "class_id": 1,
    "centroid": [
      277.3111877441406,
      181.203369140625
    ],
    "length": [
      144.03289794921875,
      213.04849243164062
    ],
    "angle": 92.06451416015625
  },
  "2": {
    "class_id": 2,
    "centroid": [
      281.1542053222656,
      180.6250457763672
    ],
    "length": [
      94.7915267944336,
      133.9488067626953
    ],
    "angle": 94.64741516113281
  },
  "global_mov": [
    257.3080323235792,
    139.2884135446036
  ]
}