{
  "1": {
    "class_id": 1,
    "centroid": [
      271.1368103027344,
      174.9560089111328
    ],
    "length": [
      128.64483642578125,
      190.56417846679688
    ],
    "angle": 94.76805114746094
  },
  "2": {
    "class_id": 2,
    "centroid": [
      274.91900634765625,
      175.66497802734375
    ],
    "length": [
      93.86477661132812,
      132.17330932617188
    ],
    "angle": 96.1070785522461
  },
  "global_mov": [
    290.89837831138567,
    146.27955583247495
  ]
}