{
  "1": {
    "class_id": 1,
    "centroid": [
      289.92950439453125,
      144.5702362060547
    ],
    "length": [
      135.057373046875,
      196.0111083984375
    ],
    "angle": 88.05824279785156
  },
  "2": {
    "class_id": 2,
    "centroid": [
      296.0446472167969,
      143.3532257080078
    ],
    "length": [
      95.9820785522461,
      129.369873046875
    ],
    "angle": 88.28174591064453
  },
  "global_mov": [
    275.6041617358937,
    137.99062116423784
  ]
}