{
  "1": {
    "class_id": 1,
    "centroid": [
      295.33282470703125,
      162.3292694091797
    ],
    "length": [
      137.37608337402344,
      196.58255004882812
    ],
    "angle": 91.30326843261719
  },
  "2": {
    "class_id": 2,
    "centroid": [
      296.9737548828125,
      162.21337890625
    ],
    "length": [
      98.61943054199219,
      131.7160186767578
    ],
    "angle": 87.65973663330078
  },
  "global_mov": [
    266.8049065176563,
    151.66369900839678
  ]
}