{
  "1": {
    "class_id": 1,
    "centroid": [
      297.9912414550781,
      148.1202850341797
    ],
    "length": [
      147.291259765625,
      205.47927856445312
    ],
    "angle": 90.35295867919922
  },
  "2": {
    "class_id": 2,
    "centroid": [
      298.58551025390625,
      148.98086547851562
    ],
    "length": [
      100.69216918945312,
      130.42074584960938
    ],
    "angle": 93.0074234008789
  },
  "global_mov": [
    277.5587036115982,
    136.74173809982943
  ]
}