{
  "1": {
    "class_id": 1,
    "centroid": [
      295.33447265625,
      168.04714965820312
    ],
    "length": [
      134.54653930664062,
      196.11412048339844
    ],
    "angle": 90.28385925292969
  },
  "2": {
    "class_id": 2,
    "centroid": [
      297.9819030761719,
      167.70724487304688
    ],
    "length": [
      98.45703125,
      135.55020141601562
    ],
    "angle": 87.87993621826172
  },
  "global_mov": [
    276.9517535669618,
    151.13629550723007
  ]
}