{
  "1": {
    "class_id": 1,
    "centroid": [
      321.83099365234375,
      150.11761474609375
    ],
    "length": [
      137.23756408691406,
      200.35887145996094
    ],
    "angle": 87.1323471069336
  },
  "2": {
    "class_id": 2,
    "centroid": [
      322.7191467285156,
      150.7483367919922
    ],
    "length": [
      102.34829711914062,
      130.2560577392578
    ],
    "angle": 87.06330871582031
  },
  "global_mov": [
    279.58482546986676,
    156.58169152564253
  ]
}