{
  "1": {
    "class_id": 1,
    "centroid": [
      302.4804992675781,
      164.00881958007812
    ],
    "length": [
      148.39576721191406,
      212.5606689453125
    ],
    "angle": 90.7364501953125
  },
  "2": {
    "class_id": 2,
    "centroid": [
      304.3367004394531,
      166.21739196777344
    ],
    "length": [
      101.76773071289062,
      134.76708984375
    ],
    "angle": 93.8193588256836
  },
  "global_mov": [
    268.04681005733204,
    151.12838239073037
  ]
}