{
  "1": {
    "class_id": 1,
    "centroid": [
      303.5667419433594,
      140.52200317382812
    ],
    "length": [
      137.25823974609375,
      196.5137481689453
    ],
    "angle": 86.37321472167969
  },
  "2": {
    "class_id": 2,
    "centroid": [
      303.75299072265625,
      143.76382446289062
    ],
    "length": [
      104.24968719482422,
      126.19331359863281
    ],
    "angle": 91.92780303955078
  },
  "global_mov": [
    278.17779883230907,
    154.30067255424774
  ]
}