{
  "1": {
    "class_id": 1,
    "centroid": [
      302.4593505859375,
      148.5584259033203
    ],
    "length": [
      146.01614379882812,
      214.95236206054688
    ],
    "angle": 88.51994323730469
  },
  "2": {
    "class_id": 2,
    "centroid": [
      305.1621398925781,
      149.59326171875
    ],
    "length": [
      97.17435455322266,
      133.34048461914062
    ],
    "angle": 92.88109588623047
  },
  "global_mov": [
    264.8237357599951,
    137.93234758820017
  ]
}