{
  "1": {
    "class_id": 1,
    "centroid": [
      294.67791748046875,
      159.07630920410156
    ],
    "length": [
      144.37405395507812,
      207.37948608398438
    ],
    "angle": 91.95343017578125
  },
  "2": {
    "class_id": 2,
    "centroid": [
      295.1871643066406,
      160.132568359375
    ],
    "length": [
      97.71086120605469,
      129.5977020263672
    ],
    "angle": 94.95259094238281
  },
  "global_mov": [
    253.46778124396894,
    142.15515724822055
  ]
}