{
  "1": {
    "class_id": 1,
    "centroid": [
      256.56256103515625,
      159.0272674560547
    ],
    "length": [
      149.2980499267578,
      207.83998107910156
    ],
    "angle": 90.85972595214844
  },
  "2": {
    "class_id": 2,
    "centroid": [
      257.3560791015625,
      161.02999877929688
    ],
    "length": [
      101.53153228759766,
      133.6204833984375
    ],
    "angle": 93.84520721435547
  },
  "global_mov": [
    255.17287309549286,
    156.9104702726929
  ]
}