{
  "1": {
    "class_id": 1,
    "centroid": [
      297.1005554199219,
      141.7010040283203
    ],
    "length": [
      147.62960815429688,
      206.92691040039062
    ],
    "angle": 89.48963165283203
  },
  "2": {
    "class_id": 2,
    "centroid": [
      299.4760437011719,
      141.60372924804688
    ],
    "length": [
      102.09070587158203,
      132.07781982421875
    ],
    "angle": 90.75580596923828
  },
  "global_mov": [
    276.6009555824318,
    133.57205316264483
  ]
}