{
  "1": {
    "class_id": 1,
    "centroid": [
      281.5846252441406,
      141.01828002929688
    ],
    "length": [
      136.92503356933594,
      192.22528076171875
    ],
    "angle": 90.19065856933594
  },
  "2": {
    "class_id": 2,
    "centroid": [
      282.16107177734375,
      139.85641479492188
    ],
    "length": [
      93.65605163574219,
      124.52561950683594
    ],
    "angle": 90.84674835205078
  },
  "global_mov": [
    267.6875147765533,
    132.91442009600078
  ]
}