{
  "1": {
    "class_id": 1,
    "centroid": [
      287.8691101074219,
      170.01683044433594
    ],
    "length": [
      148.3853302001953,
      210.9225616455078
    ],
    "angle": 91.00801086425781
  },
  "2": {
    "class_id": 2,
    "centroid": [
      289.5191955566406,
      172.2814178466797
    ],
    "length": [
      102.30229187011719,
      133.32479858398438
    ],
    "angle": 94.87928771972656
  },
  "global_mov": [
    261.2781514357901,
    151.17960595497513
  ]
}