{
  "1": {
    "class_id": 1,
    "centroid": [
      283.42572021484375,
      182.16250610351562
    ],
    "length": [
      144.5369110107422,
      211.5923309326172
    ],
    "angle": 92.76371002197266
  },
  "2": {
    "class_id": 2,
    "centroid": [
      287.4021911621094,
      183.55328369140625
    ],
    "length": [
      98.41967010498047,
      134.35617065429688
    ],
    "angle": 94.337646484375
  },
  "global_mov": [
    260.41266080757856,
    143.4025983129996
  ]
}