{
  "1": {
    "class_id": 1,
    "centroid": [
      302.50970458984375,
      151.42861938476562
    ],
    "length": [
      150.22666931152344,
      214.26431274414062
    ],
    "angle": 91.0919189453125
  },
  "2": {
    "class_id": 2,
    "centroid": [
      306.7611999511719,
      152.52015686035156
    ],
    "length": [
      100.689453125,
      134.20523071289062
    ],
    "angle": 93.19906616210938
  },
  "global_mov": [
    260.8394451058887,
    139.2490588344468
  ],
  "4": {
    "class_id": "slit knife",
    "tip": [
      256.93264214963153,
      221.9104562357697
    ],
    "length": 112.39627075195312,
    "angle": 45.69027328491211
  }
}