{
  "1": {
    "class_id": 1,
    "centroid": [
      292.9355773925781,
      150.1595001220703
    ],
    "length": [
      146.5454864501953,
      208.25804138183594
    ],
    "angle": 90.64217376708984
  },
  "2": {
    "class_id": 2,
    "centroid": [
      293.9490661621094,
      151.17625427246094
    ],
    "length": [
      98.64519500732422,
      130.10598754882812
    ],
    "angle": 94.39647674560547
  },
  "global_mov": [
    257.7830889445584,
    137.04095658445303
  ]
}