{
  "1": {
    "class_id": 1,
    "centroid": [
      327.4707336425781,
      139.5833282470703
    ],
    "length": [
      146.1128387451172,
      203.2499542236328
    ],
    "angle": 90.35281372070312
  },
  "2": {
    "class_id": 2,
    "centroid": [
      329.0666809082031,
      140.6004180908203
    ],
    "length": [
      98.04911804199219,
      129.57872009277344
    ],
    "angle": 92.58960723876953
  },
  "global_mov": [
    268.3873504508513,
    115.3563469436267
  ]
}