{
  "1": {
    "class_id": 1,
    "centroid": [
      285.44232177734375,
      138.22837829589844
    ],
    "length": [
      142.7899627685547,
      204.232421875
    ],
    "angle": 91.28683471679688
  },
  "2": {
    "class_id": 2,
    "centroid": [
      286.1561279296875,
      138.88229370117188
    ],
    "length": [
      96.22710418701172,
      129.2784423828125
    ],
    "angle": 92.93119049072266
  },
  "global_mov": [
    257.5438167110855,
    114.23889959299784
  ]
}