{
  "1": {
    "class_id": 1,
    "centroid": [
      304.98388671875,
      136.7050018310547
    ],
    "length": [
      136.5170440673828,
      196.7462158203125
    ],
    "angle": 86.45243835449219
  },
  "2": {
    "class_id": 2,
    "centroid": [
      304.2591552734375,
      141.62496948242188
    ],
    "length": [
      100.79058074951172,
      125.63520050048828
    ],
    "angle": 91.7776107788086
  },
  "global_mov": [
    275.5139298169904,
    151.13313629459432
  ]
}