{
  "1": {
    "class_id": 1,
    "centroid": [
      296.11962890625,
      144.8727264404297
    ],
    "length": [
      136.2892303466797,
      196.7536163330078
    ],
    "angle": 86.7628402709961
  },
  "2": {
    "class_id": 2,
    "centroid": [
      294.99896240234375,
      148.4832763671875
    ],
    "length": [
      96.94632720947266,
      127.09016418457031
    ],
    "angle": 93.48755645751953
  },
  "global_mov": [
    270.01295338811707,
    152.56691550194628
  ]
}