{
  "1": {
    "class_id": 1,
    "centroid": [
      305.2276916503906,
      149.5009002685547
    ],
    "length": [
      148.34396362304688,
      207.86312866210938
    ],
    "angle": 90.5271224975586
  },
  "2": {
    "class_id": 2,
    "centroid": [
      308.3895568847656,
      150.48794555664062
    ],
    "length": [
      102.62460327148438,
      135.20013427734375
    ],
    "angle": 94.04733276367188
  },
  "global_mov": [
    279.1089058576537,
    137.20604477675724
  ]
}