{
  "1": {
    "class_id": 1,
    "centroid": [
      283.5516357421875,
      152.03726196289062
    ],
    "length": [
      146.93760681152344,
      208.85940551757812
    ],
    "angle": 90.67366027832031
  },
  "2": {
    "class_id": 2,
    "centroid": [
      286.96636962890625,
      153.82481384277344
    ],
    "length": [
      102.9802017211914,
      133.1140899658203
    ],
    "angle": 94.96184539794922
  },
  "global_mov": [
    265.00173366080986,
    136.6705753855123
  ]
}