{
  "1": {
    "class_id": 1,
    "centroid": [
      294.9810791015625,
      165.86968994140625
    ],
    "length": [
      135.65333557128906,
      197.29391479492188
    ],
    "angle": 92.18590545654297
  },
  "2": {
    "class_id": 2,
    "centroid": [
      297.9364929199219,
      164.38819885253906
    ],
    "length": [
      100.37115478515625,
      136.97543334960938
    ],
    "angle": 88.6901626586914
  },
  "global_mov": [
    264.56993723898773,
    151.7425030289509
  ]
}