{
  "1": {
    "class_id": 1,
    "centroid": [
      279.43023681640625,
      155.47396850585938
    ],
    "length": [
      132.43588256835938,
      194.48599243164062
    ],
    "angle": 88.92713165283203
  },
  "2": {
    "class_id": 2,
    "centroid": [
      282.2137756347656,
      156.1778106689453
    ],
    "length": [
      94.7492904663086,
      130.66566467285156
    ],
    "angle": 79.21826171875
  },
  "global_mov": [
    285.97070855608916,
    149.89587457340477
  ]
}