{
  "1": {
    "class_id": 1,
    "centroid": [
      297.4220886230469,
      129.23614501953125
    ],
    "length": [
      135.40777587890625,
      194.60653686523438
    ],
    "angle": 88.72574615478516
  },
  "2": {
    "class_id": 2,
    "centroid": [
      297.695556640625,
      125.09806060791016
    ],
    "length": [
      91.35536193847656,
      125.99515533447266
    ],
    "angle": 92.75080871582031
  },
  "global_mov": [
    267.58423283021875,
    125.63845082860205
  ]
}