{
  "1": {
    "class_id": 1,
    "centroid": [
      289.7073669433594,
      137.7206573486328
    ],
    "length": [
      129.7772216796875,
      193.45555114746094
    ],
    "angle": 90.28504943847656
  },
  "2": {
    "class_id": 2,
    "centroid": [
      292.6622619628906,
      136.5654296875
    ],
    "length": [
      90.06364440917969,
      132.829833984375
    ],
    "angle": 95.80803680419922
  },
  "global_mov": [
    266.1146332405908,
    121.64261764591646
  ]
}