{
  "1": {
    "class_id": 1,
    "centroid": [
      302.8230895996094,
      162.6165313720703
    ],
    "length": [
      146.96340942382812,
      211.1531524658203
    ],
    "angle": 90.24268341064453
  },
  "2": {
    "class_id": 2,
    "centroid": [
      307.5041809082031,
      163.97581481933594
    ],
    "length": [
      105.77188873291016,
      139.61265563964844
    ],
    "angle": 90.54926300048828
  },
  "global_mov": [
    276.4072863615165,
    155.29458028794548
  ]
}