{
  "1": {
    "class_id": 1,
    "centroid": [
      302.78350830078125,
      158.1507568359375
    ],
    "length": [
      151.31275939941406,
      210.78286743164062
    ],
    "angle": 89.95146179199219
  },
  "2": {
    "class_id": 2,
    "centroid": [
      304.6126403808594,
      158.91513061523438
    ],
    "length": [
      101.38287353515625,
      132.77392578125
    ],
    "angle": 93.28238677978516
  },
  "global_mov": [
    276.3418045951184,
    153.6747971669973
  ]
}