{
  "1": {
    "class_id": 1,
    "centroid": [
      278.9665832519531,
      159.28704833984375
    ],
    "length": [
      134.89202880859375,
      195.08192443847656
    ],
    "angle": 90.74469757080078
  },
  "2": {
    "class_id": 2,
    "centroid": [
      282.7733459472656,
      159.33935546875
    ],
    "length": [
      99.0883560180664,
      136.62213134765625
    ],
    "angle": 89.0358657836914
  },
  "global_mov": [
    266.46890986157894,
    147.41223751677398
  ]
}