{
  "1": {
    "class_id": 1,
    "centroid": [
      286.8885498046875,
      151.77102661132812
    ],
    "length": [
      144.1398162841797,
      205.03555297851562
    ],
    "angle": 91.6866683959961
  },
  "2": {
    "class_id": 2,
    "centroid": [
      286.8921203613281,
      152.986328125
    ],
    "length": [
      98.68724822998047,
      130.3375701904297
    ],
    "angle": 95.02090454101562
  },
  "global_mov": [
    257.56249498801026,
    138.6618250226862
  ]
}