{
  "1": {
    "class_id": 1,
    "centroid": [
      297.5553283691406,
      157.9263916015625
    ],
    "length": [
      146.8418426513672,
      209.98757934570312
    ],
    "angle": 91.09334564208984
  },
  "2": {
    "class_id": 2,
    "centroid": [
      302.11737060546875,
      158.92152404785156
    ],
    "length": [
      107.0312271118164,
      140.90472412109375
    ],
    "angle": 89.92399597167969
  },
  "global_mov": [
    265.7546372903819,
    152.27153436538194
  ]
}