{
  "1": {
    "class_id": 1,
    "centroid": [
      304.67169189453125,
      142.85699462890625
    ],
    "length": [
      136.5062713623047,
      197.23573303222656
    ],
    "angle": 86.85479736328125
  },
  "2": {
    "class_id": 2,
    "centroid": [
      304.6688232421875,
      147.1531982421875
    ],
    "length": [
      97.4886703491211,
      126.44176483154297
    ],
    "angle": 87.32898712158203
  },
  "global_mov": [
    279.9935610219968,
    145.94618122020557
  ]
}