{
  "1": {
    "class_id": 1,
    "centroid": [
      279.71099853515625,
      180.15829467773438
    ],
    "length": [
      142.21005249023438,
      210.2005157470703
    ],
    "angle": 93.28976440429688
  },
  "2": {
    "class_id": 2,
    "centroid": [
      282.3825988769531,
      180.13665771484375
    ],
    "length": [
      95.20675659179688,
      135.0895538330078
    ],
    "angle": 95.78335571289062
  },
  "global_mov": [
    252.77000262543174,
    137.9932370230795
  ]
}