{
  "1": {
    "class_id": 1,
    "centroid": [
      297.6617126464844,
      164.8505401611328
    ],
    "length": [
      136.567626953125,
      195.9869384765625
    ],
    "angle": 92.0078125
  },
  "2": {
    "class_id": 2,
    "centroid": [
      301.7634582519531,
      164.3631591796875
    ],
    "length": [
      105.29915618896484,
      144.26907348632812
    ],
    "angle": 88.46868896484375
  },
  "global_mov": [
    267.465868689394,
    153.17879233058167
  ]
}