{
  "1": {
    "class_id": 1,
    "centroid": [
      280.6429443359375,
      155.22994995117188
    ],
    "length": [
      132.86688232421875,
      193.50485229492188
    ],
    "angle": 89.81355285644531
  },
  "2": {
    "class_id": 2,
    "centroid": [
      282.63299560546875,
      155.96136474609375
    ],
    "length": [
      94.4651870727539,
      130.29440307617188
    ],
    "angle": 79.6148681640625
  },
  "global_mov": [
    285.3979379813907,
    149.7362420467804
  ]
}