{
  "1": {
    "class_id": 1,
    "centroid": [
      298.65411376953125,
      144.68472290039062
    ],
    "length": [
      133.6641845703125,
      196.6710205078125
    ],
    "angle": 90.08306884765625
  },
  "2": {
    "class_id": 2,
    "centroid": [
      295.6556091308594,
      144.5366668701172
    ],
    "length": [
      96.14264678955078,
      126.64676666259766
    ],
    "angle": 89.95445251464844
  },
  "global_mov": [
    275.6637376605915,
    132.45160754582173
  ]
}