{
  "1": {
    "class_id": 1,
    "centroid": [
      305.5771789550781,
      152.41871643066406
    ],
    "length": [
      146.5650177001953,
      221.8640594482422
    ],
    "angle": 84.23560333251953
  },
  "2": {
    "class_id": 2,
    "centroid": [
      309.7949523925781,
      152.98289489746094
    ],
    "length": [
      99.04058837890625,
      133.91802978515625
    ],
    "angle": 92.3181381225586
  },
  "global_mov": [
    270.38258234023175,
    144.62079823576173
  ]
}