{
  "1": {
    "class_id": 1,
    "centroid": [
      293.20257568359375,
      160.9648895263672
    ],
    "length": [
      137.1874237060547,
      197.71421813964844
    ],
    "angle": 90.83121490478516
  },
  "2": {
    "class_id": 2,
    "centroid": [
      293.1055908203125,
      160.9327850341797
    ],
    "length": [
      99.8905029296875,
      132.03646850585938
    ],
    "angle": 88.21002960205078
  },
  "global_mov": [
    267.9967844666273,
    151.45861273585555
  ]
}