{
  "1": {
    "class_id": 1,
    "centroid": [
      292.3859558105469,
      153.17665100097656
    ],
    "length": [
      144.88246154785156,
      207.61639404296875
    ],
    "angle": 90.76179504394531
  },
  "2": {
    "class_id": 2,
    "centroid": [
      293.5758056640625,
      154.0795440673828
    ],
    "length": [
      99.32112884521484,
      130.66978454589844
    ],
    "angle": 93.91996002197266
  },
  "global_mov": [
    266.4239100085649,
    140.9512372857948
  ]
}