{
  "1": {
    "class_id": 1,
    "centroid": [
      282.91357421875,
      140.0678253173828
    ],
    "length": [
      145.85923767089844,
      204.95204162597656
    ],
    "angle": 91.5634536743164
  },
  "2": {
    "class_id": 2,
    "centroid": [
      283.47064208984375,
      140.81170654296875
    ],
    "length": [
      97.08938598632812,
      128.91534423828125
    ],
    "angle": 92.0041275024414
  },
  "global_mov": [
    254.03468005176737,
    119.87498614753622
  ]
}