{
  "1": {
    "class_id": 1,
    "centroid": [
      293.1737060546875,
      170.64442443847656
    ],
    "length": [
      148.90887451171875,
      211.62083435058594
    ],
    "angle": 91.16757202148438
  },
  "2": {
    "class_id": 2,
    "centroid": [
      294.69476318359375,
      172.6605682373047
    ],
    "length": [
      102.157470703125,
      132.43478393554688
    ],
    "angle": 94.23747253417969
  },
  "global_mov": [
    263.18546133413025,
    154.96721252906195
  ]
}