{
  "1": {
    "class_id": 1,
    "centroid": [
      299.4911804199219,
      146.41526794433594
    ],
    "length": [
      145.44297790527344,
      208.3169708251953
    ],
    "angle": 90.9338607788086
  },
  "2": {
    "class_id": 2,
    "centroid": [
      300.0918884277344,
      147.28855895996094
    ],
    "length": [
      98.75443267822266,
      131.1071319580078
    ],
    "angle": 93.07351684570312
  },
  "global_mov": [
    274.66294435671495,
    138.02915798677188
  ]
}