{
  "1": {
    "class_id": 1,
    "centroid": [
      297.61907958984375,
      153.00482177734375
    ],
    "length": [
      132.13719177246094,
      194.06307983398438
    ],
    "angle": 92.33868408203125
  },
  "2": {
    "class_id": 2,
    "centroid": [
      300.851806640625,
      150.5448760986328
    ],
    "length": [
      90.8240966796875,
      135.5812530517578
    ],
    "angle": 92.77571868896484
  },
  "global_mov": [
    272.91864126245144,
    128.52578580248664
  ]
}