{
  "1": {
    "class_id": 1,
    "centroid": [
      271.9962158203125,
      175.18484497070312
    ],
    "length": [
      127.84182739257812,
      189.0865936279297
    ],
    "angle": 95.20580291748047
  },
  "2": {
    "class_id": 2,
    "centroid": [
      275.687744140625,
      176.31134033203125
    ],
    "length": [
      92.53471374511719,
      133.6510009765625
    ],
    "angle": 95.54931640625
  },
  "global_mov": [
    290.35448621339674,
    147.15329272920738
  ]
}