{
  "1": {
    "class_id": 1,
    "centroid": [
      313.89874267578125,
      168.1372833251953
    ],
    "length": [
      136.91046142578125,
      199.7565155029297
    ],
    "angle": 89.75713348388672
  },
  "2": {
    "class_id": 2,
    "centroid": [
      315.7143249511719,
      168.4092254638672
    ],
    "length": [
      101.50181579589844,
      134.23316955566406
    ],
    "angle": 88.13841247558594
  },
  "global_mov": [
    285.20719025362513,
    156.2932930430874
  ]
}