{
  "1": {
    "class_id": 1,
    "centroid": [
      281.6383972167969,
      154.61497497558594
    ],
    "length": [
      132.36248779296875,
      193.01803588867188
    ],
    "angle": 89.91825103759766
  },
  "2": {
    "class_id": 2,
    "centroid": [
      285.0174865722656,
      153.46493530273438
    ],
    "length": [
      94.24175262451172,
      132.4821014404297
    ],
    "angle": 90.5341796875
  },
  "global_mov": [
    272.9998881136079,
    149.19020467352604
  ]
}