{
  "1": {
    "class_id": 1,
    "centroid": [
      302.55230712890625,
      148.3466339111328
    ],
    "length": [
      145.7957305908203,
      207.73561096191406
    ],
    "angle": 88.9539794921875
  },
  "2": {
    "class_id": 2,
    "centroid": [
      302.7291259765625,
      149.74188232421875
    ],
    "length": [
      99.77310180664062,
      131.3419952392578
    ],
    "angle": 92.51315307617188
  },
  "global_mov": [
    280.5777734288028,
    139.74787746968573
  ]
}