{
  "1": {
    "class_id": 1,
    "centroid": [
      279.2911376953125,
      184.8450469970703
    ],
    "length": [
      141.9434051513672,
      210.4035186767578
    ],
    "angle": 93.98069763183594
  },
  "2": {
    "class_id": 2,
    "centroid": [
      282.4324645996094,
      185.09584045410156
    ],
    "length": [
      96.08496856689453,
      134.20114135742188
    ],
    "angle": 95.09367370605469
  },
  "global_mov": [
    257.6703450248745,
    137.61687090379493
  ]
}