{
  "1": {
    "class_id": 1,
    "centroid": [
      279.6634826660156,
      184.0797119140625
    ],
    "length": [
      144.6385040283203,
      211.31570434570312
    ],
    "angle": 92.4388656616211
  },
  "2": {
    "class_id": 2,
    "centroid": [
      282.361572265625,
      184.62022399902344
    ],
    "length": [
      95.6461181640625,
      133.2802734375
    ],
    "angle": 95.14779663085938
  },
  "global_mov": [
    257.97305694528586,
    138.0998559200289
  ]
}