{
  "1": {
    "class_id": 1,
    "centroid": [
      297.5359191894531,
      153.8162384033203
    ],
    "length": [
      150.9419403076172,
      215.3001708984375
    ],
    "angle": 90.98117065429688
  },
  "2": {
    "class_id": 2,
    "centroid": [
      302.7736511230469,
      154.25802612304688
    ],
    "length": [
      100.27142333984375,
      132.84825134277344
    ],
    "angle": 93.38661193847656
  },
  "global_mov": [
    258.00400043543124,
    137.2054287323688
  ],
  "4": {
    "class_id": "slit knife",
    "tip": [
      261.41370342015034,
      235.45527771471387
    ],
    "length": 96.93519592285156,
    "angle": 44.16968536376953
  }
}