{
  "1": {
    "class_id": 1,
    "centroid": [
      282.54034423828125,
      180.0404052734375
    ],
    "length": [
      145.25057983398438,
      210.47300720214844
    ],
    "angle": 93.39167785644531
  },
  "2": {
    "class_id": 2,
    "centroid": [
      285.9497375488281,
      181.18446350097656
    ],
    "length": [
      98.43468475341797,
      133.48243713378906
    ],
    "angle": 94.80677032470703
  },
  "global_mov": [
    259.37883604343983,
    143.03213942963762
  ]
}