{
  "1": {
    "class_id": 1,
    "centroid": [
      306.83428955078125,
      147.91554260253906
    ],
    "length": [
      148.3854522705078,
      215.8820037841797
    ],
    "angle": 92.16541290283203
  },
  "2": {
    "class_id": 2,
    "centroid": [
      310.9156494140625,
      149.71035766601562
    ],
    "length": [
      101.618896484375,
      133.5928497314453
    ],
    "angle": 93.5054931640625
  },
  "global_mov": [
    261.08314152806037,
    139.76242379389055
  ],
  "4": {
    "class_id": "slit knife",
    "tip": [
      269.2071523601628,
      205.1711133429841
    ],
    "length": 135.72750854492188,
    "angle": 45.86804962158203
  }
}