{
  "1": {
    "class_id": 1,
    "centroid": [
      304.795166015625,
      150.8953857421875
    ],
    "length": [
      146.10867309570312,
      208.211669921875
    ],
    "angle": 90.30549621582031
  },
  "2": {
    "class_id": 2,
    "centroid": [
      305.5550537109375,
      152.0929718017578
    ],
    "length": [
      99.50457000732422,
      131.9815673828125
    ],
    "angle": 93.6285171508789
  },
  "global_mov": [
    278.37277839811185,
    137.23342221101166
  ]
}