{
  "1": {
    "class_id": 1,
    "centroid": [
      293.278076171875,
      148.44711303710938
    ],
    "length": [
      144.2565460205078,
      207.89459228515625
    ],
    "angle": 91.52125549316406
  },
  "2": {
    "class_id": 2,
    "centroid": [
      294.2854919433594,
      149.48805236816406
    ],
    "length": [
      98.9271011352539,
      130.97740173339844
    ],
    "angle": 95.25218963623047
  },
  "global_mov": [
    269.7282885430341,
    137.4977297434131
  ]
}