{
  "1": {
    "class_id": 1,
    "centroid": [
      285.1768493652344,
      177.35389709472656
    ],
    "length": [
      141.47596740722656,
      212.28402709960938
    ],
    "angle": 93.52813720703125
  },
  "2": {
    "class_id": 2,
    "centroid": [
      288.46038818359375,
      178.01834106445312
    ],
    "length": [
      96.28254699707031,
      136.08673095703125
    ],
    "angle": 94.99506378173828
  },
  "global_mov": [
    255.58033432864875,
    137.03777006919682
  ]
}