{
  "1": {
    "class_id": 1,
    "centroid": [
      300.5107727050781,
      142.13131713867188
    ],
    "length": [
      147.1529541015625,
      209.09939575195312
    ],
    "angle": 90.5232162475586
  },
  "2": {
    "class_id": 2,
    "centroid": [
      303.3547058105469,
      143.9663543701172
    ],
    "length": [
      103.41756439208984,
      135.21554565429688
    ],
    "angle": 93.75279235839844
  },
  "global_mov": [
    281.1416200464226,
    134.1967211225042
  ]
}