{
  "1": {
    "class_id": 1,
    "centroid": [
      291.1490173339844,
      151.38113403320312
    ],
    "length": [
      144.79833984375,
      205.87335205078125
    ],
    "angle": 91.37289428710938
  },
  "2": {
    "class_id": 2,
    "centroid": [
      291.9999084472656,
      152.6370849609375
    ],
    "length": [
      98.5207748413086,
      130.53961181640625
    ],
    "angle": 94.90081024169922
  },
  "global_mov": [
    267.2644121814937,
    140.55030679724993
  ]
}