{
  "1": {
    "class_id": 1,
    "centroid": [
      279.92095947265625,
      149.13905334472656
    ],
    "length": [
      143.52391052246094,
      209.39669799804688
    ],
    "angle": 92.52665710449219
  },
  "2": {
    "class_id": 2,
    "centroid": [
      282.9780578613281,
      150.31980895996094
    ],
    "length": [
      97.92688751220703,
      135.31674194335938
    ],
    "angle": 94.72473907470703
  },
  "global_mov": [
    258.395226265905,
    122.00661666292048
  ]
}