{
  "1": {
    "class_id": 1,
    "centroid": [
      282.3404846191406,
      159.33221435546875
    ],
    "length": [
      131.42584228515625,
      197.32614135742188
    ],
    "angle": 89.99732971191406
  },
  "2": {
    "class_id": 2,
    "centroid": [
      285.4693298339844,
      159.21092224121094
    ],
    "length": [
      100.16917419433594,
      138.46676635742188
    ],
    "angle": 83.67314147949219
  },
  "global_mov": [
    259.23903944406067,
    145.0907042814495
  ]
}