{
  "1": {
    "class_id": 1,
    "centroid": [
      276.0703125,
      138.83555603027344
    ],
    "length": [
      138.0856475830078,
      196.55271911621094
    ],
    "angle": 89.94941711425781
  },
  "2": {
    "class_id": 2,
    "centroid": [
      277.8606262207031,
      140.3846893310547
    ],
    "length": [
      100.68253326416016,
      131.3385772705078
    ],
    "angle": 92.8392105102539
  },
  "global_mov": [
    263.33044532573615,
    131.3694480513436
  ]
}