{
  "1": {
    "class_id": 1,
    "centroid": [
      291.9965515136719,
      128.5426788330078
    ],
    "length": [
      133.01939392089844,
      193.1621856689453
    ],
    "angle": 89.56053924560547
  },
  "2": {
    "class_id": 2,
    "centroid": [
      291.5787658691406,
      127.95986938476562
    ],
    "length": [
      91.94242095947266,
      121.15573120117188
    ],
    "angle": 93.9081802368164
  },
  "global_mov": [
    257.5016173315782,
    118.05111734320144
  ]
}