{
  "1": {
    "class_id": 1,
    "centroid": [
      225.04771423339844,
      138.56884765625
    ],
    "length": [
      149.6013641357422,
      214.7281951904297
    ],
    "angle": 92.11560821533203
  },
  "2": {
    "class_id": 2,
    "centroid": [
      227.0433349609375,
      139.7545928955078
    ],
    "length": [
      102.92378997802734,
      134.96414184570312
    ],
    "angle": 92.74845123291016
  },
  "global_mov": [
    210.96253463583164,
    118.50817614301722
  ]
}