{
  "1": {
    "class_id": 1,
    "centroid": [
      290.637939453125,
      151.16590881347656
    ],
    "length": [
      144.7581024169922,
      207.00906372070312
    ],
    "angle": 91.41419982910156
  },
  "2": {
    "class_id": 2,
    "centroid": [
      291.4158020019531,
      152.60736083984375
    ],
    "length": [
      98.07453155517578,
      131.4221649169922
    ],
    "angle": 94.05008697509766
  },
  "global_mov": [
    261.22427064766816,
    139.40475494013052
  ]
}