{
  "1": {
    "class_id": 1,
    "centroid": [
      291.15789794921875,
      168.46827697753906
    ],
    "length": [
      147.9096221923828,
      210.8860321044922
    ],
    "angle": 91.60623931884766
  },
  "2": {
    "class_id": 2,
    "centroid": [
      292.9369201660156,
      170.1769561767578
    ],
    "length": [
      102.6471176147461,
      132.97030639648438
    ],
    "angle": 95.51968383789062
  },
  "global_mov": [
    263.85770767676894,
    156.2513807864343
  ]
}