{
  "1": {
    "class_id": 1,
    "centroid": [
      281.18121337890625,
      147.73175048828125
    ],
    "length": [
      133.66896057128906,
      192.79144287109375
    ],
    "angle": 88.24126434326172
  },
  "2": {
    "class_id": 2,
    "centroid": [
      284.7018127441406,
      148.2078399658203
    ],
    "length": [
      97.37936401367188,
      124.97077178955078
    ],
    "angle": 86.86471557617188
  },
  "global_mov": [
    260.65104099118054,
    143.65810480400188
  ]
}