{
  "1": {
    "class_id": 1,
    "centroid": [
      221.94850158691406,
      157.616943359375
    ],
    "length": [
      148.75738525390625,
      212.63511657714844
    ],
    "angle": 91.5901107788086
  },
  "2": {
    "class_id": 2,
    "centroid": [
      223.03671264648438,
      159.58663940429688
    ],
    "length": [
      101.76161193847656,
      134.39169311523438
    ],
    "angle": 94.85694885253906
  },
  "global_mov": [
    236.81724365356558,
    147.02830912822597
  ]
}