{
  "1": {
    "class_id": 1,
    "centroid": [
      295.52752685546875,
      119.37984466552734
    ],
    "length": [
      135.77066040039062,
      195.64964294433594
    ],
    "angle": 88.62162780761719
  },
  "2": {
    "class_id": 2,
    "centroid": [
      294.65264892578125,
      115.86421966552734
    ],
    "length": [
      95.08251190185547,
      125.70791625976562
    ],
    "angle": 87.56831359863281
  },
  "global_mov": [
    265.98040053253965,
    122.20432132685274
  ]
}