{
  "1": {
    "class_id": 1,
    "centroid": [
      300.58599853515625,
      140.94235229492188
    ],
    "length": [
      147.29241943359375,
      209.62510681152344
    ],
    "angle": 90.1427230834961
  },
  "2": {
    "class_id": 2,
    "centroid": [
      304.5487365722656,
      142.8122100830078
    ],
    "length": [
      103.19456481933594,
      135.04991149902344
    ],
    "angle": 94.78313446044922
  },
  "global_mov": [
    279.75837655731533,
    134.09640811810692
  ]
}