{
  "1": {
    "class_id": 1,
    "centroid": [
      293.0356140136719,
      148.20701599121094
    ],
    "length": [
      144.50094604492188,
      207.71754455566406
    ],
    "angle": 91.66506958007812
  },
  "2": {
    "class_id": 2,
    "centroid": [
      293.9581298828125,
      149.37925720214844
    ],
    "length": [
      99.3837890625,
      130.98341369628906
    ],
    "angle": 95.11681365966797
  },
  "global_mov": [
    269.32964903732017,
    137.51661867382242
  ]
}