{
  "1": {
    "class_id": 1,
    "centroid": [
      274.6872863769531,
      180.4636993408203
    ],
    "length": [
      145.3286590576172,
      212.0045928955078
    ],
    "angle": 90.59441375732422
  },
  "2": {
    "class_id": 2,
    "centroid": [
      278.2649841308594,
      180.1240692138672
    ],
    "length": [
      97.22478485107422,
      134.51080322265625
    ],
    "angle": 91.74855041503906
  },
  "global_mov": [
    250.7818737611569,
    138.5402211546842
  ]
}