{
  "1": {
    "class_id": 1,
    "centroid": [
      287.89764404296875,
      162.648681640625
    ],
    "length": [
      134.4376678466797,
      195.0039825439453
    ],
    "angle": 90.306884765625
  },
  "2": {
    "class_id": 2,
    "centroid": [
      290.0113220214844,
      162.66049194335938
    ],
    "length": [
      98.8645248413086,
      134.34585571289062
    ],
    "angle": 87.75373840332031
  },
  "global_mov": [
    271.2203956149147,
    150.10464948502522
  ]
}