{
  "1": {
    "class_id": 1,
    "centroid": [
      277.3443603515625,
      178.28018188476562
    ],
    "length": [
      140.56333923339844,
      210.46627807617188
    ],
    "angle": 94.3132553100586
  },
  "2": {
    "class_id": 2,
    "centroid": [
      280.1621398925781,
      178.3150634765625
    ],
    "length": [
      94.14297485351562,
      134.92845153808594
    ],
    "angle": 95.74261474609375
  },
  "global_mov": [
    252.67925602911885,
    132.73318158138167
  ]
}