{
  "1": {
    "class_id": 1,
    "centroid": [
      296.8473815917969,
      154.15606689453125
    ],
    "length": [
      150.93190002441406,
      210.53976440429688
    ],
    "angle": 90.58714294433594
  },
  "2": {
    "class_id": 2,
    "centroid": [
      299.0356140136719,
      155.25367736816406
    ],
    "length": [
      101.95686340332031,
      132.72695922851562
    ],
    "angle": 93.47171783447266
  },
  "global_mov": [
    276.7081244077131,
    147.41142738899836
  ]
}