{
  "1": {
    "class_id": 1,
    "centroid": [
      298.3506164550781,
      150.57742309570312
    ],
    "length": [
      145.26036071777344,
      205.66603088378906
    ],
    "angle": 91.56954956054688
  },
  "2": {
    "class_id": 2,
    "centroid": [
      299.027587890625,
      151.61952209472656
    ],
    "length": [
      99.21411895751953,
      131.54458618164062
    ],
    "angle": 94.97957611083984
  },
  "global_mov": [
    271.7232962353888,
    137.19124162131988
  ]
}