{
  "1": {
    "class_id": 1,
    "centroid": [
      284.4556884765625,
      163.57666015625
    ],
    "length": [
      133.02146911621094,
      197.09591674804688
    ],
    "angle": 91.83155822753906
  },
  "2": {
    "class_id": 2,
    "centroid": [
      286.9345397949219,
      162.97511291503906
    ],
    "length": [
      99.92924499511719,
      138.5308074951172
    ],
    "angle": 86.575927734375
  },
  "global_mov": [
    260.53891598285884,
    147.02360348769707
  ]
}