{
  "1": {
    "class_id": 1,
    "centroid": [
      294.3712158203125,
      160.66107177734375
    ],
    "length": [
      137.76759338378906,
      198.01065063476562
    ],
    "angle": 90.777587890625
  },
  "2": {
    "class_id": 2,
    "centroid": [
      293.9795837402344,
      161.14076232910156
    ],
    "length": [
      101.03646087646484,
      131.49913024902344
    ],
    "angle": 88.4621353149414
  },
  "global_mov": [
    268.12252111379195,
    150.58742287172151
  ]
}