{
  "1": {
    "class_id": 1,
    "centroid": [
      300.3604431152344,
      157.73609924316406
    ],
    "length": [
      136.49256896972656,
      197.2111358642578
    ],
    "angle": 89.7726058959961
  },
  "2": {
    "class_id": 2,
    "centroid": [
      304.9690856933594,
      159.27713012695312
    ],
    "length": [
      106.97553253173828,
      139.4402618408203
    ],
    "angle": 90.6100082397461
  },
  "global_mov": [
    269.8891798622822,
    152.33416641961534
  ]
}