{
  "1": {
    "class_id": 1,
    "centroid": [
      304.4243469238281,
      158.78521728515625
    ],
    "length": [
      147.07737731933594,
      210.8953094482422
    ],
    "angle": 90.32774353027344
  },
  "2": {
    "class_id": 2,
    "centroid": [
      308.8356018066406,
      160.24900817871094
    ],
    "length": [
      106.59276580810547,
      141.2772674560547
    ],
    "angle": 89.62867736816406
  },
  "global_mov": [
    273.2393938483827,
    153.32942776918406
  ]
}