{
  "1": {
    "class_id": 1,
    "centroid": [
      291.4105529785156,
      186.41294860839844
    ],
    "length": [
      147.37863159179688,
      215.83773803710938
    ],
    "angle": 93.4942398071289
  },
  "2": {
    "class_id": 2,
    "centroid": [
      295.52362060546875,
      187.34080505371094
    ],
    "length": [
      98.89596557617188,
      135.652587890625
    ],
    "angle": 95.37619018554688
  },
  "global_mov": [
    267.0,
    150.0
  ]
}