{
  "1": {
    "class_id": 1,
    "centroid": [
      270.6056213378906,
      172.65611267089844
    ],
    "length": [
      129.48939514160156,
      190.1248016357422
    ],
    "angle": 94.78050231933594
  },
  "2": {
    "class_id": 2,
    "centroid": [
      274.3063659667969,
      173.82635498046875
    ],
    "length": [
      93.68130493164062,
      131.9657440185547
    ],
    "angle": 96.68632507324219
  },
  "global_mov": [
    291.3138156786132,
    145.49709543367888
  ]
}