{
  "1": {
    "class_id": 1,
    "centroid": [
      295.15594482421875,
      148.1338348388672
    ],
    "length": [
      145.1039276123047,
      206.57711791992188
    ],
    "angle": 91.37247467041016
  },
  "2": {
    "class_id": 2,
    "centroid": [
      295.6947937011719,
      149.1515655517578
    ],
    "length": [
      99.03895568847656,
      130.5365753173828
    ],
    "angle": 94.73860168457031
  },
  "global_mov": [
    269.8532450383433,
    137.1572574109833
  ]
}