{
  "1": {
    "class_id": 1,
    "centroid": [
      301.5555114746094,
      154.80567932128906
    ],
    "length": [
      133.2600860595703,
      195.34725952148438
    ],
    "angle": 91.1455307006836
  },
  "2": {
    "class_id": 2,
    "centroid": [
      301.9896545410156,
      152.5109405517578
    ],
    "length": [
      90.79045867919922,
      132.53372192382812
    ],
    "angle": 89.37962341308594
  },
  "global_mov": [
    274.62180650410556,
    130.6553846630673
  ]
}