{
  "1": {
    "class_id": 1,
    "centroid": [
      301.41339111328125,
      142.94981384277344
    ],
    "length": [
      145.53968811035156,
      208.3141632080078
    ],
    "angle": 90.20430755615234
  },
  "2": {
    "class_id": 2,
    "centroid": [
      301.72314453125,
      143.10162353515625
    ],
    "length": [
      100.32711029052734,
      129.9056854248047
    ],
    "angle": 87.5390625
  },
  "global_mov": [
    279.7974207104073,
    133.20859286889893
  ]
}