{
  "1": {
    "class_id": 1,
    "centroid": [
      300.57049560546875,
      140.53736877441406
    ],
    "length": [
      146.59686279296875,
      209.8186798095703
    ],
    "angle": 89.95281982421875
  },
  "2": {
    "class_id": 2,
    "centroid": [
      303.05462646484375,
      142.3118896484375
    ],
    "length": [
      103.0489501953125,
      133.97328186035156
    ],
    "angle": 92.87014770507812
  },
  "global_mov": [
    280.115388338635,
    134.11602160623173
  ]
}