{
  "1": {
    "class_id": 1,
    "centroid": [
      295.2679138183594,
      146.87387084960938
    ],
    "length": [
      136.09161376953125,
      195.55052185058594
    ],
    "angle": 86.62547302246094
  },
  "2": {
    "class_id": 2,
    "centroid": [
      294.6904602050781,
      150.5850372314453
    ],
    "length": [
      97.06043243408203,
      126.9304428100586
    ],
    "angle": 91.82630157470703
  },
  "global_mov": [
    270.1767503648647,
    153.233705229947
  ]
}