{
  "1": {
    "class_id": 1,
    "centroid": [
      299.867919921875,
      157.95626831054688
    ],
    "length": [
      147.28329467773438,
      211.20889282226562
    ],
    "angle": 91.15531158447266
  },
  "2": {
    "class_id": 2,
    "centroid": [
      303.9571838378906,
      158.792724609375
    ],
    "length": [
      107.04161834716797,
      141.2061004638672
    ],
    "angle": 91.38893127441406
  },
  "global_mov": [
    268.31111322960516,
    151.08122176619753
  ]
}