{
  "1": {
    "class_id": 1,
    "centroid": [
      220.7772674560547,
      156.21334838867188
    ],
    "length": [
      148.35598754882812,
      213.20297241210938
    ],
    "angle": 91.3399429321289
  },
  "2": {
    "class_id": 2,
    "centroid": [
      221.93580627441406,
      158.35595703125
    ],
    "length": [
      102.08908081054688,
      134.9225311279297
    ],
    "angle": 93.57752990722656
  },
  "global_mov": [
    220.99306693646335,
    137.80082689685602
  ]
}