{
  "1": {
    "class_id": 1,
    "centroid": [
      304.41229248046875,
      144.33033752441406
    ],
    "length": [
      135.72976684570312,
      197.84762573242188
    ],
    "angle": 86.85599517822266
  },
  "2": {
    "class_id": 2,
    "centroid": [
      305.34246826171875,
      148.3721160888672
    ],
    "length": [
      94.97425079345703,
      126.93216705322266
    ],
    "angle": 84.14986419677734
  },
  "global_mov": [
    275.7824333346222,
    143.05869276620203
  ]
}