{
  "1": {
    "class_id": 1,
    "centroid": [
      318.4930114746094,
      140.61871337890625
    ],
    "length": [
      137.00418090820312,
      199.2508087158203
    ],
    "angle": 85.83049774169922
  },
  "2": {
    "class_id": 2,
    "centroid": [
      319.320556640625,
      142.15126037597656
    ],
    "length": [
      102.9911117553711,
      128.48788452148438
    ],
    "angle": 89.21407318115234
  },
  "global_mov": [
    275.72918174869227,
    151.87955612372892
  ]
}