{
  "1": {
    "class_id": 1,
    "centroid": [
      298.8822937011719,
      146.9553985595703
    ],
    "length": [
      133.70069885253906,
      194.21856689453125
    ],
    "angle": 91.85478973388672
  },
  "2": {
    "class_id": 2,
    "centroid": [
      296.1630554199219,
      147.31674194335938
    ],
    "length": [
      96.4019775390625,
      129.61961364746094
    ],
    "angle": 85.80442810058594
  },
  "global_mov": [
    277.05106949877427,
    132.82980474227114
  ]
}