{
  "1": {
    "class_id": 1,
    "centroid": [
      290.62908935546875,
      150.2974853515625
    ],
    "length": [
      135.03793334960938,
      195.49380493164062
    ],
    "angle": 86.97666931152344
  },
  "2": {
    "class_id": 2,
    "centroid": [
      290.5727844238281,
      154.01622009277344
    ],
    "length": [
      97.61119079589844,
      126.7929458618164
    ],
    "angle": 86.87474060058594
  },
  "global_mov": [
    269.6155967673963,
    154.43334082282766
  ]
}