{
  "1": {
    "class_id": 1,
    "centroid": [
      282.0927734375,
      177.7252960205078
    ],
    "length": [
      141.105712890625,
      210.6988983154297
    ],
    "angle": 93.61173248291016
  },
  "2": {
    "class_id": 2,
    "centroid": [
      284.5671691894531,
      178.1496124267578
    ],
    "length": [
      95.24662017822266,
      135.68739318847656
    ],
    "angle": 94.33837890625
  },
  "global_mov": [
    253.7433805248919,
    134.1708682678435
  ]
}