{
  "1": {
    "class_id": 1,
    "centroid": [
      270.3049011230469,
      173.78793334960938
    ],
    "length": [
      129.411376953125,
      190.4595489501953
    ],
    "angle": 94.48567962646484
  },
  "2": {
    "class_id": 2,
    "centroid": [
      274.33404541015625,
      174.80911254882812
    ],
    "length": [
      94.03046417236328,
      131.2095184326172
    ],
    "angle": 96.76200866699219
  },
  "global_mov": [
    292.0263959894987,
    146.04246238048293
  ]
}