{
  "1": {
    "class_id": 1,
    "centroid": [
      262.4619445800781,
      139.05870056152344
    ],
    "length": [
      148.27232360839844,
      210.6750946044922
    ],
    "angle": 90.25870513916016
  },
  "2": {
    "class_id": 2,
    "centroid": [
      266.73724365234375,
      140.99009704589844
    ],
    "length": [
      102.2505111694336,
      132.80050659179688
    ],
    "angle": 94.13297271728516
  },
  "global_mov": [
    249.38185778304683,
    132.3908591648325
  ]
}