{
  "1": {
    "class_id": 1,
    "centroid": [
      283.5493469238281,
      138.3459014892578
    ],
    "length": [
      144.21983337402344,
      204.0118865966797
    ],
    "angle": 91.3135986328125
  },
  "2": {
    "class_id": 2,
    "centroid": [
      284.51361083984375,
      138.78952026367188
    ],
    "length": [
      96.13382720947266,
      128.85597229003906
    ],
    "angle": 92.8901138305664
  },
  "global_mov": [
    243.56987677798335,
    109.63871829549002
  ]
}