{
  "1": {
    "class_id": 1,
    "centroid": [
      302.3871765136719,
      151.7655487060547
    ],
    "length": [
      145.39610290527344,
      207.99110412597656
    ],
    "angle": 90.94420623779297
  },
  "2": {
    "class_id": 2,
    "centroid": [
      303.2292175292969,
      152.9130096435547
    ],
    "length": [
      98.2719955444336,
      132.34339904785156
    ],
    "angle": 94.56184387207031
  },
  "global_mov": [
    270.0921326457841,
    138.07885435706098
  ]
}