{
  "1": {
    "class_id": 1,
    "centroid": [
      281.728759765625,
      142.10569763183594
    ],
    "length": [
      144.7340087890625,
      205.18264770507812
    ],
    "angle": 91.61188507080078
  },
  "2": {
    "class_id": 2,
    "centroid": [
      281.5970153808594,
      142.03616333007812
    ],
    "length": [
      94.80799102783203,
      130.23728942871094
    ],
    "angle": 92.66431427001953
  },
  "global_mov": [
    255.30577104760656,
    121.39571400776282
  ]
}