{
  "1": {
    "class_id": 1,
    "centroid": [
      293.4104309082031,
      148.5165557861328
    ],
    "length": [
      144.47677612304688,
      206.99856567382812
    ],
    "angle": 91.40261840820312
  },
  "2": {
    "class_id": 2,
    "centroid": [
      294.0997009277344,
      149.80178833007812
    ],
    "length": [
      99.45862579345703,
      130.83152770996094
    ],
    "angle": 95.15406036376953
  },
  "global_mov": [
    270.83382230198106,
    137.73913877465756
  ]
}