{
  "1": {
    "class_id": 1,
    "centroid": [
      304.596923828125,
      145.14654541015625
    ],
    "length": [
      147.69497680664062,
      209.49942016601562
    ],
    "angle": 90.20759582519531
  },
  "2": {
    "class_id": 2,
    "centroid": [
      308.1248474121094,
      146.55860900878906
    ],
    "length": [
      102.49105834960938,
      134.6147003173828
    ],
    "angle": 94.1763687133789
  },
  "global_mov": [
    278.4166254516322,
    133.92087824405283
  ]
}