{
  "1": {
    "class_id": 1,
    "centroid": [
      297.5171203613281,
      153.48789978027344
    ],
    "length": [
      131.85818481445312,
      193.9904022216797
    ],
    "angle": 91.43167114257812
  },
  "2": {
    "class_id": 2,
    "centroid": [
      299.75408935546875,
      151.06887817382812
    ],
    "length": [
      91.27033996582031,
      132.5698699951172
    ],
    "angle": 95.10050201416016
  },
  "global_mov": [
    271.146247777282,
    130.44378239802515
  ]
}