{
  "1": {
    "class_id": 1,
    "centroid": [
      295.1596374511719,
      149.61671447753906
    ],
    "length": [
      144.58226013183594,
      206.7017059326172
    ],
    "angle": 91.64207458496094
  },
  "2": {
    "class_id": 2,
    "centroid": [
      295.56219482421875,
      150.8054656982422
    ],
    "length": [
      99.46357727050781,
      130.7543487548828
    ],
    "angle": 95.61145782470703
  },
  "global_mov": [
    272.89979774250713,
    139.05759597333773
  ]
}