{
  "1": {
    "class_id": 1,
    "centroid": [
      277.2491455078125,
      158.7102508544922
    ],
    "length": [
      131.119873046875,
      195.8127899169922
    ],
    "angle": 91.37232971191406
  },
  "2": {
    "class_id": 2,
    "centroid": [
      279.8931884765625,
      158.62246704101562
    ],
    "length": [
      99.8154296875,
      137.79249572753906
    ],
    "angle": 84.92585754394531
  },
  "global_mov": [
    257.56525886951135,
    145.09771202542467
  ]
}