{
  "1": {
    "class_id": 1,
    "centroid": [
      284.1954345703125,
      166.4972686767578
    ],
    "length": [
      130.14381408691406,
      191.90179443359375
    ],
    "angle": 92.18502807617188
  },
  "2": {
    "class_id": 2,
    "centroid": [
      289.6560974121094,
      165.68365478515625
    ],
    "length": [
      93.31069946289062,
      133.25460815429688
    ],
    "angle": 93.83721160888672
  },
  "global_mov": [
    273.86433689260184,
    145.4206576074282
  ]
}