{
  "1": {
    "class_id": 1,
    "centroid": [
      305.7984313964844,
      150.27798461914062
    ],
    "length": [
      138.13265991210938,
      195.40402221679688
    ],
    "angle": 87.07809448242188
  },
  "2": {
    "class_id": 2,
    "centroid": [
      307.78314208984375,
      150.7577362060547
    ],
    "length": [
      102.35579681396484,
      133.06053161621094
    ],
    "angle": 90.63032531738281
  },
  "global_mov": [
    284.1857811304742,
    156.2268534640437
  ]
}