{
  "1": {
    "class_id": 1,
    "centroid": [
      298.4442138671875,
      146.58155822753906
    ],
    "length": [
      135.018310546875,
      195.88475036621094
    ],
    "angle": 90.03102111816406
  },
  "2": {
    "class_id": 2,
    "centroid": [
      295.4532470703125,
      145.39208984375
    ],
    "length": [
      97.169921875,
      125.53582000732422
    ],
    "angle": 86.24681854248047
  },
  "global_mov": [
    275.205952701001,
    133.47363550410998
  ]
}