{
  "1": {
    "class_id": 1,
    "centroid": [
      288.2003173828125,
      154.68077087402344
    ],
    "length": [
      144.8923797607422,
      212.73226928710938
    ],
    "angle": 92.17363739013672
  },
  "2": {
    "class_id": 2,
    "centroid": [
      292.5171203613281,
      155.74591064453125
    ],
    "length": [
      99.92178344726562,
      133.93365478515625
    ],
    "angle": 94.13565826416016
  },
  "global_mov": [
    270.70382645286514,
    131.16073616234442
  ]
}