{
  "1": {
    "class_id": 1,
    "centroid": [
      292.7774353027344,
      149.28598022460938
    ],
    "length": [
      144.93826293945312,
      207.220947265625
    ],
    "angle": 91.06578826904297
  },
  "2": {
    "class_id": 2,
    "centroid": [
      293.4212951660156,
      150.71607971191406
    ],
    "length": [
      98.19029998779297,
      130.70118713378906
    ],
    "angle": 94.32157135009766
  },
  "global_mov": [
    270.1974910423855,
    139.02246077165583
  ]
}