{
  "1": {
    "class_id": 1,
    "centroid": [
      296.20477294921875,
      155.94137573242188
    ],
    "length": [
      151.6075897216797,
      213.4443817138672
    ],
    "angle": 91.48774719238281
  },
  "2": {
    "class_id": 2,
    "centroid": [
      301.34375,
      155.6745147705078
    ],
    "length": [
      99.95246124267578,
      131.6678924560547
    ],
    "angle": 93.694091796875
  },
  "global_mov": [
    260.449636909773,
    136.44651800132078
  ],
  "4": {
    "class_id": "slit knife",
    "tip": [
      261.33484361458994,
      243.4683459099814
    ],
    "length": 87.17839050292969,
    "angle": 42.27368927001953
  }
}