{
  "1": {
    "class_id": 1,
    "centroid": [
      292.7088623046875,
      155.65911865234375
    ],
    "length": [
      143.18507385253906,
      207.2501678466797
    ],
    "angle": 91.93145751953125
  },
  "2": {
    "class_id": 2,
    "centroid": [
      293.4462890625,
      156.54078674316406
    ],
    "length": [
      98.0293197631836,
      130.36492919921875
    ],
    "angle": 95.649658203125
  },
  "global_mov": [
    256.9597669524713,
    140.57021018625667
  ]
}