{
  "1": {
    "class_id": 1,
    "centroid": [
      289.990478515625,
      162.6264190673828
    ],
    "length": [
      135.56683349609375,
      194.17201232910156
    ],
    "angle": 90.45465087890625
  },
  "2": {
    "class_id": 2,
    "centroid": [
      292.4019775390625,
      163.15496826171875
    ],
    "length": [
      100.91678619384766,
      132.8058624267578
    ],
    "angle": 88.695068359375
  },
  "global_mov": [
    273.00949380591805,
    151.28669406493722
  ]
}