{
  "1": {
    "class_id": 1,
    "centroid": [
      278.29718017578125,
      140.37962341308594
    ],
    "length": [
      148.29005432128906,
      209.95870971679688
    ],
    "angle": 90.82330322265625
  },
  "2": {
    "class_id": 2,
    "centroid": [
      280.1400146484375,
      142.65078735351562
    ],
    "length": [
      101.41555786132812,
      131.5001983642578
    ],
    "angle": 93.2354965209961
  },
  "global_mov": [
    264.50058478189555,
    132.11658128641216
  ]
}