{
  "1": {
    "class_id": 1,
    "centroid": [
      310.15673828125,
      148.48716735839844
    ],
    "length": [
      147.22366333007812,
      209.5361328125
    ],
    "angle": 88.88492584228516
  },
  "2": {
    "class_id": 2,
    "centroid": [
      310.9623107910156,
      149.8133544921875
    ],
    "length": [
      99.3797607421875,
      131.6083526611328
    ],
    "angle": 92.89569091796875
  },
  "global_mov": [
    268.71449974830836,
    140.65573406053105
  ]
}