{
  "1": {
    "class_id": 1,
    "centroid": [
      293.70965576171875,
      155.72689819335938
    ],
    "length": [
      150.0554962158203,
      214.44004821777344
    ],
    "angle": 90.95055389404297
  },
  "2": {
    "class_id": 2,
    "centroid": [
      299.18499755859375,
      155.6768798828125
    ],
    "length": [
      99.31605529785156,
      131.6658477783203
    ],
    "angle": 94.31184387207031
  },
  "global_mov": [
    259.7032087114191,
    135.40871137685204
  ],
  "4": {
    "class_id": "slit knife",
    "tip": [
      225.85237937364624,
      239.79064759008614
    ],
    "length": 87.64468383789062,
    "angle": 45.97101974487305
  }
}