{
  "1": {
    "class_id": 1,
    "centroid": [
      303.85491943359375,
      140.8075714111328
    ],
    "length": [
      135.7631378173828,
      197.97622680664062
    ],
    "angle": 87.03915405273438
  },
  "2": {
    "class_id": 2,
    "centroid": [
      304.9290466308594,
      144.17674255371094
    ],
    "length": [
      96.95736694335938,
      126.59605407714844
    ],
    "angle": 84.755615234375
  },
  "global_mov": [
    275.067986580178,
    142.5630944048636
  ]
}