{
  "1": {
    "class_id": 1,
    "centroid": [
      291.4931640625,
      163.70452880859375
    ],
    "length": [
      136.0301513671875,
      197.90525817871094
    ],
    "angle": 92.2319564819336
  },
  "2": {
    "class_id": 2,
    "centroid": [
      295.461669921875,
      163.1300048828125
    ],
    "length": [
      98.80931091308594,
      128.41226196289062
    ],
    "angle": 89.45684814453125
  },
  "global_mov": [
    264.3344176882599,
    150.62432538905065
  ]
}