{
  "1": {
    "class_id": 1,
    "centroid": [
      291.6986083984375,
      157.42344665527344
    ],
    "length": [
      131.45486450195312,
      197.78651428222656
    ],
    "angle": 89.37315368652344
  },
  "2": {
    "class_id": 2,
    "centroid": [
      294.6825866699219,
      156.648681640625
    ],
    "length": [
      96.74755859375,
      135.70242309570312
    ],
    "angle": 82.70405578613281
  },
  "global_mov": [
    260.84526737416587,
    141.6737237486152
  ]
}