{
  "1": {
    "class_id": 1,
    "centroid": [
      277.9483947753906,
      138.70236206054688
    ],
    "length": [
      144.26344299316406,
      203.88943481445312
    ],
    "angle": 91.64496612548828
  },
  "2": {
    "class_id": 2,
    "centroid": [
      277.21844482421875,
      138.8958282470703
    ],
    "length": [
      95.59839630126953,
      129.7893524169922
    ],
    "angle": 92.15364074707031
  },
  "global_mov": [
    258.07182140460526,
    120.75092699231793
  ]
}