{
  "1": {
    "class_id": 1,
    "centroid": [
      326.5657653808594,
      139.09071350097656
    ],
    "length": [
      150.3060302734375,
      211.28775024414062
    ],
    "angle": 90.8038558959961
  },
  "2": {
    "class_id": 2,
    "centroid": [
      329.6905212402344,
      137.61817932128906
    ],
    "length": [
      99.73713684082031,
      136.1043243408203
    ],
    "angle": 92.21649169921875
  },
  "global_mov": [
    278.7439887281665,
    116.90053493663838
  ]
}