{
  "1": {
    "class_id": 1,
    "centroid": [
      285.6376953125,
      181.8961639404297
    ],
    "length": [
      143.8994140625,
      211.12193298339844
    ],
    "angle": 92.90741729736328
  },
  "2": {
    "class_id": 2,
    "centroid": [
      289.7565612792969,
      182.7895050048828
    ],
    "length": [
      97.83880615234375,
      134.29087829589844
    ],
    "angle": 94.44120788574219
  },
  "global_mov": [
    261.3869749897608,
    141.91872535627877
  ]
}