{
  "1": {
    "class_id": 1,
    "centroid": [
      288.5466613769531,
      153.0748748779297
    ],
    "length": [
      147.01231384277344,
      210.36117553710938
    ],
    "angle": 90.41316223144531
  },
  "2": {
    "class_id": 2,
    "centroid": [
      292.572021484375,
      154.75770568847656
    ],
    "length": [
      102.19140625,
      134.5072479248047
    ],
    "angle": 94.5494384765625
  },
  "global_mov": [
    266.47585246668905,
    138.16591871613255
  ]
}