{
  "1": {
    "class_id": 1,
    "centroid": [
      294.9170227050781,
      156.14511108398438
    ],
    "length": [
      152.4244384765625,
      215.17596435546875
    ],
    "angle": 91.44507598876953
  },
  "2": {
    "class_id": 2,
    "centroid": [
      299.884765625,
      155.39877319335938
    ],
    "length": [
      99.64480590820312,
      131.69625854492188
    ],
    "angle": 92.07123565673828
  },
  "global_mov": [
    257.70525303933795,
    135.89555942220525
  ]
}