{
  "1": {
    "class_id": 1,
    "centroid": [
      273.9658508300781,
      157.7246856689453
    ],
    "length": [
      131.69305419921875,
      192.78306579589844
    ],
    "angle": 91.28433990478516
  },
  "2": {
    "class_id": 2,
    "centroid": [
      279.1033630371094,
      157.2224884033203
    ],
    "length": [
      93.75843811035156,
      128.42491149902344
    ],
    "angle": 93.0862045288086
  },
  "global_mov": [
    289.6325668104362,
    146.95470166598898
  ]
}