{
  "1": {
    "class_id": 1,
    "centroid": [
      300.728515625,
      153.16065979003906
    ],
    "length": [
      149.5795440673828,
      214.1318359375
    ],
    "angle": 91.29613494873047
  },
  "2": {
    "class_id": 2,
    "centroid": [
      304.7966613769531,
      154.2421112060547
    ],
    "length": [
      100.27542877197266,
      134.2438201904297
    ],
    "angle": 93.44029235839844
  },
  "global_mov": [
    261.61897782052057,
    139.89682929917296
  ],
  "4": {
    "class_id": "slit knife",
    "tip": [
      244.16590699322887,
      214.12424566891536
    ],
    "length": 121.60228729248047,
    "angle": 46.0416259765625
  }
}