{
  "1": {
    "class_id": 1,
    "centroid": [
      288.8349609375,
      131.79795837402344
    ],
    "length": [
      144.5341339111328,
      207.0428466796875
    ],
    "angle": 91.01467895507812
  },
  "2": {
    "class_id": 2,
    "centroid": [
      289.32830810546875,
      132.21435546875
    ],
    "length": [
      96.43201446533203,
      129.62252807617188
    ],
    "angle": 91.8204574584961
  },
  "global_mov": [
    260.921932586216,
    113.2745874943897
  ]
}