{
  "1": {
    "class_id": 1,
    "centroid": [
      287.5826416015625,
      152.0321044921875
    ],
    "length": [
      144.88233947753906,
      205.13894653320312
    ],
    "angle": 91.81358337402344
  },
  "2": {
    "class_id": 2,
    "centroid": [
      287.7497863769531,
      153.38328552246094
    ],
    "length": [
      99.1526870727539,
      129.50341796875
    ],
    "angle": 95.45114135742188
  },
  "global_mov": [
    258.1906507224683,
    138.5307644485449
  ]
}