{
  "1": {
    "class_id": 1,
    "centroid": [
      283.46221923828125,
      138.3417205810547
    ],
    "length": [
      146.47056579589844,
      205.3816375732422
    ],
    "angle": 90.76129150390625
  },
  "2": {
    "class_id": 2,
    "centroid": [
      285.7872314453125,
      140.41976928710938
    ],
    "length": [
      100.5965347290039,
      130.97439575195312
    ],
    "angle": 94.5258560180664
  },
  "global_mov": [
    236.47873420885617,
    120.9998114194097
  ]
}