{
  "1": {
    "class_id": 1,
    "centroid": [
      309.5235595703125,
      162.44387817382812
    ],
    "length": [
      136.49131774902344,
      197.79673767089844
    ],
    "angle": 90.02098846435547
  },
  "2": {
    "class_id": 2,
    "centroid": [
      312.700927734375,
      162.89874267578125
    ],
    "length": [
      100.57500457763672,
      134.62521362304688
    ],
    "angle": 88.51790618896484
  },
  "global_mov": [
    280.648310616139,
    144.38083166457133
  ]
}