{
  "1": {
    "class_id": 1,
    "centroid": [
      276.6692810058594,
      146.44810485839844
    ],
    "length": [
      134.3325958251953,
      193.5768585205078
    ],
    "angle": 87.95721435546875
  },
  "2": {
    "class_id": 2,
    "centroid": [
      278.3975524902344,
      145.9546661376953
    ],
    "length": [
      99.43589782714844,
      136.75796508789062
    ],
    "angle": 81.82667541503906
  },
  "global_mov": [
    262.8292443745735,
    145.97740233030444
  ]
}