{
  "1": {
    "class_id": 1,
    "centroid": [
      276.4263916015625,
      135.89675903320312
    ],
    "length": [
      149.68161010742188,
      208.2527313232422
    ],
    "angle": 90.4096450805664
  },
  "2": {
    "class_id": 2,
    "centroid": [
      278.4676513671875,
      136.24203491210938
    ],
    "length": [
      101.10175323486328,
      131.80516052246094
    ],
    "angle": 93.41114044189453
  },
  "global_mov": [
    266.48860035628115,
    130.81143713501046
  ]
}