{
  "1": {
    "class_id": 1,
    "centroid": [
      300.9888610839844,
      151.5668487548828
    ],
    "length": [
      150.22756958007812,
      213.99066162109375
    ],
    "angle": 90.67935943603516
  },
  "2": {
    "class_id": 2,
    "centroid": [
      305.66693115234375,
      152.5327911376953
    ],
    "length": [
      100.08992004394531,
      134.81808471679688
    ],
    "angle": 93.6379165649414
  },
  "global_mov": [
    261.00503328441926,
    139.44435156048604
  ],
  "4": {
    "class_id": "slit knife",
    "tip": [
      255.32518057401643,
      222.28619161833856
    ],
    "length": 112.38578796386719,
    "angle": 45.8551025390625
  }
}