{
  "1": {
    "class_id": 1,
    "centroid": [
      298.9364929199219,
      148.8280487060547
    ],
    "length": [
      135.6357421875,
      195.82969665527344
    ],
    "angle": 86.67964172363281
  },
  "2": {
    "class_id": 2,
    "centroid": [
      297.6734313964844,
      152.27618408203125
    ],
    "length": [
      99.35792541503906,
      125.0579833984375
    ],
    "angle": 85.31410217285156
  },
  "global_mov": [
    281.8208574383098,
    147.42315830183745
  ]
}