{
  "1": {
    "class_id": 1,
    "centroid": [
      310.0431213378906,
      148.1718292236328
    ],
    "length": [
      146.1851043701172,
      208.86630249023438
    ],
    "angle": 88.6143569946289
  },
  "2": {
    "class_id": 2,
    "centroid": [
      310.8174133300781,
      149.52015686035156
    ],
    "length": [
      99.51587677001953,
      131.15554809570312
    ],
    "angle": 92.46781921386719
  },
  "global_mov": [
    265.13793573999914,
    136.60076599084928
  ]
}