{
  "1": {
    "class_id": 1,
    "centroid": [
      303.5470886230469,
      144.60357666015625
    ],
    "length": [
      136.00222778320312,
      197.2585906982422
    ],
    "angle": 87.03305053710938
  },
  "2": {
    "class_id": 2,
    "centroid": [
      302.1042175292969,
      147.90870666503906
    ],
    "length": [
      100.47308349609375,
      125.76719665527344
    ],
    "angle": 87.52932739257812
  },
  "global_mov": [
    276.0656801524843,
    149.95394451930898
  ]
}