{
  "1": {
    "class_id": 1,
    "centroid": [
      282.3682861328125,
      148.75279235839844
    ],
    "length": [
      135.199951171875,
      193.91232299804688
    ],
    "angle": 89.47782135009766
  },
  "2": {
    "class_id": 2,
    "centroid": [
      288.7271423339844,
      147.0599365234375
    ],
    "length": [
      95.13829803466797,
      129.82847595214844
    ],
    "angle": 90.00672149658203
  },
  "global_mov": [
    272.33808921234794,
    137.08021217357137
  ]
}