{
  "1": {
    "class_id": 1,
    "centroid": [
      309.2883605957031,
      137.73912048339844
    ],
    "length": [
      137.42868041992188,
      199.42236328125
    ],
    "angle": 86.63287353515625
  },
  "2": {
    "class_id": 2,
    "centroid": [
      308.7651672363281,
      140.41635131835938
    ],
    "length": [
      102.08667755126953,
      128.7108917236328
    ],
    "angle": 96.0225830078125
  },
  "global_mov": [
    274.4892908849781,
    151.50678759152956
  ]
}