{
  "1": {
    "class_id": 1,
    "centroid": [
      290.1607360839844,
      164.0477752685547
    ],
    "length": [
      134.56475830078125,
      196.39895629882812
    ],
    "angle": 90.99117279052734
  },
  "2": {
    "class_id": 2,
    "centroid": [
      292.5386047363281,
      163.5345916748047
    ],
    "length": [
      99.08909606933594,
      132.3726348876953
    ],
    "angle": 87.62818145751953
  },
  "global_mov": [
    270.3711615857563,
    149.8412402529922
  ]
}