{
  "1": {
    "class_id": 1,
    "centroid": [
      301.3265380859375,
      142.74032592773438
    ],
    "length": [
      150.9351348876953,
      210.11459350585938
    ],
    "angle": 91.60413360595703
  },
  "2": {
    "class_id": 2,
    "centroid": [
      304.99676513671875,
      142.5891876220703
    ],
    "length": [
      100.40374755859375,
      134.12985229492188
    ],
    "angle": 95.72254943847656
  },
  "global_mov": [
    281.8440800054144,
    123.48049090060992
  ]
}