{
  "1": {
    "class_id": 1,
    "centroid": [
      284.8678283691406,
      152.392333984375
    ],
    "length": [
      134.60043334960938,
      195.19784545898438
    ],
    "angle": 88.49806213378906
  },
  "2": {
    "class_id": 2,
    "centroid": [
      287.2033386230469,
      151.8778076171875
    ],
    "length": [
      99.62169647216797,
      136.76504516601562
    ],
    "angle": 86.03734588623047
  },
  "global_mov": [
    262.06453589387104,
    144.77704417177208
  ]
}