{
  "1": {
    "class_id": 1,
    "centroid": [
      292.4573974609375,
      162.82110595703125
    ],
    "length": [
      136.2385711669922,
      197.90846252441406
    ],
    "angle": 92.39579772949219
  },
  "2": {
    "class_id": 2,
    "centroid": [
      295.9529724121094,
      162.71214294433594
    ],
    "length": [
      98.19514465332031,
      128.95477294921875
    ],
    "angle": 88.28269958496094
  },
  "global_mov": [
    266.49540214410274,
    149.8774249140186
  ]
}