{
  "1": {
    "class_id": 1,
    "centroid": [
      282.75531005859375,
      138.77398681640625
    ],
    "length": [
      143.5973663330078,
      204.75918579101562
    ],
    "angle": 91.59107971191406
  },
  "2": {
    "class_id": 2,
    "centroid": [
      283.06591796875,
      139.34165954589844
    ],
    "length": [
      96.17823028564453,
      130.80029296875
    ],
    "angle": 92.04051971435547
  },
  "global_mov": [
    247.06463213252115,
    114.91401310420378
  ]
}