{
  "1": {
    "class_id": 1,
    "centroid": [
      382.8804931640625,
      118.10662841796875
    ],
    "length": [
      148.9523162841797,
      212.97532653808594
    ],
    "angle": 88.0289306640625
  },
  "2": {
    "class_id": 2,
    "centroid": [
      384.2294006347656,
      119.07180786132812
    ],
    "length": [
      101.27786254882812,
      131.78829956054688
    ],
    "angle": 90.21781158447266
  },
  "global_mov": [
    283.35036214192706,
    116.49644756317139
  ]
}