{
  "1": {
    "class_id": 1,
    "centroid": [
      314.3011169433594,
      160.92030334472656
    ],
    "length": [
      136.6177520751953,
      200.44398498535156
    ],
    "angle": 88.90039825439453
  },
  "2": {
    "class_id": 2,
    "centroid": [
      317.37713623046875,
      161.55288696289062
    ],
    "length": [
      101.8388671875,
      133.26170349121094
    ],
    "angle": 89.40252685546875
  },
  "global_mov": [
    280.23963701545,
    147.4705122676206
  ]
}