{
  "1": {
    "class_id": 1,
    "centroid": [
      278.1246337890625,
      144.40089416503906
    ],
    "length": [
      149.908203125,
      210.93365478515625
    ],
    "angle": 91.75835418701172
  },
  "2": {
    "class_id": 2,
    "centroid": [
      282.2895812988281,
      145.4032440185547
    ],
    "length": [
      101.2248764038086,
      133.35873413085938
    ],
    "angle": 95.81271362304688
  },
  "global_mov": [
    263.6087508295189,
    130.54254448871038
  ]
}