{
  "1": {
    "class_id": 1,
    "centroid": [
      276.982421875,
      180.24061584472656
    ],
    "length": [
      139.84034729003906,
      210.7687225341797
    ],
    "angle": 94.2343978881836
  },
  "2": {
    "class_id": 2,
    "centroid": [
      280.054443359375,
      180.51382446289062
    ],
    "length": [
      94.3218765258789,
      135.32374572753906
    ],
    "angle": 94.4341812133789
  },
  "global_mov": [
    252.74606859476413,
    134.169639225466
  ]
}