{
  "1": {
    "class_id": 1,
    "centroid": [
      293.20880126953125,
      169.6727752685547
    ],
    "length": [
      148.81248474121094,
      211.4850616455078
    ],
    "angle": 91.4854507446289
  },
  "2": {
    "class_id": 2,
    "centroid": [
      294.6561584472656,
      171.71751403808594
    ],
    "length": [
      102.21211242675781,
      132.5189208984375
    ],
    "angle": 96.1392593383789
  },
  "global_mov": [
    264.39374230923266,
    156.73686516367727
  ]
}