{
  "1": {
    "class_id": 1,
    "centroid": [
      283.1688537597656,
      153.87896728515625
    ],
    "length": [
      134.2554473876953,
      198.83506774902344
    ],
    "angle": 90.4203872680664
  },
  "2": {
    "class_id": 2,
    "centroid": [
      286.3946228027344,
      153.5548858642578
    ],
    "length": [
      101.56571960449219,
      138.97727966308594
    ],
    "angle": 85.55097198486328
  },
  "global_mov": [
    257.58749708051306,
    142.15521466258141
  ]
}