{
  "1": {
    "class_id": 1,
    "centroid": [
      289.31951904296875,
      158.27920532226562
    ],
    "length": [
      148.60601806640625,
      210.83106994628906
    ],
    "angle": 91.13174438476562
  },
  "2": {
    "class_id": 2,
    "centroid": [
      290.6313171386719,
      159.5391082763672
    ],
    "length": [
      102.16783142089844,
      133.67770385742188
    ],
    "angle": 94.49370574951172
  },
  "global_mov": [
    265.50967251662473,
    143.04549920142014
  ]
}