{
  "1": {
    "class_id": 1,
    "centroid": [
      288.6985168457031,
      143.1398162841797
    ],
    "length": [
      147.60816955566406,
      206.7670135498047
    ],
    "angle": 90.9426498413086
  },
  "2": {
    "class_id": 2,
    "centroid": [
      291.114501953125,
      144.50733947753906
    ],
    "length": [
      100.16888427734375,
      130.79432678222656
    ],
    "angle": 94.91508483886719
  },
  "global_mov": [
    251.116438018301,
    124.4999963234551
  ]
}