{
  "1": {
    "class_id": 1,
    "centroid": [
      301.7629089355469,
      150.38865661621094
    ],
    "length": [
      150.40853881835938,
      214.35365295410156
    ],
    "angle": 91.29117584228516
  },
  "2": {
    "class_id": 2,
    "centroid": [
      306.5448913574219,
      151.39410400390625
    ],
    "length": [
      100.6754150390625,
      134.57162475585938
    ],
    "angle": 94.04473114013672
  },
  "global_mov": [
    260.7978832787717,
    139.1858246137959
  ],
  "4": {
    "class_id": "slit knife",
    "tip": [
      259.5358291083246,
      217.54661546502825
    ],
    "length": 118.73580169677734,
    "angle": 45.67403793334961
  }
}