{
  "1": {
    "class_id": 1,
    "centroid": [
      286.88909912109375,
      172.2271270751953
    ],
    "length": [
      139.21441650390625,
      215.70510864257812
    ],
    "angle": 91.43145751953125
  },
  "2": {
    "class_id": 2,
    "centroid": [
      290.06268310546875,
      174.96629333496094
    ],
    "length": [
      96.17471313476562,
      135.389404296875
    ],
    "angle": 94.93303680419922
  },
  "global_mov": [
    253.99995684819055,
    137.24717830002194
  ]
}