{
  "1": {
    "class_id": 1,
    "centroid": [
      284.38787841796875,
      177.47665405273438
    ],
    "length": [
      141.44329833984375,
      211.5761260986328
    ],
    "angle": 92.9992904663086
  },
  "2": {
    "class_id": 2,
    "centroid": [
      287.8453674316406,
      178.2437744140625
    ],
    "length": [
      96.36540222167969,
      136.48825073242188
    ],
    "angle": 93.80481719970703
  },
  "global_mov": [
    255.52051462802376,
    136.85468051970824
  ]
}