{
  "1": {
    "class_id": 1,
    "centroid": [
      311.89739990234375,
      160.8937225341797
    ],
    "length": [
      135.81443786621094,
      198.3072967529297
    ],
    "angle": 89.10406494140625
  },
  "2": {
    "class_id": 2,
    "centroid": [
      314.9636535644531,
      161.41505432128906
    ],
    "length": [
      101.06288146972656,
      134.41123962402344
    ],
    "angle": 88.59180450439453
  },
  "global_mov": [
    281.54859676884115,
    145.73715437273583
  ]
}