{
  "1": {
    "class_id": 1,
    "centroid": [
      280.9238586425781,
      179.8817138671875
    ],
    "length": [
      139.86602783203125,
      209.38980102539062
    ],
    "angle": 94.21586608886719
  },
  "2": {
    "class_id": 2,
    "centroid": [
      283.75177001953125,
      180.4848175048828
    ],
    "length": [
      95.1301040649414,
      135.1732940673828
    ],
    "angle": 94.2022705078125
  },
  "global_mov": [
    256.19528936700243,
    134.91536457582433
  ]
}