{
  "1": {
    "class_id": 1,
    "centroid": [
      292.30084228515625,
      163.07272338867188
    ],
    "length": [
      132.08529663085938,
      198.567626953125
    ],
    "angle": 90.38548278808594
  },
  "2": {
    "class_id": 2,
    "centroid": [
      294.85931396484375,
      161.8829345703125
    ],
    "length": [
      97.29478454589844,
      137.2190399169922
    ],
    "angle": 86.08328247070312
  },
  "global_mov": [
    263.2873351283142,
    146.0319606017355
  ]
}