{
  "1": {
    "class_id": 1,
    "centroid": [
      294.4022216796875,
      168.06121826171875
    ],
    "length": [
      134.5713653564453,
      197.09689331054688
    ],
    "angle": 90.1530532836914
  },
  "2": {
    "class_id": 2,
    "centroid": [
      296.9794006347656,
      167.44505310058594
    ],
    "length": [
      98.31904602050781,
      134.34552001953125
    ],
    "angle": 87.17391204833984
  },
  "global_mov": [
    273.8602702866172,
    150.68258118050258
  ]
}