{
  "1": {
    "class_id": 1,
    "centroid": [
      271.54254150390625,
      148.52682495117188
    ],
    "length": [
      145.6143035888672,
      209.3899383544922
    ],
    "angle": 91.93158721923828
  },
  "2": {
    "class_id": 2,
    "centroid": [
      274.92626953125,
      148.49066162109375
    ],
    "length": [
      97.4725570678711,
      132.72366333007812
    ],
    "angle": 93.20548248291016
  },
  "global_mov": [
    268.3233497193118,
    129.1150519675756
  ]
}