{
  "1": {
    "class_id": 1,
    "centroid": [
      276.2287902832031,
      180.92247009277344
    ],
    "length": [
      141.2049560546875,
      209.81089782714844
    ],
    "angle": 93.92781066894531
  },
  "2": {
    "class_id": 2,
    "centroid": [
      279.4861145019531,
      181.43148803710938
    ],
    "length": [
      96.54405975341797,
      134.51953125
    ],
    "angle": 95.20308685302734
  },
  "global_mov": [
    254.34987672081562,
    135.68281735077932
  ]
}