{
  "1": {
    "class_id": 1,
    "centroid": [
      284.5484313964844,
      147.52052307128906
    ],
    "length": [
      134.92259216308594,
      193.94497680664062
    ],
    "angle": 89.2468490600586
  },
  "2": {
    "class_id": 2,
    "centroid": [
      291.0979309082031,
      145.7434844970703
    ],
    "length": [
      93.53104400634766,
      132.21176147460938
    ],
    "angle": 90.5381088256836
  },
  "global_mov": [
    272.18990951303107,
    136.7525631297556
  ]
}