{
  "1": {
    "class_id": 1,
    "centroid": [
      287.4032287597656,
      148.2388458251953
    ],
    "length": [
      131.45301818847656,
      189.6956787109375
    ],
    "angle": 92.41695404052734
  },
  "2": {
    "class_id": 2,
    "centroid": [
      286.5443420410156,
      148.3531951904297
    ],
    "length": [
      97.55021667480469,
      131.7525177001953
    ],
    "angle": 82.38532257080078
  },
  "global_mov": [
    275.36358533250666,
    132.28949579451626
  ]
}