{
  "1": {
    "class_id": 1,
    "centroid": [
      302.23150634765625,
      157.58926391601562
    ],
    "length": [
      145.5622100830078,
      208.77496337890625
    ],
    "angle": 91.20700073242188
  },
  "2": {
    "class_id": 2,
    "centroid": [
      302.5730895996094,
      159.22149658203125
    ],
    "length": [
      99.41480255126953,
      132.1414794921875
    ],
    "angle": 92.04833221435547
  },
  "global_mov": [
    261.02501310545796,
    142.20250850550576
  ]
}