{
  "1": {
    "class_id": 1,
    "centroid": [
      290.83026123046875,
      177.00048828125
    ],
    "length": [
      139.2394561767578,
      212.9722442626953
    ],
    "angle": 93.04953002929688
  },
  "2": {
    "class_id": 2,
    "centroid": [
      295.0470275878906,
      179.3352508544922
    ],
    "length": [
      97.427490234375,
      135.36209106445312
    ],
    "angle": 94.32040405273438
  },
  "global_mov": [
    255.67441469094635,
    139.28525017900458
  ]
}