{
  "1": {
    "class_id": 1,
    "centroid": [
      297.04705810546875,
      142.35585021972656
    ],
    "length": [
      136.01007080078125,
      194.70079040527344
    ],
    "angle": 86.72489166259766
  },
  "2": {
    "class_id": 2,
    "centroid": [
      299.71600341796875,
      143.04885864257812
    ],
    "length": [
      99.19770050048828,
      132.0258026123047
    ],
    "angle": 78.32307434082031
  },
  "global_mov": [
    275.4857063615859,
    141.20469393968048
  ]
}