{
  "1": {
    "class_id": 1,
    "centroid": [
      289.679443359375,
      170.94451904296875
    ],
    "length": [
      129.81475830078125,
      193.47683715820312
    ],
    "angle": 93.28067779541016
  },
  "2": {
    "class_id": 2,
    "centroid": [
      294.0773010253906,
      169.8284454345703
    ],
    "length": [
      93.48148345947266,
      134.9178466796875
    ],
    "angle": 93.91100311279297
  },
  "global_mov": [
    278.2941777245633,
    147.59379324757637
  ]
}