{
  "1": {
    "class_id": 1,
    "centroid": [
      300.9411315917969,
      140.22125244140625
    ],
    "length": [
      136.1057891845703,
      197.22560119628906
    ],
    "angle": 87.0228500366211
  },
  "2": {
    "class_id": 2,
    "centroid": [
      300.837646484375,
      144.00559997558594
    ],
    "length": [
      98.26396179199219,
      126.5155029296875
    ],
    "angle": 85.59638977050781
  },
  "global_mov": [
    275.77628859252417,
    149.99613246461465
  ]
}