{
  "1": {
    "class_id": 1,
    "centroid": [
      293.80780029296875,
      149.4884796142578
    ],
    "length": [
      131.49400329589844,
      196.1826934814453
    ],
    "angle": 91.25341796875
  },
  "2": {
    "class_id": 2,
    "centroid": [
      296.2108154296875,
      147.10272216796875
    ],
    "length": [
      91.1518783569336,
      131.39768981933594
    ],
    "angle": 93.77872467041016
  },
  "global_mov": [
    266.44774695626774,
    128.13639525512392
  ]
}