{
  "1": {
    "class_id": 1,
    "centroid": [
      279.4429016113281,
      156.42962646484375
    ],
    "length": [
      132.0189208984375,
      194.6105499267578
    ],
    "angle": 90.38776397705078
  },
  "2": {
    "class_id": 2,
    "centroid": [
      284.58184814453125,
      156.4337158203125
    ],
    "length": [
      94.97120666503906,
      129.06463623046875
    ],
    "angle": 91.3296890258789
  },
  "global_mov": [
    270.38982791694264,
    147.96065049660635
  ]
}