{
  "1": {
    "class_id": 1,
    "centroid": [
      289.7069091796875,
      137.21243286132812
    ],
    "length": [
      131.35086059570312,
      194.4867706298828
    ],
    "angle": 91.34536743164062
  },
  "2": {
    "class_id": 2,
    "centroid": [
      291.3742980957031,
      135.657470703125
    ],
    "length": [
      89.53617858886719,
      129.76260375976562
    ],
    "angle": 98.33183288574219
  },
  "global_mov": [
    260.5624736572345,
    122.8443971398895
  ]
}