{
  "1": {
    "class_id": 1,
    "centroid": [
      314.8603515625,
      160.8231964111328
    ],
    "length": [
      137.20166015625,
      200.56053161621094
    ],
    "angle": 89.12833404541016
  },
  "2": {
    "class_id": 2,
    "centroid": [
      317.7882385253906,
      161.7956085205078
    ],
    "length": [
      101.90079498291016,
      133.70729064941406
    ],
    "angle": 89.40237426757812
  },
  "global_mov": [
    280.0857604164048,
    147.55919189036072
  ]
}