{
  "1": {
    "class_id": 1,
    "centroid": [
      283.3993835449219,
      151.96420288085938
    ],
    "length": [
      146.8466033935547,
      208.70068359375
    ],
    "angle": 90.45135498046875
  },
  "2": {
    "class_id": 2,
    "centroid": [
      286.8326721191406,
      153.4022979736328
    ],
    "length": [
      102.13843536376953,
      133.76318359375
    ],
    "angle": 94.53429412841797
  },
  "global_mov": [
    265.39150627624366,
    135.6529307566027
  ]
}