{
  "1": {
    "class_id": 1,
    "centroid": [
      278.4423828125,
      178.287841796875
    ],
    "length": [
      141.649658203125,
      210.4891357421875
    ],
    "angle": 93.49491119384766
  },
  "2": {
    "class_id": 2,
    "centroid": [
      281.1403503417969,
      178.38629150390625
    ],
    "length": [
      94.87760162353516,
      134.94944763183594
    ],
    "angle": 94.57188415527344
  },
  "global_mov": [
    252.48766012171157,
    133.7281487859037
  ]
}