{
  "1": {
    "class_id": 1,
    "centroid": [
      292.4384460449219,
      153.1281280517578
    ],
    "length": [
      143.98077392578125,
      206.79087829589844
    ],
    "angle": 91.32560729980469
  },
  "2": {
    "class_id": 2,
    "centroid": [
      293.7361755371094,
      154.10348510742188
    ],
    "length": [
      98.74193572998047,
      130.7218780517578
    ],
    "angle": 96.0009765625
  },
  "global_mov": [
    273.5343009399859,
    142.701343431843
  ]
}