{
  "1": {
    "class_id": 1,
    "centroid": [
      279.216796875,
      180.24945068359375
    ],
    "length": [
      143.75582885742188,
      211.6009521484375
    ],
    "angle": 92.40989685058594
  },
  "2": {
    "class_id": 2,
    "centroid": [
      282.4138488769531,
      179.92340087890625
    ],
    "length": [
      97.127197265625,
      134.38949584960938
    ],
    "angle": 92.52588653564453
  },
  "global_mov": [
    256.6974870801049,
    139.42489084732327
  ]
}