{
  "1": {
    "class_id": 1,
    "centroid": [
      280.21026611328125,
      138.2872772216797
    ],
    "length": [
      145.08303833007812,
      204.38250732421875
    ],
    "angle": 92.18727111816406
  },
  "2": {
    "class_id": 2,
    "centroid": [
      280.0643005371094,
      138.6542205810547
    ],
    "length": [
      95.87847137451172,
      129.21478271484375
    ],
    "angle": 93.12887573242188
  },
  "global_mov": [
    254.7305351788032,
    116.74782351724183
  ]
}