{
  "1": {
    "class_id": 1,
    "centroid": [
      292.7961120605469,
      137.51856994628906
    ],
    "length": [
      130.568359375,
      195.84921264648438
    ],
    "angle": 91.28358459472656
  },
  "2": {
    "class_id": 2,
    "centroid": [
      293.0131530761719,
      137.52154541015625
    ],
    "length": [
      92.89155578613281,
      127.46784973144531
    ],
    "angle": 96.427001953125
  },
  "global_mov": [
    259.69844580455384,
    123.16135925175104
  ]
}