{
  "1": {
    "class_id": 1,
    "centroid": [
      305.1718444824219,
      162.396240234375
    ],
    "length": [
      135.40858459472656,
      197.36839294433594
    ],
    "angle": 90.13435363769531
  },
  "2": {
    "class_id": 2,
    "centroid": [
      308.8244323730469,
      162.3763427734375
    ],
    "length": [
      98.73961639404297,
      135.73719787597656
    ],
    "angle": 89.62173461914062
  },
  "global_mov": [
    280.79081060938256,
    144.6718145616458
  ]
}