{
  "1": {
    "class_id": 1,
    "centroid": [
      304.8143310546875,
      150.4323272705078
    ],
    "length": [
      138.7141571044922,
      198.40003967285156
    ],
    "angle": 88.23675537109375
  },
  "2": {
    "class_id": 2,
    "centroid": [
      307.515869140625,
      151.26654052734375
    ],
    "length": [
      102.03390502929688,
      133.9733428955078
    ],
    "angle": 91.04377746582031
  },
  "global_mov": [
    272.2886425233846,
    151.25254811394987
  ]
}