{
  "1": {
    "class_id": 1,
    "centroid": [
      283.0054016113281,
      180.00265502929688
    ],
    "length": [
      140.47323608398438,
      209.67901611328125
    ],
    "angle": 93.91999053955078
  },
  "2": {
    "class_id": 2,
    "centroid": [
      285.7939758300781,
      180.6968994140625
    ],
    "length": [
      95.39241027832031,
      135.8494110107422
    ],
    "angle": 94.5190658569336
  },
  "global_mov": [
    257.1781030390412,
    136.5582103715349
  ]
}