{
  "1": {
    "class_id": 1,
    "centroid": [
      280.41741943359375,
      145.84657287597656
    ],
    "length": [
      135.7389678955078,
      196.05198669433594
    ],
    "angle": 90.7127685546875
  },
  "2": {
    "class_id": 2,
    "centroid": [
      282.2195739746094,
      144.82540893554688
    ],
    "length": [
      94.28157043457031,
      127.46356964111328
    ],
    "angle": 91.70680236816406
  },
  "global_mov": [
    266.24320245108163,
    133.3218467026925
  ]
}