{
  "1": {
    "class_id": 1,
    "centroid": [
      299.4341125488281,
      147.04087829589844
    ],
    "length": [
      146.09994506835938,
      208.1923370361328
    ],
    "angle": 90.49642944335938
  },
  "2": {
    "class_id": 2,
    "centroid": [
      300.1949157714844,
      148.4611053466797
    ],
    "length": [
      99.2456283569336,
      131.29071044921875
    ],
    "angle": 94.57073974609375
  },
  "global_mov": [
    274.4948603496266,
    137.86173627986764
  ]
}