{
  "1": {
    "class_id": 1,
    "centroid": [
      267.9678955078125,
      142.05410766601562
    ],
    "length": [
      147.07894897460938,
      208.3824005126953
    ],
    "angle": 91.59638977050781
  },
  "2": {
    "class_id": 2,
    "centroid": [
      269.59515380859375,
      143.77749633789062
    ],
    "length": [
      102.10032653808594,
      130.30673217773438
    ],
    "angle": 94.98175048828125
  },
  "global_mov": [
    231.40571983961277,
    130.3338643238292
  ]
}