{
  "1": {
    "class_id": 1,
    "centroid": [
      288.27740478515625,
      154.69845581054688
    ],
    "length": [
      131.19610595703125,
      197.0227508544922
    ],
    "angle": 89.12680053710938
  },
  "2": {
    "class_id": 2,
    "centroid": [
      290.1541748046875,
      154.8450164794922
    ],
    "length": [
      97.21157836914062,
      134.96820068359375
    ],
    "angle": 82.4802474975586
  },
  "global_mov": [
    260.1341438414748,
    140.93281687263507
  ]
}