{
  "1": {
    "class_id": 1,
    "centroid": [
      293.03692626953125,
      164.0787811279297
    ],
    "length": [
      135.9872283935547,
      198.0655975341797
    ],
    "angle": 92.28710174560547
  },
  "2": {
    "class_id": 2,
    "centroid": [
      296.44793701171875,
      163.2041015625
    ],
    "length": [
      99.3822250366211,
      129.1676025390625
    ],
    "angle": 89.18467712402344
  },
  "global_mov": [
    263.4273275545359,
    150.20291232180512
  ]
}