{
  "1": {
    "class_id": 1,
    "centroid": [
      307.8947448730469,
      159.49044799804688
    ],
    "length": [
      146.7390594482422,
      211.2677001953125
    ],
    "angle": 90.4935302734375
  },
  "2": {
    "class_id": 2,
    "centroid": [
      311.75927734375,
      160.86927795410156
    ],
    "length": [
      106.52909088134766,
      141.2647705078125
    ],
    "angle": 89.939453125
  },
  "global_mov": [
    272.85130768308517,
    153.30802242944915
  ]
}