{
  "1": {
    "class_id": 1,
    "centroid": [
      302.0030517578125,
      149.5115966796875
    ],
    "length": [
      150.58494567871094,
      209.89979553222656
    ],
    "angle": 90.26005554199219
  },
  "2": {
    "class_id": 2,
    "centroid": [
      303.85552978515625,
      150.74635314941406
    ],
    "length": [
      102.90088653564453,
      133.7473907470703
    ],
    "angle": 95.02741241455078
  },
  "global_mov": [
    240.5996741552918,
    133.32936071302674
  ]
}