{
  "1": {
    "class_id": 1,
    "centroid": [
      292.5138854980469,
      156.22947692871094
    ],
    "length": [
      143.61187744140625,
      206.57138061523438
    ],
    "angle": 91.79945373535156
  },
  "2": {
    "class_id": 2,
    "centroid": [
      293.23846435546875,
      157.00958251953125
    ],
    "length": [
      97.52009582519531,
      130.47024536132812
    ],
    "angle": 96.5760498046875
  },
  "global_mov": [
    255.6088800402082,
    140.3097909511115
  ]
}