{
  "1": {
    "class_id": 1,
    "centroid": [
      292.38470458984375,
      163.61309814453125
    ],
    "length": [
      135.3572235107422,
      196.9246368408203
    ],
    "angle": 91.85151672363281
  },
  "2": {
    "class_id": 2,
    "centroid": [
      295.6004943847656,
      162.45840454101562
    ],
    "length": [
      98.97151184082031,
      131.34730529785156
    ],
    "angle": 89.74302673339844
  },
  "global_mov": [
    263.6382800903563,
    150.04789013469818
  ]
}