{
  "1": {
    "class_id": 1,
    "centroid": [
      310.1281433105469,
      150.33642578125
    ],
    "length": [
      147.6114044189453,
      209.89915466308594
    ],
    "angle": 87.96116638183594
  },
  "2": {
    "class_id": 2,
    "centroid": [
      311.38446044921875,
      151.44871520996094
    ],
    "length": [
      99.9467544555664,
      131.6505889892578
    ],
    "angle": 92.14657592773438
  },
  "global_mov": [
    269.9002702926919,
    144.1921398361575
  ]
}