{
  "1": {
    "class_id": 1,
    "centroid": [
      279.2155456542969,
      183.37351989746094
    ],
    "length": [
      144.27685546875,
      211.60723876953125
    ],
    "angle": 92.96476745605469
  },
  "2": {
    "class_id": 2,
    "centroid": [
      282.666748046875,
      182.62228393554688
    ],
    "length": [
      96.85503387451172,
      133.77569580078125
    ],
    "angle": 93.05767059326172
  },
  "global_mov": [
    256.08104343022273,
    141.39764109491054
  ]
}