{
  "1": {
    "class_id": 1,
    "centroid": [
      263.31414794921875,
      158.8160400390625
    ],
    "length": [
      145.0213623046875,
      210.1524200439453
    ],
    "angle": 92.03749084472656
  },
  "2": {
    "class_id": 2,
    "centroid": [
      266.5476379394531,
      159.3233642578125
    ],
    "length": [
      98.2448501586914,
      132.9532928466797
    ],
    "angle": 93.69610595703125
  },
  "global_mov": [
    260.102376500565,
    134.67507466671591
  ]
}