{
  "1": {
    "class_id": 1,
    "centroid": [
      297.1116027832031,
      144.66845703125
    ],
    "length": [
      135.1945037841797,
      196.01307678222656
    ],
    "angle": 90.88185119628906
  },
  "2": {
    "class_id": 2,
    "centroid": [
      299.922119140625,
      145.11376953125
    ],
    "length": [
      98.28268432617188,
      132.8469696044922
    ],
    "angle": 95.144287109375
  },
  "global_mov": [
    264.101113171364,
    128.75571773639354
  ]
}