{
  "1": {
    "class_id": 1,
    "centroid": [
      301.2530517578125,
      163.3030242919922
    ],
    "length": [
      148.51461791992188,
      212.0990447998047
    ],
    "angle": 91.47357177734375
  },
  "2": {
    "class_id": 2,
    "centroid": [
      302.8016052246094,
      165.61277770996094
    ],
    "length": [
      102.8165054321289,
      133.84210205078125
    ],
    "angle": 94.64559936523438
  },
  "global_mov": [
    269.14942306847234,
    149.47377730474037
  ]
}