{
  "1": {
    "class_id": 1,
    "centroid": [
      301.6890563964844,
      164.48321533203125
    ],
    "length": [
      148.72579956054688,
      212.04408264160156
    ],
    "angle": 91.33683776855469
  },
  "2": {
    "class_id": 2,
    "centroid": [
      302.8364562988281,
      166.43040466308594
    ],
    "length": [
      102.35221862792969,
      134.1204071044922
    ],
    "angle": 93.64591217041016
  },
  "global_mov": [
    268.69960191174675,
    150.06246189591073
  ]
}