{
  "1": {
    "class_id": 1,
    "centroid": [
      282.1706848144531,
      141.60919189453125
    ],
    "length": [
      150.20176696777344,
      210.01626586914062
    ],
    "angle": 91.88510131835938
  },
  "2": {
    "class_id": 2,
    "centroid": [
      286.1606750488281,
      142.64382934570312
    ],
    "length": [
      101.7889404296875,
      131.1812744140625
    ],
    "angle": 95.94094848632812
  },
  "global_mov": [
    267.0455346705356,
    127.46116289835565
  ]
}