{
  "1": {
    "class_id": 1,
    "centroid": [
      292.8016662597656,
      128.96385192871094
    ],
    "length": [
      133.07943725585938,
      194.16419982910156
    ],
    "angle": 90.21480560302734
  },
  "2": {
    "class_id": 2,
    "centroid": [
      294.7929382324219,
      126.82987213134766
    ],
    "length": [
      90.9516830444336,
      119.3528823852539
    ],
    "angle": 88.2621078491211
  },
  "global_mov": [
    256.50515195255855,
    116.70487183213947
  ]
}