{
  "1": {
    "class_id": 1,
    "centroid": [
      272.5346984863281,
      160.15090942382812
    ],
    "length": [
      145.0872802734375,
      208.77114868164062
    ],
    "angle": 93.88761138916016
  },
  "2": {
    "class_id": 2,
    "centroid": [
      275.932861328125,
      161.1648406982422
    ],
    "length": [
      99.12117004394531,
      133.48350524902344
    ],
    "angle": 95.74911499023438
  },
  "global_mov": [
    252.04737940539545,
    134.6366191717457
  ]
}