{
  "1": {
    "class_id": 1,
    "centroid": [
      309.2582702636719,
      140.65574645996094
    ],
    "length": [
      137.45260620117188,
      197.91258239746094
    ],
    "angle": 86.27324676513672
  },
  "2": {
    "class_id": 2,
    "centroid": [
      310.1697692871094,
      143.02870178222656
    ],
    "length": [
      102.68624877929688,
      129.3889617919922
    ],
    "angle": 93.15923309326172
  },
  "global_mov": [
    265.3418705847675,
    147.73684712531454
  ]
}