{
  "1": {
    "class_id": 1,
    "centroid": [
      301.92584228515625,
      152.72955322265625
    ],
    "length": [
      149.7683563232422,
      213.78005981445312
    ],
    "angle": 91.03485870361328
  },
  "2": {
    "class_id": 2,
    "centroid": [
      306.5898132324219,
      153.42587280273438
    ],
    "length": [
      100.04789733886719,
      134.49488830566406
    ],
    "angle": 93.58875274658203
  },
  "global_mov": [
    262.0761052452745,
    140.164064474184
  ],
  "4": {
    "class_id": "slit knife",
    "tip": [
      255.45690431854035,
      223.42219650119722
    ],
    "length": 110.28361511230469,
    "angle": 45.69027328491211
  }
}