{
  "1": {
    "class_id": 1,
    "centroid": [
      299.7946472167969,
      164.70071411132812
    ],
    "length": [
      148.2708740234375,
      212.08567810058594
    ],
    "angle": 91.21925354003906
  },
  "2": {
    "class_id": 2,
    "centroid": [
      300.88714599609375,
      166.49937438964844
    ],
    "length": [
      102.08567810058594,
      134.37750244140625
    ],
    "angle": 93.85556030273438
  },
  "global_mov": [
    269.1461447437307,
    149.52696601088
  ]
}