{
  "1": {
    "class_id": 1,
    "centroid": [
      313.03570556640625,
      160.7620391845703
    ],
    "length": [
      148.64527893066406,
      212.34593200683594
    ],
    "angle": 91.27667236328125
  },
  "2": {
    "class_id": 2,
    "centroid": [
      314.273193359375,
      162.16412353515625
    ],
    "length": [
      102.45868682861328,
      134.74388122558594
    ],
    "angle": 93.39043426513672
  },
  "global_mov": [
    269.5498835611052,
    144.44929134320978
  ]
}