{
  "1": {
    "class_id": 1,
    "centroid": [
      312.3717346191406,
      148.97543334960938
    ],
    "length": [
      146.8095245361328,
      210.60520935058594
    ],
    "angle": 88.65904998779297
  },
  "2": {
    "class_id": 2,
    "centroid": [
      312.7254638671875,
      150.4336395263672
    ],
    "length": [
      99.18444061279297,
      132.57766723632812
    ],
    "angle": 92.01299285888672
  },
  "global_mov": [
    270.1279948841067,
    143.88541955725705
  ]
}