{
  "1": {
    "class_id": 1,
    "centroid": [
      301.4144287109375,
      155.10726928710938
    ],
    "length": [
      133.5769500732422,
      194.6980743408203
    ],
    "angle": 91.60015869140625
  },
  "2": {
    "class_id": 2,
    "centroid": [
      301.4779968261719,
      152.70687866210938
    ],
    "length": [
      90.26399230957031,
      132.94491577148438
    ],
    "angle": 90.95213317871094
  },
  "global_mov": [
    274.8784457607798,
    131.02221039553385
  ]
}