{
  "1": {
    "class_id": 1,
    "centroid": [
      299.37908935546875,
      149.44085693359375
    ],
    "length": [
      135.71852111816406,
      196.8075714111328
    ],
    "angle": 87.72931671142578
  },
  "2": {
    "class_id": 2,
    "centroid": [
      299.43133544921875,
      153.12197875976562
    ],
    "length": [
      97.6796646118164,
      127.3467025756836
    ],
    "angle": 84.94976806640625
  },
  "global_mov": [
    282.84054690541865,
    146.4996048911501
  ]
}