{
  "1": {
    "class_id": 1,
    "centroid": [
      305.31597900390625,
      156.34295654296875
    ],
    "length": [
      145.9910888671875,
      208.6796417236328
    ],
    "angle": 91.12117004394531
  },
  "2": {
    "class_id": 2,
    "centroid": [
      306.3519592285156,
      157.67955017089844
    ],
    "length": [
      100.26476287841797,
      132.54266357421875
    ],
    "angle": 94.08492279052734
  },
  "global_mov": [
    256.04243741750463,
    135.26759700634216
  ]
}