{
  "1": {
    "class_id": 1,
    "centroid": [
      301.8296813964844,
      158.9262237548828
    ],
    "length": [
      147.28555297851562,
      211.47613525390625
    ],
    "angle": 90.51115417480469
  },
  "2": {
    "class_id": 2,
    "centroid": [
      306.4184875488281,
      160.1071319580078
    ],
    "length": [
      106.76519775390625,
      140.6527862548828
    ],
    "angle": 89.69011688232422
  },
  "global_mov": [
    273.8479349062574,
    152.16083025294586
  ]
}