{
  "1": {
    "class_id": 1,
    "centroid": [
      296.7217712402344,
      142.2855987548828
    ],
    "length": [
      147.20660400390625,
      206.53515625
    ],
    "angle": 90.47459411621094
  },
  "2": {
    "class_id": 2,
    "centroid": [
      300.2635803222656,
      143.77590942382812
    ],
    "length": [
      103.90008544921875,
      134.83358764648438
    ],
    "angle": 94.50857543945312
  },
  "global_mov": [
    281.706659313117,
    134.81742733268064
  ]
}