{
  "1": {
    "class_id": 1,
    "centroid": [
      298.77740478515625,
      147.91856384277344
    ],
    "length": [
      145.7100067138672,
      206.32456970214844
    ],
    "angle": 91.34611511230469
  },
  "2": {
    "class_id": 2,
    "centroid": [
      299.86285400390625,
      149.02626037597656
    ],
    "length": [
      99.08171081542969,
      131.33843994140625
    ],
    "angle": 95.03975677490234
  },
  "global_mov": [
    272.07790027887705,
    137.5933471340908
  ]
}