{
  "1": {
    "class_id": 1,
    "centroid": [
      294.0242919921875,
      153.4280548095703
    ],
    "length": [
      145.45413208007812,
      208.85826110839844
    ],
    "angle": 90.64615631103516
  },
  "2": {
    "class_id": 2,
    "centroid": [
      294.5917053222656,
      154.06849670410156
    ],
    "length": [
      99.24004364013672,
      130.55543518066406
    ],
    "angle": 93.70709991455078
  },
  "global_mov": [
    262.42636977883103,
    142.2850969180788
  ]
}