{
  "1": {
    "class_id": 1,
    "centroid": [
      297.3687744140625,
      158.8654022216797
    ],
    "length": [
      146.8316650390625,
      209.97328186035156
    ],
    "angle": 90.60301208496094
  },
  "2": {
    "class_id": 2,
    "centroid": [
      302.0161437988281,
      159.85511779785156
    ],
    "length": [
      106.84846496582031,
      141.72097778320312
    ],
    "angle": 89.39932250976562
  },
  "global_mov": [
    267.98969100897693,
    152.64400640931117
  ]
}