{
  "1": {
    "class_id": 1,
    "centroid": [
      296.1275329589844,
      160.4801483154297
    ],
    "length": [
      144.46240234375,
      205.82298278808594
    ],
    "angle": 91.72284698486328
  },
  "2": {
    "class_id": 2,
    "centroid": [
      296.5191345214844,
      161.5696563720703
    ],
    "length": [
      97.51724243164062,
      129.4845428466797
    ],
    "angle": 95.58369445800781
  },
  "global_mov": [
    251.8260516459684,
    140.8956320597426
  ]
}