{
  "1": {
    "class_id": 1,
    "centroid": [
      289.553466796875,
      151.43826293945312
    ],
    "length": [
      144.98162841796875,
      207.43727111816406
    ],
    "angle": 91.26264190673828
  },
  "2": {
    "class_id": 2,
    "centroid": [
      290.76580810546875,
      152.4591522216797
    ],
    "length": [
      97.92765808105469,
      131.37071228027344
    ],
    "angle": 94.2157211303711
  },
  "global_mov": [
    257.12359927232757,
    138.92443743193766
  ]
}