{
  "1": {
    "class_id": 1,
    "centroid": [
      282.4914855957031,
      146.28749084472656
    ],
    "length": [
      134.27569580078125,
      192.62759399414062
    ],
    "angle": 87.72091674804688
  },
  "2": {
    "class_id": 2,
    "centroid": [
      284.0699462890625,
      148.4806671142578
    ],
    "length": [
      97.59183502197266,
      126.04138946533203
    ],
    "angle": 77.68516540527344
  },
  "global_mov": [
    263.8821365197837,
    148.25578729009467
  ]
}