{
  "1": {
    "class_id": 1,
    "centroid": [
      304.6026916503906,
      162.6855010986328
    ],
    "length": [
      147.2174530029297,
      210.95826721191406
    ],
    "angle": 90.41145324707031
  },
  "2": {
    "class_id": 2,
    "centroid": [
      309.04876708984375,
      163.9989776611328
    ],
    "length": [
      105.8355712890625,
      141.0642547607422
    ],
    "angle": 90.12926483154297
  },
  "global_mov": [
    278.4559884355651,
    154.25068440363
  ]
}