{
  "1": {
    "class_id": 1,
    "centroid": [
      293.8030700683594,
      161.2622528076172
    ],
    "length": [
      144.6938934326172,
      207.18917846679688
    ],
    "angle": 91.71617889404297
  },
  "2": {
    "class_id": 2,
    "centroid": [
      294.21661376953125,
      162.25411987304688
    ],
    "length": [
      97.5249252319336,
      130.15757751464844
    ],
    "angle": 95.3339614868164
  },
  "global_mov": [
    255.3417603899094,
    144.36690438432456
  ]
}