{
  "1": {
    "class_id": 1,
    "centroid": [
      294.9073181152344,
      162.8668212890625
    ],
    "length": [
      144.7932891845703,
      207.2837677001953
    ],
    "angle": 91.94952392578125
  },
  "2": {
    "class_id": 2,
    "centroid": [
      294.9629211425781,
      163.5540008544922
    ],
    "length": [
      98.46277618408203,
      130.2688446044922
    ],
    "angle": 94.54842376708984
  },
  "global_mov": [
    257.0115735065155,
    146.77347855389726
  ]
}