{
  "1": {
    "class_id": 1,
    "centroid": [
      289.1832580566406,
      153.09054565429688
    ],
    "length": [
      143.67738342285156,
      206.2694549560547
    ],
    "angle": 91.4362564086914
  },
  "2": {
    "class_id": 2,
    "centroid": [
      290.1534729003906,
      154.12728881835938
    ],
    "length": [
      98.70259857177734,
      130.82765197753906
    ],
    "angle": 95.14895629882812
  },
  "global_mov": [
    268.35885696519,
    141.05103308357866
  ]
}