{
  "1": {
    "class_id": 1,
    "centroid": [
      305.0776672363281,
      147.1326446533203
    ],
    "length": [
      138.8036346435547,
      200.72235107421875
    ],
    "angle": 92.02865600585938
  },
  "2": {
    "class_id": 2,
    "centroid": [
      309.9052734375,
      148.3531036376953
    ],
    "length": [
      100.56034851074219,
      134.02610778808594
    ],
    "angle": 94.38997650146484
  },
  "global_mov": [
    259.52134760667394,
    139.55933370215462
  ],
  "4": {
    "class_id": "slit knife",
    "tip": [
      278.62822857752445,
      189.5779745994451
    ],
    "length": 153.3974609375,
    "angle": 47.38594436645508
  }
}