{
  "1": {
    "class_id": 1,
    "centroid": [
      289.0040283203125,
      153.3338623046875
    ],
    "length": [
      147.00509643554688,
      209.92933654785156
    ],
    "angle": 90.45323181152344
  },
  "2": {
    "class_id": 2,
    "centroid": [
      292.8410339355469,
      154.82879638671875
    ],
    "length": [
      102.29983520507812,
      134.3972625732422
    ],
    "angle": 94.72621154785156
  },
  "global_mov": [
    268.5458459723938,
    139.03675640913534
  ]
}