{
  "1": {
    "class_id": 1,
    "centroid": [
      281.3055725097656,
      147.37564086914062
    ],
    "length": [
      143.54075622558594,
      208.64675903320312
    ],
    "angle": 92.4208984375
  },
  "2": {
    "class_id": 2,
    "centroid": [
      284.5447998046875,
      148.67420959472656
    ],
    "length": [
      97.02410888671875,
      133.6527862548828
    ],
    "angle": 92.7868423461914
  },
  "global_mov": [
    262.88728963873257,
    122.46642860250138
  ]
}