{
  "1": {
    "class_id": 1,
    "centroid": [
      295.58038330078125,
      162.63768005371094
    ],
    "length": [
      136.58641052246094,
      196.29649353027344
    ],
    "angle": 89.25981140136719
  },
  "2": {
    "class_id": 2,
    "centroid": [
      297.9462585449219,
      163.54029846191406
    ],
    "length": [
      102.3462905883789,
      132.47885131835938
    ],
    "angle": 89.28565216064453
  },
  "global_mov": [
    274.2246398654878,
    154.62205253754178
  ]
}