{
  "1": {
    "class_id": 1,
    "centroid": [
      296.8478698730469,
      152.43478393554688
    ],
    "length": [
      145.5940399169922,
      207.03897094726562
    ],
    "angle": 91.30487060546875
  },
  "2": {
    "class_id": 2,
    "centroid": [
      297.8151550292969,
      153.63771057128906
    ],
    "length": [
      98.71049499511719,
      131.9120635986328
    ],
    "angle": 94.89900970458984
  },
  "global_mov": [
    271.3363867436665,
    138.43401133956172
  ]
}