{
  "1": {
    "class_id": 1,
    "centroid": [
      304.16839599609375,
      143.16029357910156
    ],
    "length": [
      148.34030151367188,
      209.53526306152344
    ],
    "angle": 90.33934783935547
  },
  "2": {
    "class_id": 2,
    "centroid": [
      307.7487487792969,
      144.0341033935547
    ],
    "length": [
      103.22269439697266,
      134.3611297607422
    ],
    "angle": 94.22667694091797
  },
  "global_mov": [
    278.025435536008,
    132.8440560774644
  ]
}