{
  "1": {
    "class_id": 1,
    "centroid": [
      298.3604736328125,
      166.17454528808594
    ],
    "length": [
      145.409912109375,
      206.82131958007812
    ],
    "angle": 91.39244079589844
  },
  "2": {
    "class_id": 2,
    "centroid": [
      298.77197265625,
      167.1539764404297
    ],
    "length": [
      97.31346130371094,
      130.9420623779297
    ],
    "angle": 92.59222412109375
  },
  "global_mov": [
    254.4721886816882,
    143.8942426609121
  ]
}