{
  "1": {
    "class_id": 1,
    "centroid": [
      293.46466064453125,
      147.25067138671875
    ],
    "length": [
      134.30564880371094,
      195.4607391357422
    ],
    "angle": 90.587646484375
  },
  "2": {
    "class_id": 2,
    "centroid": [
      291.93438720703125,
      146.83108520507812
    ],
    "length": [
      98.43731689453125,
      126.48394775390625
    ],
    "angle": 83.59899139404297
  },
  "global_mov": [
    274.25831927092025,
    133.111997169709
  ]
}