{
  "1": {
    "class_id": 1,
    "centroid": [
      313.9135437011719,
      148.6069793701172
    ],
    "length": [
      145.76951599121094,
      211.25962829589844
    ],
    "angle": 88.49212646484375
  },
  "2": {
    "class_id": 2,
    "centroid": [
      314.9012451171875,
      150.36325073242188
    ],
    "length": [
      98.60948181152344,
      133.73178100585938
    ],
    "angle": 92.5570297241211
  },
  "global_mov": [
    269.1383924795198,
    143.13722018902573
  ]
}