{
  "1": {
    "class_id": 1,
    "centroid": [
      283.09906005859375,
      185.28790283203125
    ],
    "length": [
      142.1957244873047,
      210.61058044433594
    ],
    "angle": 93.20951080322266
  },
  "2": {
    "class_id": 2,
    "centroid": [
      286.3193054199219,
      185.43836975097656
    ],
    "length": [
      97.32661437988281,
      131.80747985839844
    ],
    "angle": 93.94471740722656
  },
  "global_mov": [
    261.5443327758454,
    138.36954827523695
  ]
}