{
  "1": {
    "class_id": 1,
    "centroid": [
      313.85498046875,
      149.6520538330078
    ],
    "length": [
      146.86114501953125,
      210.91888427734375
    ],
    "angle": 88.70565795898438
  },
  "2": {
    "class_id": 2,
    "centroid": [
      314.6031799316406,
      151.087890625
    ],
    "length": [
      99.43974304199219,
      134.06129455566406
    ],
    "angle": 91.89114379882812
  },
  "global_mov": [
    268.3687548314088,
    143.10508837408534
  ]
}