{
  "1": {
    "class_id": 1,
    "centroid": [
      284.0396728515625,
      146.9528350830078
    ],
    "length": [
      134.244384765625,
      192.874267578125
    ],
    "angle": 87.34091186523438
  },
  "2": {
    "class_id": 2,
    "centroid": [
      286.611083984375,
      148.23094177246094
    ],
    "length": [
      98.08949279785156,
      126.1240234375
    ],
    "angle": 82.11009979248047
  },
  "global_mov": [
    258.17562600539844,
    145.04063370769782
  ]
}