{
  "1": {
    "class_id": 1,
    "centroid": [
      284.2373962402344,
      146.91757202148438
    ],
    "length": [
      134.2401885986328,
      193.25436401367188
    ],
    "angle": 87.44712829589844
  },
  "2": {
    "class_id": 2,
    "centroid": [
      286.349365234375,
      148.19590759277344
    ],
    "length": [
      96.69325256347656,
      127.54994201660156
    ],
    "angle": 78.92583465576172
  },
  "global_mov": [
    257.9360730788501,
    145.19224994453765
  ]
}