{
  "1": {
    "class_id": 1,
    "centroid": [
      304.24249267578125,
      159.18182373046875
    ],
    "length": [
      133.68902587890625,
      195.58921813964844
    ],
    "angle": 90.90090942382812
  },
  "2": {
    "class_id": 2,
    "centroid": [
      306.1270751953125,
      156.13934326171875
    ],
    "length": [
      90.40550994873047,
      134.0902099609375
    ],
    "angle": 92.0932846069336
  },
  "global_mov": [
    272.9755656464515,
    135.87427993124476
  ]
}