{
  "1": {
    "class_id": 1,
    "centroid": [
      243.65611267089844,
      128.86111450195312
    ],
    "length": [
      136.71676635742188,
      196.52752685546875
    ],
    "angle": 87.86054229736328
  },
  "2": {
    "class_id": 2,
    "centroid": [
      249.23826599121094,
      131.63406372070312
    ],
    "length": [
      102.61610412597656,
      132.630615234375
    ],
    "angle": 92.5407943725586
  },
  "global_mov": [
    241.8939513192744,
    129.82529209396594
  ]
}