{
  "1": {
    "class_id": 1,
    "centroid": [
      287.60528564453125,
      147.07005310058594
    ],
    "length": [
      131.19772338867188,
      190.20016479492188
    ],
    "angle": 93.02940368652344
  },
  "2": {
    "class_id": 2,
    "centroid": [
      285.84197998046875,
      147.42381286621094
    ],
    "length": [
      98.24757385253906,
      131.30642700195312
    ],
    "angle": 82.31683349609375
  },
  "global_mov": [
    274.6648399434447,
    131.54480973963223
  ]
}