{
  "1": {
    "class_id": 1,
    "centroid": [
      299.51336669921875,
      143.4713134765625
    ],
    "length": [
      133.330322265625,
      197.07421875
    ],
    "angle": 90.20001983642578
  },
  "2": {
    "class_id": 2,
    "centroid": [
      298.73919677734375,
      143.6321563720703
    ],
    "length": [
      98.03069305419922,
      126.88023376464844
    ],
    "angle": 92.04632568359375
  },
  "global_mov": [
    275.2167756401823,
    130.65655527283272
  ]
}