{
  "1": {
    "class_id": 1,
    "centroid": [
      298.6934814453125,
      155.1689453125
    ],
    "length": [
      147.73916625976562,
      208.81588745117188
    ],
    "angle": 90.49504852294922
  },
  "2": {
    "class_id": 2,
    "centroid": [
      303.754150390625,
      156.85975646972656
    ],
    "length": [
      107.71991729736328,
      141.73583984375
    ],
    "angle": 91.36756896972656
  },
  "global_mov": [
    267.04704346098634,
    151.3114712381771
  ]
}