{
  "1": {
    "class_id": 1,
    "centroid": [
      293.7514343261719,
      148.69094848632812
    ],
    "length": [
      144.39088439941406,
      207.892333984375
    ],
    "angle": 91.7017822265625
  },
  "2": {
    "class_id": 2,
    "centroid": [
      294.43121337890625,
      149.7719268798828
    ],
    "length": [
      98.46147155761719,
      130.8140869140625
    ],
    "angle": 94.77668762207031
  },
  "global_mov": [
    270.3055695809023,
    137.62631026521072
  ]
}