{
  "1": {
    "class_id": 1,
    "centroid": [
      283.1403503417969,
      158.93295288085938
    ],
    "length": [
      133.11825561523438,
      197.83102416992188
    ],
    "angle": 91.01934051513672
  },
  "2": {
    "class_id": 2,
    "centroid": [
      285.9982604980469,
      158.9054412841797
    ],
    "length": [
      102.37340545654297,
      138.78518676757812
    ],
    "angle": 84.39434814453125
  },
  "global_mov": [
    260.1648893956849,
    144.93237993785212
  ]
}