{
  "1": {
    "class_id": 1,
    "centroid": [
      304.6195983886719,
      144.75587463378906
    ],
    "length": [
      148.04518127441406,
      209.5074005126953
    ],
    "angle": 90.206298828125
  },
  "2": {
    "class_id": 2,
    "centroid": [
      308.0707702636719,
      145.66372680664062
    ],
    "length": [
      102.38902282714844,
      135.6576690673828
    ],
    "angle": 94.5122299194336
  },
  "global_mov": [
    278.31610861141604,
    133.24258627496945
  ]
}