{
  "1": {
    "class_id": 1,
    "centroid": [
      291.624267578125,
      150.2950439453125
    ],
    "length": [
      144.1663055419922,
      205.17498779296875
    ],
    "angle": 91.57650756835938
  },
  "2": {
    "class_id": 2,
    "centroid": [
      292.5244140625,
      151.54983520507812
    ],
    "length": [
      98.80157470703125,
      130.49708557128906
    ],
    "angle": 95.20365905761719
  },
  "global_mov": [
    271.8436162509075,
    138.3019336100179
  ]
}