{
  "1": {
    "class_id": 1,
    "centroid": [
      298.45916748046875,
      154.41549682617188
    ],
    "length": [
      151.31488037109375,
      209.13331604003906
    ],
    "angle": 90.10404205322266
  },
  "2": {
    "class_id": 2,
    "centroid": [
      301.2666015625,
      155.47793579101562
    ],
    "length": [
      102.12276458740234,
      131.99212646484375
    ],
    "angle": 94.8426513671875
  },
  "global_mov": [
    278.08109209962146,
    150.71907391465285
  ]
}