{
  "1": {
    "class_id": 1,
    "centroid": [
      280.77001953125,
      146.95974731445312
    ],
    "length": [
      133.19729614257812,
      193.22821044921875
    ],
    "angle": 87.76882934570312
  },
  "2": {
    "class_id": 2,
    "centroid": [
      282.6792907714844,
      148.11459350585938
    ],
    "length": [
      96.48428344726562,
      132.9990234375
    ],
    "angle": 77.19415283203125
  },
  "global_mov": [
    261.15662433717563,
    143.09139110052556
  ]
}