{
  "1": {
    "class_id": 1,
    "centroid": [
      321.9128112792969,
      151.8822021484375
    ],
    "length": [
      138.8936004638672,
      201.2625732421875
    ],
    "angle": 88.09841918945312
  },
  "2": {
    "class_id": 2,
    "centroid": [
      325.4644775390625,
      152.8571319580078
    ],
    "length": [
      102.78361511230469,
      134.57485961914062
    ],
    "angle": 87.65171813964844
  },
  "global_mov": [
    279.54456073748935,
    150.67616419354457
  ]
}