{
  "1": {
    "class_id": 1,
    "centroid": [
      300.5535583496094,
      154.3631591796875
    ],
    "length": [
      149.66201782226562,
      213.56668090820312
    ],
    "angle": 91.24624633789062
  },
  "2": {
    "class_id": 2,
    "centroid": [
      304.42877197265625,
      155.0513916015625
    ],
    "length": [
      100.41542053222656,
      133.0078582763672
    ],
    "angle": 94.36952209472656
  },
  "global_mov": [
    260.9573386150325,
    139.8092614622581
  ],
  "4": {
    "class_id": "slit knife",
    "tip": [
      248.4276244204862,
      216.400696426877
    ],
    "length": 122.9905776977539,
    "angle": 45.545654296875
  }
}