{
  "1": {
    "class_id": 1,
    "centroid": [
      286.43780517578125,
      180.29734802246094
    ],
    "length": [
      144.88462829589844,
      210.6415252685547
    ],
    "angle": 92.8536376953125
  },
  "2": {
    "class_id": 2,
    "centroid": [
      290.7247619628906,
      181.17062377929688
    ],
    "length": [
      98.01390075683594,
      133.8167266845703
    ],
    "angle": 94.38877868652344
  },
  "global_mov": [
    261.0112042710583,
    139.35426425193052
  ]
}