{
  "1": {
    "class_id": 1,
    "centroid": [
      304.4461975097656,
      136.01004028320312
    ],
    "length": [
      137.046630859375,
      196.86026000976562
    ],
    "angle": 86.5504150390625
  },
  "2": {
    "class_id": 2,
    "centroid": [
      304.2518310546875,
      140.69598388671875
    ],
    "length": [
      102.40476989746094,
      126.1613540649414
    ],
    "angle": 93.79227447509766
  },
  "global_mov": [
    275.02556682443037,
    153.24646269536058
  ]
}