{
  "1": {
    "class_id": 1,
    "centroid": [
      298.7344055175781,
      144.23745727539062
    ],
    "length": [
      133.65089416503906,
      197.00596618652344
    ],
    "angle": 90.21451568603516
  },
  "2": {
    "class_id": 2,
    "centroid": [
      295.4250183105469,
      144.16873168945312
    ],
    "length": [
      96.77545166015625,
      126.09324645996094
    ],
    "angle": 89.9774169921875
  },
  "global_mov": [
    275.35965519204484,
    132.52344883570228
  ]
}