{
  "1": {
    "class_id": 1,
    "centroid": [
      277.45306396484375,
      136.63063049316406
    ],
    "length": [
      137.7038116455078,
      195.70147705078125
    ],
    "angle": 88.74512481689453
  },
  "2": {
    "class_id": 2,
    "centroid": [
      277.48150634765625,
      137.66275024414062
    ],
    "length": [
      99.89629364013672,
      132.78561401367188
    ],
    "angle": 88.76258850097656
  },
  "global_mov": [
    263.3549103271325,
    128.1012018771446
  ]
}