{
  "1": {
    "class_id": 1,
    "centroid": [
      292.397705078125,
      182.67132568359375
    ],
    "length": [
      147.072998046875,
      214.7281036376953
    ],
    "angle": 92.77996826171875
  },
  "2": {
    "class_id": 2,
    "centroid": [
      296.5004577636719,
      183.65139770507812
    ],
    "length": [
      99.84961700439453,
      135.08692932128906
    ],
    "angle": 95.68245697021484
  },
  "global_mov": [
    267.19301302311214,
    148.20443732800734
  ]
}