{
  "1": {
    "class_id": 1,
    "centroid": [
      279.4171447753906,
      154.82814025878906
    ],
    "length": [
      132.37937927246094,
      193.22142028808594
    ],
    "angle": 88.45512390136719
  },
  "2": {
    "class_id": 2,
    "centroid": [
      279.95550537109375,
      157.4090576171875
    ],
    "length": [
      95.99002075195312,
      129.17153930664062
    ],
    "angle": 78.25210571289062
  },
  "global_mov": [
    284.8431561551356,
    148.50084282118507
  ]
}