{
  "1": {
    "class_id": 1,
    "centroid": [
      294.04730224609375,
      146.77243041992188
    ],
    "length": [
      141.78822326660156,
      207.63909912109375
    ],
    "angle": 89.44010162353516
  },
  "2": {
    "class_id": 2,
    "centroid": [
      295.3586120605469,
      147.59002685546875
    ],
    "length": [
      97.77644348144531,
      130.8601837158203
    ],
    "angle": 89.94503784179688
  },
  "global_mov": [
    275.36061274349777,
    133.3792757114928
  ]
}