{
  "1": {
    "class_id": 1,
    "centroid": [
      305.20208740234375,
      157.5759735107422
    ],
    "length": [
      145.63082885742188,
      208.31124877929688
    ],
    "angle": 90.8121337890625
  },
  "2": {
    "class_id": 2,
    "centroid": [
      306.1618957519531,
      158.52992248535156
    ],
    "length": [
      99.54846954345703,
      133.21206665039062
    ],
    "angle": 94.50886535644531
  },
  "global_mov": [
    259.5592164714222,
    142.06260549303894
  ]
}