{
  "1": {
    "class_id": 1,
    "centroid": [
      297.0500183105469,
      155.4355010986328
    ],
    "length": [
      136.67259216308594,
      197.33387756347656
    ],
    "angle": 90.16405487060547
  },
  "2": {
    "class_id": 2,
    "centroid": [
      302.125,
      157.26853942871094
    ],
    "length": [
      106.11620330810547,
      140.1717529296875
    ],
    "angle": 91.72345733642578
  },
  "global_mov": [
    269.06210137331533,
    151.53219983269003
  ]
}