{
  "1": {
    "class_id": 1,
    "centroid": [
      289.6705627441406,
      157.17845153808594
    ],
    "length": [
      143.49888610839844,
      207.2371826171875
    ],
    "angle": 91.6249008178711
  },
  "2": {
    "class_id": 2,
    "centroid": [
      290.5335998535156,
      158.31686401367188
    ],
    "length": [
      98.8355712890625,
      130.81748962402344
    ],
    "angle": 94.23650360107422
  },
  "global_mov": [
    260.5406335237947,
    141.68476709727716
  ]
}