{
  "1": {
    "class_id": 1,
    "centroid": [
      280.2561950683594,
      179.69146728515625
    ],
    "length": [
      143.88429260253906,
      210.95001220703125
    ],
    "angle": 92.01522064208984
  },
  "2": {
    "class_id": 2,
    "centroid": [
      284.5403137207031,
      179.6026153564453
    ],
    "length": [
      96.32613372802734,
      133.06015014648438
    ],
    "angle": 91.93047332763672
  },
  "global_mov": [
    257.40667033585726,
    137.87786103973323
  ]
}