{
  "1": {
    "class_id": 1,
    "centroid": [
      297.04644775390625,
      162.2798614501953
    ],
    "length": [
      138.09869384765625,
      197.96104431152344
    ],
    "angle": 91.11742401123047
  },
  "2": {
    "class_id": 2,
    "centroid": [
      297.1050720214844,
      162.97610473632812
    ],
    "length": [
      101.25326538085938,
      132.56666564941406
    ],
    "angle": 88.99447631835938
  },
  "global_mov": [
    266.53815744295645,
    149.1867370745663
  ]
}