{
  "1": {
    "class_id": 1,
    "centroid": [
      280.1241760253906,
      134.95889282226562
    ],
    "length": [
      143.8372039794922,
      203.11944580078125
    ],
    "angle": 91.5414047241211
  },
  "2": {
    "class_id": 2,
    "centroid": [
      280.1055908203125,
      135.1701202392578
    ],
    "length": [
      95.63265228271484,
      130.18556213378906
    ],
    "angle": 93.57595825195312
  },
  "global_mov": [
    249.88031630036434,
    117.757058132993
  ]
}