{
  "1": {
    "class_id": 1,
    "centroid": [
      293.3013000488281,
      152.2379150390625
    ],
    "length": [
      145.43252563476562,
      207.5648193359375
    ],
    "angle": 91.04086303710938
  },
  "2": {
    "class_id": 2,
    "centroid": [
      293.90521240234375,
      153.24969482421875
    ],
    "length": [
      99.2571029663086,
      130.58753967285156
    ],
    "angle": 94.05026245117188
  },
  "global_mov": [
    266.4377676759028,
    140.88691869793618
  ]
}