{
  "1": {
    "class_id": 1,
    "centroid": [
      294.3144836425781,
      168.9767303466797
    ],
    "length": [
      148.92283630371094,
      211.55099487304688
    ],
    "angle": 91.377685546875
  },
  "2": {
    "class_id": 2,
    "centroid": [
      295.6436767578125,
      170.69309997558594
    ],
    "length": [
      102.28562927246094,
      132.3077850341797
    ],
    "angle": 95.00912475585938
  },
  "global_mov": [
    263.22964754592937,
    154.03067321980495
  ]
}