{
  "1": {
    "class_id": 1,
    "centroid": [
      281.3459777832031,
      180.5696258544922
    ],
    "length": [
      144.94358825683594,
      210.4607696533203
    ],
    "angle": 93.25965881347656
  },
  "2": {
    "class_id": 2,
    "centroid": [
      285.7093200683594,
      181.69378662109375
    ],
    "length": [
      99.02812194824219,
      132.26353454589844
    ],
    "angle": 94.23480987548828
  },
  "global_mov": [
    258.2144157588566,
    142.34140107974306
  ]
}