{
  "1": {
    "class_id": 1,
    "centroid": [
      270.8265075683594,
      143.0987091064453
    ],
    "length": [
      148.8228759765625,
      209.98583984375
    ],
    "angle": 91.14500427246094
  },
  "2": {
    "class_id": 2,
    "centroid": [
      274.8684997558594,
      144.664794921875
    ],
    "length": [
      101.78404998779297,
      133.30532836914062
    ],
    "angle": 94.41616821289062
  },
  "global_mov": [
    255.6343804474966,
    132.17081561235054
  ]
}