{
  "1": {
    "class_id": 1,
    "centroid": [
      276.8442687988281,
      155.1458740234375
    ],
    "length": [
      140.51422119140625,
      209.7588653564453
    ],
    "angle": 94.05512237548828
  },
  "2": {
    "class_id": 2,
    "centroid": [
      279.36419677734375,
      157.8888702392578
    ],
    "length": [
      99.00325775146484,
      133.7484130859375
    ],
    "angle": 95.79000091552734
  },
  "global_mov": [
    256.7828683029035,
    125.05579386114623
  ]
}