{
  "1": {
    "class_id": 1,
    "centroid": [
      280.9969482421875,
      183.8310089111328
    ],
    "length": [
      142.43328857421875,
      209.81971740722656
    ],
    "angle": 93.83213806152344
  },
  "2": {
    "class_id": 2,
    "centroid": [
      284.7388916015625,
      184.041015625
    ],
    "length": [
      96.14991760253906,
      133.7484130859375
    ],
    "angle": 93.4041748046875
  },
  "global_mov": [
    259.8975824712322,
    137.99790607736367
  ]
}