{
  "1": {
    "class_id": 1,
    "centroid": [
      317.2950744628906,
      158.1731414794922
    ],
    "length": [
      138.0409698486328,
      200.6376495361328
    ],
    "angle": 88.17793273925781
  },
  "2": {
    "class_id": 2,
    "centroid": [
      319.10723876953125,
      158.43605041503906
    ],
    "length": [
      102.90977478027344,
      132.88528442382812
    ],
    "angle": 87.65677642822266
  },
  "global_mov": [
    282.43933760259176,
    157.92119640654045
  ]
}