{
  "1": {
    "class_id": 1,
    "centroid": [
      288.42803955078125,
      171.59271240234375
    ],
    "length": [
      141.5577850341797,
      211.29281616210938
    ],
    "angle": 94.34392547607422
  },
  "2": {
    "class_id": 2,
    "centroid": [
      291.3232116699219,
      171.0031280517578
    ],
    "length": [
      95.66291046142578,
      131.95321655273438
    ],
    "angle": 94.33892059326172
  },
  "global_mov": [
    252.00095065177723,
    123.33553946503623
  ]
}