{
  "1": {
    "class_id": 1,
    "centroid": [
      268.5843505859375,
      160.6023712158203
    ],
    "length": [
      145.9700469970703,
      210.36585998535156
    ],
    "angle": 93.75917053222656
  },
  "2": {
    "class_id": 2,
    "centroid": [
      271.29888916015625,
      161.60816955566406
    ],
    "length": [
      100.262451171875,
      132.41928100585938
    ],
    "angle": 95.07443237304688
  },
  "global_mov": [
    248.4044121980791,
    135.98091182971436
  ]
}