{
  "1": {
    "class_id": 1,
    "centroid": [
      235.53176879882812,
      126.80711364746094
    ],
    "length": [
      136.7195281982422,
      195.92807006835938
    ],
    "angle": 87.85086059570312
  },
  "2": {
    "class_id": 2,
    "centroid": [
      240.9591827392578,
      129.18661499023438
    ],
    "length": [
      102.74020385742188,
      129.8109130859375
    ],
    "angle": 88.77112579345703
  },
  "global_mov": [
    237.1449682648321,
    129.00440575310097
  ]
}