{
  "1": {
    "class_id": 1,
    "centroid": [
      300.0342712402344,
      152.93270874023438
    ],
    "length": [
      137.00448608398438,
      196.1999969482422
    ],
    "angle": 87.91544342041016
  },
  "2": {
    "class_id": 2,
    "centroid": [
      300.9062805175781,
      153.5959014892578
    ],
    "length": [
      101.1040267944336,
      131.92897033691406
    ],
    "angle": 88.67825317382812
  },
  "global_mov": [
    282.9367603301867,
    155.044672574519
  ]
}