{
  "1": {
    "class_id": 1,
    "centroid": [
      295.89520263671875,
      155.3163299560547
    ],
    "length": [
      152.38336181640625,
      213.92808532714844
    ],
    "angle": 91.39470672607422
  },
  "2": {
    "class_id": 2,
    "centroid": [
      300.6612243652344,
      155.04298400878906
    ],
    "length": [
      99.91059875488281,
      132.25462341308594
    ],
    "angle": 92.11914825439453
  },
  "global_mov": [
    259.1664978828525,
    135.53020080162298
  ]
}