{
  "1": {
    "class_id": 1,
    "centroid": [
      292.8718566894531,
      149.2278289794922
    ],
    "length": [
      145.09115600585938,
      207.2093505859375
    ],
    "angle": 91.02120208740234
  },
  "2": {
    "class_id": 2,
    "centroid": [
      293.6135559082031,
      150.28395080566406
    ],
    "length": [
      98.5794448852539,
      130.55194091796875
    ],
    "angle": 94.36216735839844
  },
  "global_mov": [
    268.45473292585956,
    137.99374079008453
  ]
}