{
  "1": {
    "class_id": 1,
    "centroid": [
      291.6540222167969,
      151.8484344482422
    ],
    "length": [
      145.27525329589844,
      207.0772247314453
    ],
    "angle": 90.78327941894531
  },
  "2": {
    "class_id": 2,
    "centroid": [
      292.8259582519531,
      153.24610900878906
    ],
    "length": [
      99.00776672363281,
      130.20420837402344
    ],
    "angle": 94.4432601928711
  },
  "global_mov": [
    263.2511357897269,
    139.06634945964302
  ]
}