{
  "1": {
    "class_id": 1,
    "centroid": [
      302.54559326171875,
      173.91529846191406
    ],
    "length": [
      143.44178771972656,
      211.56594848632812
    ],
    "angle": 93.9409408569336
  },
  "2": {
    "class_id": 2,
    "centroid": [
      305.2629089355469,
      173.6305389404297
    ],
    "length": [
      96.27610778808594,
      133.6858673095703
    ],
    "angle": 93.7836685180664
  },
  "global_mov": [
    267.01917799201664,
    131.82042017893374
  ]
}