{
  "1": {
    "class_id": 1,
    "centroid": [
      277.9629821777344,
      180.08738708496094
    ],
    "length": [
      139.97018432617188,
      210.4288787841797
    ],
    "angle": 94.10722351074219
  },
  "2": {
    "class_id": 2,
    "centroid": [
      280.6963806152344,
      180.4506378173828
    ],
    "length": [
      94.35426330566406,
      134.52516174316406
    ],
    "angle": 95.03559875488281
  },
  "global_mov": [
    252.9014022377153,
    134.04401615487598
  ]
}