{
  "1": {
    "class_id": 1,
    "centroid": [
      299.785888671875,
      151.3083953857422
    ],
    "length": [
      147.37869262695312,
      207.8568115234375
    ],
    "angle": 90.87258911132812
  },
  "2": {
    "class_id": 2,
    "centroid": [
      302.7239990234375,
      152.3229217529297
    ],
    "length": [
      102.95020294189453,
      133.87136840820312
    ],
    "angle": 93.88658142089844
  },
  "global_mov": [
    274.12411576580143,
    138.66308508255463
  ]
}