{
  "1": {
    "class_id": 1,
    "centroid": [
      278.17498779296875,
      179.54617309570312
    ],
    "length": [
      140.34454345703125,
      210.2698211669922
    ],
    "angle": 93.79935455322266
  },
  "2": {
    "class_id": 2,
    "centroid": [
      280.9181823730469,
      180.04461669921875
    ],
    "length": [
      95.3740234375,
      134.6666717529297
    ],
    "angle": 94.08740997314453
  },
  "global_mov": [
    253.53210876603154,
    134.24042866782713
  ]
}