{
  "1": {
    "class_id": 1,
    "centroid": [
      299.4289245605469,
      147.35366821289062
    ],
    "length": [
      134.6220703125,
      196.67449951171875
    ],
    "angle": 90.6888427734375
  },
  "2": {
    "class_id": 2,
    "centroid": [
      296.892333984375,
      146.68753051757812
    ],
    "length": [
      96.54629516601562,
      127.10769653320312
    ],
    "angle": 88.19298553466797
  },
  "global_mov": [
    275.49521996225025,
    132.95380623114002
  ]
}