{
  "1": {
    "class_id": 1,
    "centroid": [
      276.54327392578125,
      179.86692810058594
    ],
    "length": [
      140.5985870361328,
      209.83206176757812
    ],
    "angle": 93.4037094116211
  },
  "2": {
    "class_id": 2,
    "centroid": [
      279.3999328613281,
      180.29513549804688
    ],
    "length": [
      94.9378433227539,
      134.92819213867188
    ],
    "angle": 93.85237121582031
  },
  "global_mov": [
    251.38173707742803,
    134.37366333223682
  ]
}