{
  "1": {
    "class_id": 1,
    "centroid": [
      308.1059875488281,
      148.0697479248047
    ],
    "length": [
      145.31283569335938,
      208.09588623046875
    ],
    "angle": 88.74443817138672
  },
  "2": {
    "class_id": 2,
    "centroid": [
      308.387939453125,
      149.46994018554688
    ],
    "length": [
      99.5062255859375,
      131.31048583984375
    ],
    "angle": 92.51795196533203
  },
  "global_mov": [
    276.03835070779405,
    138.75602147526658
  ]
}