{
  "1": {
    "class_id": 1,
    "centroid": [
      282.33062744140625,
      183.01148986816406
    ],
    "length": [
      142.63389587402344,
      211.32550048828125
    ],
    "angle": 93.20230865478516
  },
  "2": {
    "class_id": 2,
    "centroid": [
      285.6571044921875,
      183.39373779296875
    ],
    "length": [
      96.89473724365234,
      133.1795654296875
    ],
    "angle": 93.74394226074219
  },
  "global_mov": [
    260.63646015935984,
    137.5665163745941
  ]
}