{
  "1": {
    "class_id": 1,
    "centroid": [
      291.8843688964844,
      154.33856201171875
    ],
    "length": [
      136.78195190429688,
      199.6453857421875
    ],
    "angle": 90.29548645019531
  },
  "2": {
    "class_id": 2,
    "centroid": [
      296.20013427734375,
      154.8380584716797
    ],
    "length": [
      105.54345703125,
      138.0497283935547
    ],
    "angle": 89.95723724365234
  },
  "global_mov": [
    266.09619889750786,
    149.04156812781312
  ]
}