{
  "1": {
    "class_id": 1,
    "centroid": [
      283.23095703125,
      179.94699096679688
    ],
    "length": [
      140.96165466308594,
      210.6616973876953
    ],
    "angle": 93.5972671508789
  },
  "2": {
    "class_id": 2,
    "centroid": [
      286.531005859375,
      180.55320739746094
    ],
    "length": [
      95.18949890136719,
      136.27638244628906
    ],
    "angle": 94.44355010986328
  },
  "global_mov": [
    256.5983279734179,
    135.90876981415562
  ]
}