{
  "1": {
    "class_id": 1,
    "centroid": [
      296.9471435546875,
      154.7776641845703
    ],
    "length": [
      150.4357452392578,
      210.6819610595703
    ],
    "angle": 90.55583953857422
  },
  "2": {
    "class_id": 2,
    "centroid": [
      299.0458068847656,
      155.90245056152344
    ],
    "length": [
      101.71275329589844,
      132.2425994873047
    ],
    "angle": 94.05670928955078
  },
  "global_mov": [
    277.4582536052526,
    147.64532416673822
  ]
}