{
  "1": {
    "class_id": 1,
    "centroid": [
      283.02191162109375,
      183.59381103515625
    ],
    "length": [
      143.0810546875,
      209.65335083007812
    ],
    "angle": 93.40787506103516
  },
  "2": {
    "class_id": 2,
    "centroid": [
      286.8930358886719,
      184.02999877929688
    ],
    "length": [
      96.57527923583984,
      134.14112854003906
    ],
    "angle": 94.04360961914062
  },
  "global_mov": [
    261.35216402930513,
    137.535980889115
  ]
}