{
  "1": {
    "class_id": 1,
    "centroid": [
      299.28289794921875,
      144.37916564941406
    ],
    "length": [
      133.65650939941406,
      196.20733642578125
    ],
    "angle": 90.41873168945312
  },
  "2": {
    "class_id": 2,
    "centroid": [
      298.29327392578125,
      144.37960815429688
    ],
    "length": [
      97.88198852539062,
      126.62454986572266
    ],
    "angle": 92.8791275024414
  },
  "global_mov": [
    275.00997780558646,
    130.74600972035844
  ]
}