{
  "1": {
    "class_id": 1,
    "centroid": [
      261.52069091796875,
      167.72488403320312
    ],
    "length": [
      128.8625946044922,
      191.07945251464844
    ],
    "angle": 95.91294860839844
  },
  "2": {
    "class_id": 2,
    "centroid": [
      266.7951965332031,
      167.83724975585938
    ],
    "length": [
      93.82022857666016,
      135.97286987304688
    ],
    "angle": 93.3583755493164
  },
  "global_mov": [
    259.3576952277974,
    145.1515956617691
  ]
}