{
  "1": {
    "class_id": 1,
    "centroid": [
      274.9878234863281,
      144.08352661132812
    ],
    "length": [
      149.67625427246094,
      210.27066040039062
    ],
    "angle": 91.38485717773438
  },
  "2": {
    "class_id": 2,
    "centroid": [
      278.7615051269531,
      145.3901824951172
    ],
    "length": [
      101.1458969116211,
      133.3980712890625
    ],
    "angle": 94.90605926513672
  },
  "global_mov": [
    261.6428452845883,
    131.86380520453397
  ]
}