{
  "1": {
    "class_id": 1,
    "centroid": [
      299.7146911621094,
      162.963623046875
    ],
    "length": [
      147.87413024902344,
      211.72088623046875
    ],
    "angle": 90.29533386230469
  },
  "2": {
    "class_id": 2,
    "centroid": [
      301.7286682128906,
      166.0624542236328
    ],
    "length": [
      103.01187896728516,
      133.5941162109375
    ],
    "angle": 94.03472900390625
  },
  "global_mov": [
    266.4178945158715,
    150.501568121863
  ]
}