{
  "1": {
    "class_id": 1,
    "centroid": [
      302.1931457519531,
      151.9400634765625
    ],
    "length": [
      144.45755004882812,
      229.18402099609375
    ],
    "angle": 84.57594299316406
  },
  "2": {
    "class_id": 2,
    "centroid": [
      308.0213317871094,
      152.42059326171875
    ],
    "length": [
      98.88481140136719,
      134.6775665283203
    ],
    "angle": 92.61965942382812
  },
  "global_mov": [
    272.42277288773147,
    143.3404662430419
  ]
}