{
  "1": {
    "class_id": 1,
    "centroid": [
      291.969970703125,
      162.00027465820312
    ],
    "length": [
      135.7415771484375,
      195.23049926757812
    ],
    "angle": 90.12326049804688
  },
  "2": {
    "class_id": 2,
    "centroid": [
      294.31109619140625,
      162.5133514404297
    ],
    "length": [
      101.4648666381836,
      133.58197021484375
    ],
    "angle": 89.71710205078125
  },
  "global_mov": [
    274.42394097269965,
    153.4225400462071
  ]
}