{
  "1": {
    "class_id": 1,
    "centroid": [
      304.7633972167969,
      139.35031127929688
    ],
    "length": [
      136.8876953125,
      196.76263427734375
    ],
    "angle": 86.50460815429688
  },
  "2": {
    "class_id": 2,
    "centroid": [
      304.5538024902344,
      142.73739624023438
    ],
    "length": [
      100.8222885131836,
      127.12226867675781
    ],
    "angle": 95.07459259033203
  },
  "global_mov": [
    271.6545374796576,
    151.99829488703628
  ]
}