{
  "1": {
    "class_id": 1,
    "centroid": [
      304.0828857421875,
      158.7921905517578
    ],
    "length": [
      146.66123962402344,
      210.35630798339844
    ],
    "angle": 90.21939086914062
  },
  "2": {
    "class_id": 2,
    "centroid": [
      309.11865234375,
      159.73089599609375
    ],
    "length": [
      106.1840591430664,
      141.0590362548828
    ],
    "angle": 90.64013671875
  },
  "global_mov": [
    268.7733711593543,
    152.5707649912049
  ]
}