{
  "1": {
    "class_id": 1,
    "centroid": [
      307.2110595703125,
      153.57252502441406
    ],
    "length": [
      131.06993103027344,
      196.55877685546875
    ],
    "angle": 90.80348205566406
  },
  "2": {
    "class_id": 2,
    "centroid": [
      309.86187744140625,
      151.05397033691406
    ],
    "length": [
      88.74742889404297,
      132.94773864746094
    ],
    "angle": 91.96759033203125
  },
  "global_mov": [
    274.72271257460335,
    133.92396528152545
  ]
}