{
  "1": {
    "class_id": 1,
    "centroid": [
      278.42047119140625,
      167.63319396972656
    ],
    "length": [
      138.57476806640625,
      209.17974853515625
    ],
    "angle": 94.04053497314453
  },
  "2": {
    "class_id": 2,
    "centroid": [
      281.95489501953125,
      168.22581481933594
    ],
    "length": [
      93.12068176269531,
      134.4528045654297
    ],
    "angle": 95.52102661132812
  },
  "global_mov": [
    250.150163053655,
    122.89211143070004
  ]
}