{
  "1": {
    "class_id": 1,
    "centroid": [
      233.7329864501953,
      147.1334228515625
    ],
    "length": [
      145.44589233398438,
      208.37049865722656
    ],
    "angle": 92.1267318725586
  },
  "2": {
    "class_id": 2,
    "centroid": [
      236.8995361328125,
      149.08883666992188
    ],
    "length": [
      100.2210464477539,
      131.84754943847656
    ],
    "angle": 92.32107543945312
  },
  "global_mov": [
    231.91698239061327,
    127.6156413634253
  ]
}