{
  "1": {
    "class_id": 1,
    "centroid": [
      416.0408935546875,
      157.9308319091797
    ],
    "length": [
      147.84031677246094,
      219.34474182128906
    ],
    "angle": 89.8063735961914
  },
  "2": {
    "class_id": 2,
    "centroid": [
      419.24945068359375,
      157.840576171875
    ],
    "length": [
      102.88143157958984,
      142.86248779296875
    ],
    "angle": 88.34630584716797
  },
  "global_mov": [
    275.7702176094431,
    136.35192582131484
  ]
}