{
  "1": {
    "class_id": 1,
    "centroid": [
      242.47763061523438,
      128.03976440429688
    ],
    "length": [
      136.6383819580078,
      196.17286682128906
    ],
    "angle": 87.6646499633789
  },
  "2": {
    "class_id": 2,
    "centroid": [
      248.3632354736328,
      130.52052307128906
    ],
    "length": [
      102.65812683105469,
      130.7916259765625
    ],
    "angle": 91.12242889404297
  },
  "global_mov": [
    240.68756342519904,
    129.03264757651831
  ]
}