{
  "1": {
    "class_id": 1,
    "centroid": [
      322.09222412109375,
      147.75149536132812
    ],
    "length": [
      138.104248046875,
      201.95411682128906
    ],
    "angle": 87.84716796875
  },
  "2": {
    "class_id": 2,
    "centroid": [
      325.26458740234375,
      148.54583740234375
    ],
    "length": [
      102.7811050415039,
      132.861083984375
    ],
    "angle": 88.96932220458984
  },
  "global_mov": [
    276.61094307519875,
    150.30499508249284
  ]
}