{
  "1": {
    "class_id": 1,
    "centroid": [
      281.5741271972656,
      146.7762451171875
    ],
    "length": [
      133.83505249023438,
      193.27584838867188
    ],
    "angle": 88.07666015625
  },
  "2": {
    "class_id": 2,
    "centroid": [
      285.61199951171875,
      147.4059600830078
    ],
    "length": [
      98.19564056396484,
      124.09773254394531
    ],
    "angle": 84.06033325195312
  },
  "global_mov": [
    257.13096855280065,
    143.9047488823742
  ]
}