{
  "1": {
    "class_id": 1,
    "centroid": [
      281.2776794433594,
      142.80857849121094
    ],
    "length": [
      145.0052947998047,
      205.04489135742188
    ],
    "angle": 91.53192901611328
  },
  "2": {
    "class_id": 2,
    "centroid": [
      281.27764892578125,
      143.24710083007812
    ],
    "length": [
      95.82939147949219,
      129.7344512939453
    ],
    "angle": 92.8404541015625
  },
  "global_mov": [
    254.2752972790917,
    120.38585985309027
  ]
}