{
  "1": {
    "class_id": 1,
    "centroid": [
      290.17083740234375,
      149.46897888183594
    ],
    "length": [
      143.67404174804688,
      206.08995056152344
    ],
    "angle": 91.9306869506836
  },
  "2": {
    "class_id": 2,
    "centroid": [
      291.1051330566406,
      150.75160217285156
    ],
    "length": [
      99.00447845458984,
      130.66702270507812
    ],
    "angle": 95.58992004394531
  },
  "global_mov": [
    270.82762026742404,
    139.48796515698362
  ]
}