{
  "1": {
    "class_id": 1,
    "centroid": [
      303.4111328125,
      149.66522216796875
    ],
    "length": [
      135.66151428222656,
      197.18312072753906
    ],
    "angle": 87.27816009521484
  },
  "2": {
    "class_id": 2,
    "centroid": [
      303.50408935546875,
      154.26380920410156
    ],
    "length": [
      95.10285186767578,
      126.38427734375
    ],
    "angle": 84.31610870361328
  },
  "global_mov": [
    284.05659992349814,
    144.96200126183544
  ]
}