{
  "1": {
    "class_id": 1,
    "centroid": [
      308.38006591796875,
      148.63856506347656
    ],
    "length": [
      135.2972869873047,
      196.55892944335938
    ],
    "angle": 90.63971710205078
  },
  "2": {
    "class_id": 2,
    "centroid": [
      309.25555419921875,
      150.05162048339844
    ],
    "length": [
      97.87628936767578,
      132.27218627929688
    ],
    "angle": 93.50240325927734
  },
  "global_mov": [
    276.5311783360136,
    133.82477561360506
  ]
}