{
  "1": {
    "class_id": 1,
    "centroid": [
      292.9691467285156,
      129.066162109375
    ],
    "length": [
      144.33819580078125,
      208.39913940429688
    ],
    "angle": 90.84095001220703
  },
  "2": {
    "class_id": 2,
    "centroid": [
      293.8701171875,
      128.7746124267578
    ],
    "length": [
      96.2118148803711,
      127.51986694335938
    ],
    "angle": 92.4592514038086
  },
  "global_mov": [
    261.681072106496,
    111.47257054345984
  ]
}