{
  "1": {
    "class_id": 1,
    "centroid": [
      297.7489929199219,
      153.84356689453125
    ],
    "length": [
      150.74954223632812,
      215.5438690185547
    ],
    "angle": 91.02959442138672
  },
  "2": {
    "class_id": 2,
    "centroid": [
      302.99884033203125,
      154.10792541503906
    ],
    "length": [
      99.81776428222656,
      133.59051513671875
    ],
    "angle": 93.12902069091797
  },
  "global_mov": [
    260.54192236492037,
    137.56492692275236
  ],
  "4": {
    "class_id": "slit knife",
    "tip": [
      219.75001443953997,
      223.75000081924912
    ],
    "length": 111.01576232910156,
    "angle": 45.0
  }
}