{
  "1": {
    "class_id": 1,
    "centroid": [
      320.0331726074219,
      153.36680603027344
    ],
    "length": [
      139.2290496826172,
      199.0630645751953
    ],
    "angle": 87.91740417480469
  },
  "2": {
    "class_id": 2,
    "centroid": [
      324.4009704589844,
      154.4632110595703
    ],
    "length": [
      102.26500701904297,
      135.06687927246094
    ],
    "angle": 89.32699584960938
  },
  "global_mov": [
    280.35219056965167,
    151.0624614921671
  ]
}