{
  "1": {
    "class_id": 1,
    "centroid": [
      293.1825866699219,
      159.18142700195312
    ],
    "length": [
      144.0634002685547,
      245.49038696289062
    ],
    "angle": 84.58405303955078
  },
  "2": {
    "class_id": 2,
    "centroid": [
      303.877685546875,
      158.70899963378906
    ],
    "length": [
      99.19147491455078,
      137.837890625
    ],
    "angle": 90.36578369140625
  },
  "global_mov": [
    264.6153465931459,
    142.29897674139397
  ]
}