{
  "1": {
    "class_id": 1,
    "centroid": [
      274.4142761230469,
      156.30364990234375
    ],
    "length": [
      130.9979705810547,
      195.13922119140625
    ],
    "angle": 89.9280776977539
  },
  "2": {
    "class_id": 2,
    "centroid": [
      279.7325744628906,
      155.8845977783203
    ],
    "length": [
      94.40560150146484,
      127.01168823242188
    ],
    "angle": 89.07341766357422
  },
  "global_mov": [
    285.7861050567247,
    148.12427982884415
  ]
}