{
  "1": {
    "class_id": 1,
    "centroid": [
      272.6448669433594,
      156.36265563964844
    ],
    "length": [
      131.51712036132812,
      193.80374145507812
    ],
    "angle": 90.05818939208984
  },
  "2": {
    "class_id": 2,
    "centroid": [
      277.7903137207031,
      156.2177276611328
    ],
    "length": [
      96.15103149414062,
      124.53900146484375
    ],
    "angle": 91.25056457519531
  },
  "global_mov": [
    287.3573022634477,
    147.53115384295842
  ]
}