{
  "1": {
    "class_id": 1,
    "centroid": [
      287.95550537109375,
      140.26455688476562
    ],
    "length": [
      135.97337341308594,
      193.58230590820312
    ],
    "angle": 89.73001861572266
  },
  "2": {
    "class_id": 2,
    "centroid": [
      288.45977783203125,
      140.279296875
    ],
    "length": [
      101.6702651977539,
      132.86827087402344
    ],
    "angle": 81.3188705444336
  },
  "global_mov": [
    274.7588051580611,
    130.13345681925804
  ]
}