{
  "1": {
    "class_id": 1,
    "centroid": [
      230.4746551513672,
      133.65625
    ],
    "length": [
      138.23606872558594,
      198.0149383544922
    ],
    "angle": 94.13147735595703
  },
  "2": {
    "class_id": 2,
    "centroid": [
      232.01358032226562,
      133.31459045410156
    ],
    "length": [
      99.3028564453125,
      128.2222137451172
    ],
    "angle": 82.97542572021484
  },
  "global_mov": [
    230.83810162800035,
    127.94137033590016
  ]
}