{
  "1": {
    "class_id": 1,
    "centroid": [
      293.8944091796875,
      168.84732055664062
    ],
    "length": [
      148.6526336669922,
      211.70616149902344
    ],
    "angle": 92.03800201416016
  },
  "2": {
    "class_id": 2,
    "centroid": [
      295.42236328125,
      170.71861267089844
    ],
    "length": [
      102.07887268066406,
      132.13525390625
    ],
    "angle": 95.67800903320312
  },
  "global_mov": [
    264.15657170692657,
    156.07687337522322
  ]
}