{
  "1": {
    "class_id": 1,
    "centroid": [
      310.6666564941406,
      149.7254180908203
    ],
    "length": [
      147.7417755126953,
      209.54319763183594
    ],
    "angle": 88.22023010253906
  },
  "2": {
    "class_id": 2,
    "centroid": [
      311.27581787109375,
      151.30850219726562
    ],
    "length": [
      99.83320617675781,
      131.24066162109375
    ],
    "angle": 91.90452575683594
  },
  "global_mov": [
    270.0631793384605,
    144.0712241333572
  ]
}