{
  "1": {
    "class_id": 1,
    "centroid": [
      298.24554443359375,
      140.90048217773438
    ],
    "length": [
      136.27587890625,
      193.28627014160156
    ],
    "angle": 86.64857482910156
  },
  "2": {
    "class_id": 2,
    "centroid": [
      300.0273132324219,
      143.01576232910156
    ],
    "length": [
      100.74002075195312,
      129.78863525390625
    ],
    "angle": 77.73571014404297
  },
  "global_mov": [
    275.21745531253276,
    141.30268918382885
  ]
}