{
  "1": {
    "class_id": 1,
    "centroid": [
      297.06060791015625,
      142.1294403076172
    ],
    "length": [
      147.37127685546875,
      208.4437255859375
    ],
    "angle": 89.8021469116211
  },
  "2": {
    "class_id": 2,
    "centroid": [
      300.7234191894531,
      143.40574645996094
    ],
    "length": [
      103.42189025878906,
      135.4698944091797
    ],
    "angle": 95.25326538085938
  },
  "global_mov": [
    277.6014843229416,
    132.27366841962888
  ]
}