{
  "1": {
    "class_id": 1,
    "centroid": [
      301.8114929199219,
      159.64089965820312
    ],
    "length": [
      147.2734375,
      211.70797729492188
    ],
    "angle": 90.58600616455078
  },
  "2": {
    "class_id": 2,
    "centroid": [
      305.999755859375,
      161.2742462158203
    ],
    "length": [
      106.8320083618164,
      140.30494689941406
    ],
    "angle": 89.63773345947266
  },
  "global_mov": [
    275.200276576655,
    152.26737723294247
  ]
}