{
  "1": {
    "class_id": 1,
    "centroid": [
      292.0499572753906,
      152.54946899414062
    ],
    "length": [
      145.1070098876953,
      207.43417358398438
    ],
    "angle": 90.72257232666016
  },
  "2": {
    "class_id": 2,
    "centroid": [
      293.2361145019531,
      153.52830505371094
    ],
    "length": [
      99.0042495727539,
      130.63601684570312
    ],
    "angle": 94.3436279296875
  },
  "global_mov": [
    266.73356208456175,
    140.98157079086198
  ]
}