{
  "1": {
    "class_id": 1,
    "centroid": [
      287.3177490234375,
      144.24655151367188
    ],
    "length": [
      143.99191284179688,
      204.47509765625
    ],
    "angle": 92.186767578125
  },
  "2": {
    "class_id": 2,
    "centroid": [
      286.826171875,
      144.1288299560547
    ],
    "length": [
      95.80882263183594,
      128.34249877929688
    ],
    "angle": 92.96744537353516
  },
  "global_mov": [
    269.04768493760275,
    128.11096262403157
  ]
}