{
  "1": {
    "class_id": 1,
    "centroid": [
      282.8444519042969,
      173.01483154296875
    ],
    "length": [
      147.3606719970703,
      211.9761962890625
    ],
    "angle": 91.24559020996094
  },
  "2": {
    "class_id": 2,
    "centroid": [
      286.4049987792969,
      172.28932189941406
    ],
    "length": [
      99.07910919189453,
      132.01339721679688
    ],
    "angle": 91.96990203857422
  },
  "global_mov": [
    252.93961357786475,
    139.5570749573422
  ]
}