{
  "1": {
    "class_id": 1,
    "centroid": [
      295.91998291015625,
      148.11770629882812
    ],
    "length": [
      147.54762268066406,
      205.76361083984375
    ],
    "angle": 90.32698059082031
  },
  "2": {
    "class_id": 2,
    "centroid": [
      296.37384033203125,
      148.89892578125
    ],
    "length": [
      101.42552185058594,
      129.0416259765625
    ],
    "angle": 92.95342254638672
  },
  "global_mov": [
    274.51333781362024,
    136.37922365416867
  ]
}