{
  "1": {
    "class_id": 1,
    "centroid": [
      298.3036804199219,
      142.9439239501953
    ],
    "length": [
      135.20730590820312,
      196.4680633544922
    ],
    "angle": 90.1965560913086
  },
  "2": {
    "class_id": 2,
    "centroid": [
      296.3074035644531,
      141.7855224609375
    ],
    "length": [
      96.30042266845703,
      126.9408950805664
    ],
    "angle": 84.18470764160156
  },
  "global_mov": [
    273.56314391787214,
    133.583127718611
  ]
}