{
  "1": {
    "class_id": 1,
    "centroid": [
      277.4550476074219,
      183.09825134277344
    ],
    "length": [
      141.9645538330078,
      211.14157104492188
    ],
    "angle": 93.68698120117188
  },
  "2": {
    "class_id": 2,
    "centroid": [
      280.7768859863281,
      183.50453186035156
    ],
    "length": [
      96.56221771240234,
      133.64938354492188
    ],
    "angle": 94.62094116210938
  },
  "global_mov": [
    257.3563325302713,
    136.59796111272053
  ]
}