{
  "1": {
    "class_id": 1,
    "centroid": [
      296.6385498046875,
      146.10888671875
    ],
    "length": [
      134.1370086669922,
      196.35601806640625
    ],
    "angle": 90.36923217773438
  },
  "2": {
    "class_id": 2,
    "centroid": [
      294.51397705078125,
      145.59922790527344
    ],
    "length": [
      95.69590759277344,
      126.75166320800781
    ],
    "angle": 89.68053436279297
  },
  "global_mov": [
    273.5894136027141,
    133.7478595326407
  ]
}