{
  "1": {
    "class_id": 1,
    "centroid": [
      303.6631164550781,
      143.96498107910156
    ],
    "length": [
      136.62892150878906,
      196.74685668945312
    ],
    "angle": 87.26078033447266
  },
  "2": {
    "class_id": 2,
    "centroid": [
      303.5641784667969,
      147.0258331298828
    ],
    "length": [
      99.53313446044922,
      126.27279663085938
    ],
    "angle": 82.39635467529297
  },
  "global_mov": [
    277.38206734518695,
    144.529900474436
  ]
}