{
  "1": {
    "class_id": 1,
    "centroid": [
      302.5045471191406,
      169.35304260253906
    ],
    "length": [
      144.86654663085938,
      211.67404174804688
    ],
    "angle": 92.47463989257812
  },
  "2": {
    "class_id": 2,
    "centroid": [
      305.8044738769531,
      168.82301330566406
    ],
    "length": [
      97.45781707763672,
      132.99533081054688
    ],
    "angle": 92.8329086303711
  },
  "global_mov": [
    273.3137304929714,
    132.516963515551
  ]
}