{
  "1": {
    "class_id": 1,
    "centroid": [
      266.9622802734375,
      157.798828125
    ],
    "length": [
      149.253662109375,
      209.7371826171875
    ],
    "angle": 90.84293365478516
  },
  "2": {
    "class_id": 2,
    "centroid": [
      268.2521667480469,
      159.5933837890625
    ],
    "length": [
      101.9646224975586,
      131.38365173339844
    ],
    "angle": 93.62869262695312
  },
  "global_mov": [
    260.0618868593466,
    155.09554799410085
  ]
}