{
  "1": {
    "class_id": 1,
    "centroid": [
      300.8572082519531,
      158.48326110839844
    ],
    "length": [
      151.02471923828125,
      210.94979858398438
    ],
    "angle": 90.01110076904297
  },
  "2": {
    "class_id": 2,
    "centroid": [
      302.35247802734375,
      159.16787719726562
    ],
    "length": [
      101.80586242675781,
      132.67100524902344
    ],
    "angle": 92.16666412353516
  },
  "global_mov": [
    277.05129542722904,
    153.7683143573274
  ]
}