{
  "1": {
    "class_id": 1,
    "centroid": [
      303.8262023925781,
      153.10107421875
    ],
    "length": [
      145.92861938476562,
      225.7537078857422
    ],
    "angle": 83.73611450195312
  },
  "2": {
    "class_id": 2,
    "centroid": [
      308.7184753417969,
      153.3716278076172
    ],
    "length": [
      98.77143096923828,
      134.6508331298828
    ],
    "angle": 92.61373901367188
  },
  "global_mov": [
    269.79883232157306,
    143.31655173126165
  ]
}