{
  "1": {
    "class_id": 1,
    "centroid": [
      299.2214050292969,
      165.31707763671875
    ],
    "length": [
      136.32630920410156,
      196.8365478515625
    ],
    "angle": 91.51831817626953
  },
  "2": {
    "class_id": 2,
    "centroid": [
      302.2622985839844,
      164.8103485107422
    ],
    "length": [
      105.07499694824219,
      143.92054748535156
    ],
    "angle": 88.9541244506836
  },
  "global_mov": [
    267.1005195993877,
    152.97855687578604
  ]
}