{
  "1": {
    "class_id": 1,
    "centroid": [
      298.18017578125,
      145.79283142089844
    ],
    "length": [
      135.02452087402344,
      195.36599731445312
    ],
    "angle": 90.33130645751953
  },
  "2": {
    "class_id": 2,
    "centroid": [
      295.1148986816406,
      145.06642150878906
    ],
    "length": [
      96.80288696289062,
      125.47422790527344
    ],
    "angle": 88.14710235595703
  },
  "global_mov": [
    273.53203786491287,
    133.44033669377222
  ]
}