{
  "1": {
    "class_id": 1,
    "centroid": [
      279.120849609375,
      154.93064880371094
    ],
    "length": [
      132.21348571777344,
      193.61033630371094
    ],
    "angle": 88.7524642944336
  },
  "2": {
    "class_id": 2,
    "centroid": [
      280.32666015625,
      157.25784301757812
    ],
    "length": [
      95.0401840209961,
      130.28045654296875
    ],
    "angle": 78.00413513183594
  },
  "global_mov": [
    284.7218392259601,
    148.89188157619336
  ]
}