{
  "1": {
    "class_id": 1,
    "centroid": [
      277.7364501953125,
      137.1188201904297
    ],
    "length": [
      146.18319702148438,
      206.56942749023438
    ],
    "angle": 90.96818542480469
  },
  "2": {
    "class_id": 2,
    "centroid": [
      279.4052734375,
      138.45680236816406
    ],
    "length": [
      100.35478973388672,
      131.49209594726562
    ],
    "angle": 93.79100036621094
  },
  "global_mov": [
    233.00700240291766,
    121.84871773680112
  ]
}