{
  "1": {
    "class_id": 1,
    "centroid": [
      301.4710998535156,
      165.18019104003906
    ],
    "length": [
      148.94422912597656,
      212.1428680419922
    ],
    "angle": 91.62201690673828
  },
  "2": {
    "class_id": 2,
    "centroid": [
      303.22894287109375,
      166.93801879882812
    ],
    "length": [
      102.2068099975586,
      134.57833862304688
    ],
    "angle": 93.97660827636719
  },
  "global_mov": [
    268.1070014666648,
    151.38540455559493
  ]
}