{
  "1": {
    "class_id": 1,
    "centroid": [
      300.7413635253906,
      150.5247802734375
    ],
    "length": [
      135.35214233398438,
      196.5919189453125
    ],
    "angle": 87.56986236572266
  },
  "2": {
    "class_id": 2,
    "centroid": [
      299.9886474609375,
      154.1725311279297
    ],
    "length": [
      97.66650390625,
      126.72248077392578
    ],
    "angle": 85.76405334472656
  },
  "global_mov": [
    283.13844258111754,
    145.83786490561857
  ]
}