{
  "1": {
    "class_id": 1,
    "centroid": [
      297.7738037109375,
      129.8977813720703
    ],
    "length": [
      138.092529296875,
      193.02284240722656
    ],
    "angle": 91.1430892944336
  },
  "2": {
    "class_id": 2,
    "centroid": [
      296.2760314941406,
      127.71939849853516
    ],
    "length": [
      94.0960693359375,
      124.29391479492188
    ],
    "angle": 89.4147720336914
  },
  "global_mov": [
    258.7715283258756,
    117.48592272348817
  ]
}