{
  "1": {
    "class_id": 1,
    "centroid": [
      262.76995849609375,
      158.8513946533203
    ],
    "length": [
      145.4038543701172,
      210.42140197753906
    ],
    "angle": 92.90194702148438
  },
  "2": {
    "class_id": 2,
    "centroid": [
      265.8927307128906,
      159.44688415527344
    ],
    "length": [
      99.2886962890625,
      132.61585998535156
    ],
    "angle": 94.0580062866211
  },
  "global_mov": [
    262.67940882759405,
    135.98087906202883
  ]
}