{
  "1": {
    "class_id": 1,
    "centroid": [
      281.9105224609375,
      150.30514526367188
    ],
    "length": [
      136.45314025878906,
      193.98802185058594
    ],
    "angle": 89.47781372070312
  },
  "2": {
    "class_id": 2,
    "centroid": [
      285.08880615234375,
      150.13221740722656
    ],
    "length": [
      102.77418518066406,
      139.79408264160156
    ],
    "angle": 85.02466583251953
  },
  "global_mov": [
    260.5726385924422,
    143.83991834862857
  ]
}