{
  "1": {
    "class_id": 1,
    "centroid": [
      292.1142272949219,
      165.0625
    ],
    "length": [
      136.67979431152344,
      198.03265380859375
    ],
    "angle": 92.51029968261719
  },
  "2": {
    "class_id": 2,
    "centroid": [
      295.88934326171875,
      164.6772003173828
    ],
    "length": [
      98.38522338867188,
      128.3695831298828
    ],
    "angle": 88.13490295410156
  },
  "global_mov": [
    265.5202232107849,
    150.6336030896866
  ]
}