{
  "1": {
    "class_id": 1,
    "centroid": [
      295.5279541015625,
      152.6592559814453
    ],
    "length": [
      137.0419921875,
      196.5259552001953
    ],
    "angle": 88.57621765136719
  },
  "2": {
    "class_id": 2,
    "centroid": [
      297.0974426269531,
      153.25718688964844
    ],
    "length": [
      100.80245971679688,
      132.64735412597656
    ],
    "angle": 88.19149017333984
  },
  "global_mov": [
    280.7702516156449,
    152.84477336093178
  ]
}