{
  "1": {
    "class_id": 1,
    "centroid": [
      274.7345886230469,
      184.00009155273438
    ],
    "length": [
      143.19151306152344,
      210.23646545410156
    ],
    "angle": 94.31105041503906
  },
  "2": {
    "class_id": 2,
    "centroid": [
      278.1034851074219,
      184.59324645996094
    ],
    "length": [
      97.02397155761719,
      133.6197509765625
    ],
    "angle": 94.60529327392578
  },
  "global_mov": [
    257.4232022475375,
    138.19558634757922
  ]
}