{
  "1": {
    "class_id": 1,
    "centroid": [
      294.6268310546875,
      161.8431854248047
    ],
    "length": [
      144.48037719726562,
      207.06471252441406
    ],
    "angle": 91.67343139648438
  },
  "2": {
    "class_id": 2,
    "centroid": [
      295.1585388183594,
      162.93505859375
    ],
    "length": [
      98.37147521972656,
      130.09458923339844
    ],
    "angle": 94.79857635498047
  },
  "global_mov": [
    253.27934348430972,
    142.39844666565466
  ]
}