{
  "1": {
    "class_id": 1,
    "centroid": [
      273.1949462890625,
      157.37225341796875
    ],
    "length": [
      149.30294799804688,
      208.3880157470703
    ],
    "angle": 90.77226257324219
  },
  "2": {
    "class_id": 2,
    "centroid": [
      274.9985046386719,
      159.33387756347656
    ],
    "length": [
      102.12847900390625,
      132.57919311523438
    ],
    "angle": 93.7980728149414
  },
  "global_mov": [
    265.1347209326104,
    151.9582108476344
  ]
}