{
  "1": {
    "class_id": 1,
    "centroid": [
      288.3988342285156,
      166.43438720703125
    ],
    "length": [
      149.15000915527344,
      213.3289031982422
    ],
    "angle": 91.8225326538086
  },
  "2": {
    "class_id": 2,
    "centroid": [
      293.23529052734375,
      165.56080627441406
    ],
    "length": [
      100.0263442993164,
      130.75946044921875
    ],
    "angle": 92.25804138183594
  },
  "global_mov": [
    254.05683475629635,
    138.61049863441124
  ]
}