{
  "1": {
    "class_id": 1,
    "centroid": [
      269.75445556640625,
      158.80178833007812
    ],
    "length": [
      130.6404266357422,
      193.0667724609375
    ],
    "angle": 91.8399887084961
  },
  "2": {
    "class_id": 2,
    "centroid": [
      274.138427734375,
      159.20567321777344
    ],
    "length": [
      96.08335876464844,
      126.79501342773438
    ],
    "angle": 94.49602508544922
  },
  "global_mov": [
    290.79717691887504,
    143.91570645510686
  ]
}