{
  "1": {
    "class_id": 1,
    "centroid": [
      227.24261474609375,
      124.99354553222656
    ],
    "length": [
      138.12245178222656,
      197.170166015625
    ],
    "angle": 89.28459930419922
  },
  "2": {
    "class_id": 2,
    "centroid": [
      233.38853454589844,
      127.01314544677734
    ],
    "length": [
      103.87098693847656,
      127.1640396118164
    ],
    "angle": 87.73314666748047
  },
  "global_mov": [
    230.4913460106629,
    128.18254516509674
  ]
}