{
  "1": {
    "class_id": 1,
    "centroid": [
      296.3319396972656,
      145.5832977294922
    ],
    "length": [
      131.1657257080078,
      195.32749938964844
    ],
    "angle": 90.34292602539062
  },
  "2": {
    "class_id": 2,
    "centroid": [
      297.5802307128906,
      145.35609436035156
    ],
    "length": [
      90.51532745361328,
      129.2279052734375
    ],
    "angle": 90.154052734375
  },
  "global_mov": [
    268.5376031951448,
    128.78731598665152
  ]
}