{
  "1": {
    "class_id": 1,
    "centroid": [
      301.4319152832031,
      159.9536895751953
    ],
    "length": [
      146.95022583007812,
      211.51815795898438
    ],
    "angle": 90.0516357421875
  },
  "2": {
    "class_id": 2,
    "centroid": [
      306.4442443847656,
      161.73162841796875
    ],
    "length": [
      106.68814086914062,
      140.71884155273438
    ],
    "angle": 91.54163360595703
  },
  "global_mov": [
    270.78179477087343,
    154.39351980341544
  ]
}