{
  "1": {
    "class_id": 1,
    "centroid": [
      298.4837341308594,
      150.62611389160156
    ],
    "length": [
      145.45594787597656,
      206.1157989501953
    ],
    "angle": 91.62142181396484
  },
  "2": {
    "class_id": 2,
    "centroid": [
      299.1115417480469,
      151.77099609375
    ],
    "length": [
      98.5211181640625,
      131.7014923095703
    ],
    "angle": 94.59494018554688
  },
  "global_mov": [
    272.1172477320543,
    136.94961665046182
  ]
}