{
  "1": {
    "class_id": 1,
    "centroid": [
      231.8870391845703,
      139.24838256835938
    ],
    "length": [
      147.1781005859375,
      208.4413604736328
    ],
    "angle": 92.88475036621094
  },
  "2": {
    "class_id": 2,
    "centroid": [
      236.458251953125,
      141.6279296875
    ],
    "length": [
      102.11014556884766,
      131.15171813964844
    ],
    "angle": 90.76543426513672
  },
  "global_mov": [
    231.19258947946574,
    127.35420902119222
  ]
}