{
  "1": {
    "class_id": 1,
    "centroid": [
      286.31683349609375,
      154.15841674804688
    ],
    "length": [
      133.74607849121094,
      194.78900146484375
    ],
    "angle": 90.39559936523438
  },
  "2": {
    "class_id": 2,
    "centroid": [
      293.6153259277344,
      152.38760375976562
    ],
    "length": [
      94.48056030273438,
      129.7769012451172
    ],
    "angle": 91.21683502197266
  },
  "global_mov": [
    270.20091016233897,
    140.36128349804702
  ]
}