{
  "1": {
    "class_id": 1,
    "centroid": [
      297.56158447265625,
      136.57513427734375
    ],
    "length": [
      136.96705627441406,
      194.81817626953125
    ],
    "angle": 89.94269561767578
  },
  "2": {
    "class_id": 2,
    "centroid": [
      298.76904296875,
      136.5631866455078
    ],
    "length": [
      99.13495635986328,
      133.52304077148438
    ],
    "angle": 84.16300964355469
  },
  "global_mov": [
    276.26078863313955,
    130.99405881782437
  ]
}