{
  "1": {
    "class_id": 1,
    "centroid": [
      303.2548522949219,
      161.14260864257812
    ],
    "length": [
      147.9352569580078,
      210.892822265625
    ],
    "angle": 90.72492218017578
  },
  "2": {
    "class_id": 2,
    "centroid": [
      307.28814697265625,
      162.19863891601562
    ],
    "length": [
      106.17544555664062,
      140.01466369628906
    ],
    "angle": 90.25133514404297
  },
  "global_mov": [
    276.7577650463041,
    152.69239821030985
  ]
}