{
  "1": {
    "class_id": 1,
    "centroid": [
      297.4445495605469,
      149.28594970703125
    ],
    "length": [
      145.22869873046875,
      206.51235961914062
    ],
    "angle": 91.5631103515625
  },
  "2": {
    "class_id": 2,
    "centroid": [
      298.2037353515625,
      150.2386474609375
    ],
    "length": [
      98.52544403076172,
      131.85435485839844
    ],
    "angle": 94.26663970947266
  },
  "global_mov": [
    271.72296134854673,
    136.7785980188508
  ]
}