{
  "1": {
    "class_id": 1,
    "centroid": [
      296.8542785644531,
      148.42237854003906
    ],
    "length": [
      137.57064819335938,
      197.52328491210938
    ],
    "angle": 88.2539291381836
  },
  "2": {
    "class_id": 2,
    "centroid": [
      300.2676086425781,
      147.97781372070312
    ],
    "length": [
      100.41726684570312,
      134.32952880859375
    ],
    "angle": 85.89293670654297
  },
  "global_mov": [
    275.2880864967272,
    145.07112481094248
  ]
}