{
  "1": {
    "class_id": 1,
    "centroid": [
      292.6139221191406,
      164.7329864501953
    ],
    "length": [
      132.50003051757812,
      197.9381561279297
    ],
    "angle": 90.43082427978516
  },
  "2": {
    "class_id": 2,
    "centroid": [
      295.6800842285156,
      163.7513885498047
    ],
    "length": [
      97.58419799804688,
      137.44984436035156
    ],
    "angle": 86.30368041992188
  },
  "global_mov": [
    263.86606061809107,
    146.63237903119605
  ]
}