{
  "1": {
    "class_id": 1,
    "centroid": [
      282.373779296875,
      147.0206756591797
    ],
    "length": [
      137.51339721679688,
      193.76980590820312
    ],
    "angle": 88.8766860961914
  },
  "2": {
    "class_id": 2,
    "centroid": [
      284.0382385253906,
      146.34120178222656
    ],
    "length": [
      100.09056091308594,
      134.24703979492188
    ],
    "angle": 83.79327392578125
  },
  "global_mov": [
    262.8975766689006,
    144.62442506235493
  ]
}