{
  "1": {
    "class_id": 1,
    "centroid": [
      293.98651123046875,
      144.4619903564453
    ],
    "length": [
      135.54052734375,
      195.58705139160156
    ],
    "angle": 86.79954528808594
  },
  "2": {
    "class_id": 2,
    "centroid": [
      292.9945983886719,
      148.1011505126953
    ],
    "length": [
      99.28619384765625,
      124.6755599975586
    ],
    "angle": 85.81157684326172
  },
  "global_mov": [
    282.22859872504205,
    146.27002243557214
  ]
}