{
  "1": {
    "class_id": 1,
    "centroid": [
      294.6438293457031,
      147.6412811279297
    ],
    "length": [
      135.6802520751953,
      195.73353576660156
    ],
    "angle": 90.18563079833984
  },
  "2": {
    "class_id": 2,
    "centroid": [
      296.2631530761719,
      148.21414184570312
    ],
    "length": [
      98.0076675415039,
      131.0238800048828
    ],
    "angle": 95.17837524414062
  },
  "global_mov": [
    270.1866859696102,
    134.315333356607
  ]
}