{
  "1": {
    "class_id": 1,
    "centroid": [
      281.79632568359375,
      141.0548095703125
    ],
    "length": [
      137.0482635498047,
      192.63597106933594
    ],
    "angle": 90.2870864868164
  },
  "2": {
    "class_id": 2,
    "centroid": [
      283.02520751953125,
      140.8690185546875
    ],
    "length": [
      94.77284240722656,
      124.78221130371094
    ],
    "angle": 92.77114868164062
  },
  "global_mov": [
    268.4178277140007,
    133.0188919972609
  ]
}