{
  "1": {
    "class_id": 1,
    "centroid": [
      307.853515625,
      154.29010009765625
    ],
    "length": [
      130.7019805908203,
      196.5432586669922
    ],
    "angle": 90.9426040649414
  },
  "2": {
    "class_id": 2,
    "centroid": [
      310.122314453125,
      151.82171630859375
    ],
    "length": [
      87.26243591308594,
      131.34390258789062
    ],
    "angle": 93.21405029296875
  },
  "global_mov": [
    276.04234974792104,
    134.3667191391962
  ]
}