{
  "1": {
    "class_id": 1,
    "centroid": [
      294.23980712890625,
      153.44419860839844
    ],
    "length": [
      145.380859375,
      208.45811462402344
    ],
    "angle": 91.15029907226562
  },
  "2": {
    "class_id": 2,
    "centroid": [
      294.6821594238281,
      153.88900756835938
    ],
    "length": [
      99.11917114257812,
      130.2853240966797
    ],
    "angle": 94.41021728515625
  },
  "global_mov": [
    258.2931062121674,
    140.38215574422136
  ]
}