{
  "1": {
    "class_id": 1,
    "centroid": [
      282.859375,
      184.3929901123047
    ],
    "length": [
      142.46839904785156,
      210.87872314453125
    ],
    "angle": 92.96353149414062
  },
  "2": {
    "class_id": 2,
    "centroid": [
      286.5071105957031,
      184.6139373779297
    ],
    "length": [
      96.0896224975586,
      133.0400848388672
    ],
    "angle": 94.51631164550781
  },
  "global_mov": [
    258.8527632259763,
    138.0256725490428
  ]
}