{
  "1": {
    "class_id": 1,
    "centroid": [
      287.6284484863281,
      176.8019256591797
    ],
    "length": [
      142.2078399658203,
      212.4717559814453
    ],
    "angle": 92.99080657958984
  },
  "2": {
    "class_id": 2,
    "centroid": [
      290.9164733886719,
      177.71981811523438
    ],
    "length": [
      97.10724639892578,
      135.2490692138672
    ],
    "angle": 93.03321838378906
  },
  "global_mov": [
    257.52238349060065,
    138.2709781941704
  ]
}