{
  "1": {
    "class_id": 1,
    "centroid": [
      357.755126953125,
      121.43586730957031
    ],
    "length": [
      148.14932250976562,
      207.5142364501953
    ],
    "angle": 88.19477081298828
  },
  "2": {
    "class_id": 2,
    "centroid": [
      361.0074768066406,
      120.75458526611328
    ],
    "length": [
      101.83072662353516,
      133.4261474609375
    ],
    "angle": 85.80009460449219
  },
  "global_mov": [
    278.51548258463544,
    113.3376514116923
  ]
}