{
  "1": {
    "class_id": 1,
    "centroid": [
      284.483642578125,
      151.0667724609375
    ],
    "length": [
      133.47052001953125,
      194.2839813232422
    ],
    "angle": 89.77051544189453
  },
  "2": {
    "class_id": 2,
    "centroid": [
      291.63470458984375,
      149.60162353515625
    ],
    "length": [
      93.45075988769531,
      131.23361206054688
    ],
    "angle": 90.48329162597656
  },
  "global_mov": [
    269.0829489230254,
    138.2609277169533
  ]
}