{
  "1": {
    "class_id": 1,
    "centroid": [
      302.7931823730469,
      155.67747497558594
    ],
    "length": [
      132.3680877685547,
      195.79222106933594
    ],
    "angle": 91.36181640625
  },
  "2": {
    "class_id": 2,
    "centroid": [
      305.5443115234375,
      153.556640625
    ],
    "length": [
      92.31622314453125,
      133.26148986816406
    ],
    "angle": 94.02134704589844
  },
  "global_mov": [
    271.4845335786975,
    131.7650553134391
  ]
}