{
  "1": {
    "class_id": 1,
    "centroid": [
      280.8834533691406,
      139.14059448242188
    ],
    "length": [
      137.7010955810547,
      193.2525634765625
    ],
    "angle": 89.5368881225586
  },
  "2": {
    "class_id": 2,
    "centroid": [
      282.0460510253906,
      139.81834411621094
    ],
    "length": [
      98.30036163330078,
      124.68745422363281
    ],
    "angle": 90.99381256103516
  },
  "global_mov": [
    264.97493765612666,
    131.6157147418953
  ]
}