{
  "1": {
    "class_id": 1,
    "centroid": [
      277.9901123046875,
      182.2989044189453
    ],
    "length": [
      139.56031799316406,
      210.47329711914062
    ],
    "angle": 94.41877746582031
  },
  "2": {
    "class_id": 2,
    "centroid": [
      281.00360107421875,
      182.95249938964844
    ],
    "length": [
      94.99212646484375,
      135.15829467773438
    ],
    "angle": 95.58255004882812
  },
  "global_mov": [
    253.1007897657471,
    135.03679239857377
  ]
}