{
  "1": {
    "class_id": 1,
    "centroid": [
      289.30609130859375,
      138.02244567871094
    ],
    "length": [
      129.95492553710938,
      193.96853637695312
    ],
    "angle": 90.89070129394531
  },
  "2": {
    "class_id": 2,
    "centroid": [
      291.0207214355469,
      138.62948608398438
    ],
    "length": [
      94.83570098876953,
      132.36050415039062
    ],
    "angle": 92.64065551757812
  },
  "global_mov": [
    263.85354549232994,
    121.01461070101361
  ]
}