{
  "1": {
    "class_id": 1,
    "centroid": [
      304.16278076171875,
      147.20423889160156
    ],
    "length": [
      146.77682495117188,
      206.84915161132812
    ],
    "angle": 90.80570983886719
  },
  "2": {
    "class_id": 2,
    "centroid": [
      303.9719543457031,
      148.66624450683594
    ],
    "length": [
      100.90374755859375,
      131.54074096679688
    ],
    "angle": 93.95338439941406
  },
  "global_mov": [
    278.3703675091126,
    136.77491053905382
  ]
}