{
  "1": {
    "class_id": 1,
    "centroid": [
      280.9410705566406,
      184.1328125
    ],
    "length": [
      142.69020080566406,
      209.81292724609375
    ],
    "angle": 93.58245849609375
  },
  "2": {
    "class_id": 2,
    "centroid": [
      284.6089172363281,
      184.04861450195312
    ],
    "length": [
      95.95588684082031,
      134.0347900390625
    ],
    "angle": 92.59404754638672
  },
  "global_mov": [
    259.02349167112146,
    137.35606387178532
  ]
}