{
  "1": {
    "class_id": 1,
    "centroid": [
      290.5777282714844,
      176.57398986816406
    ],
    "length": [
      143.40695190429688,
      211.12237548828125
    ],
    "angle": 94.4231185913086
  },
  "2": {
    "class_id": 2,
    "centroid": [
      293.2677001953125,
      176.0767822265625
    ],
    "length": [
      95.96965789794922,
      131.60340881347656
    ],
    "angle": 93.78497314453125
  },
  "global_mov": [
    260.53174269211206,
    129.58490765153456
  ]
}