{
  "1": {
    "class_id": 1,
    "centroid": [
      294.6441345214844,
      149.05093383789062
    ],
    "length": [
      144.60308837890625,
      206.84158325195312
    ],
    "angle": 91.7476806640625
  },
  "2": {
    "class_id": 2,
    "centroid": [
      294.8414306640625,
      150.23435974121094
    ],
    "length": [
      99.12503814697266,
      130.43812561035156
    ],
    "angle": 95.4819564819336
  },
  "global_mov": [
    272.8659524117342,
    137.7115179680287
  ]
}