{
  "1": {
    "class_id": 1,
    "centroid": [
      292.76312255859375,
      169.65625
    ],
    "length": [
      148.6455535888672,
      212.19708251953125
    ],
    "angle": 91.75789642333984
  },
  "2": {
    "class_id": 2,
    "centroid": [
      294.18707275390625,
      171.7400665283203
    ],
    "length": [
      102.31321716308594,
      132.41041564941406
    ],
    "angle": 95.27958679199219
  },
  "global_mov": [
    262.05114583663095,
    155.33712891260612
  ]
}