{
  "1": {
    "class_id": 1,
    "centroid": [
      296.5271301269531,
      166.0509490966797
    ],
    "length": [
      136.1587677001953,
      196.75457763671875
    ],
    "angle": 91.98274993896484
  },
  "2": {
    "class_id": 2,
    "centroid": [
      299.5325622558594,
      164.20753479003906
    ],
    "length": [
      101.19932556152344,
      141.45367431640625
    ],
    "angle": 88.86869812011719
  },
  "global_mov": [
    264.96733687700447,
    151.72544442073686
  ]
}