{
  "1": {
    "class_id": 1,
    "centroid": [
      295.9017639160156,
      154.1151123046875
    ],
    "length": [
      151.54263305664062,
      216.05429077148438
    ],
    "angle": 91.15733337402344
  },
  "2": {
    "class_id": 2,
    "centroid": [
      301.4412841796875,
      153.9085693359375
    ],
    "length": [
      99.71979522705078,
      133.1667938232422
    ],
    "angle": 92.95474243164062
  },
  "global_mov": [
    258.5471343849388,
    134.87354428976798
  ],
  "4": {
    "class_id": "slit knife",
    "tip": [
      257.5915628934398,
      269.26500288271325
    ],
    "length": 53.26197814941406,
    "angle": 40.10091018676758
  }
}