{
  "1": {
    "class_id": 1,
    "centroid": [
      291.8651428222656,
      153.80421447753906
    ],
    "length": [
      145.653564453125,
      207.86630249023438
    ],
    "angle": 90.21583557128906
  },
  "2": {
    "class_id": 2,
    "centroid": [
      293.01434326171875,
      154.4495849609375
    ],
    "length": [
      99.362060546875,
      131.1518096923828
    ],
    "angle": 94.14154815673828
  },
  "global_mov": [
    260.77085754817284,
    142.46987179213338
  ]
}