{
  "1": {
    "class_id": 1,
    "centroid": [
      246.54220581054688,
      160.96595764160156
    ],
    "length": [
      149.07130432128906,
      208.18556213378906
    ],
    "angle": 91.12635803222656
  },
  "2": {
    "class_id": 2,
    "centroid": [
      247.23643493652344,
      162.9786834716797
    ],
    "length": [
      102.4749755859375,
      131.436279296875
    ],
    "angle": 95.05078887939453
  },
  "global_mov": [
    249.52411054044214,
    158.32319548741637
  ]
}