{
  "1": {
    "class_id": 1,
    "centroid": [
      273.0864562988281,
      137.47584533691406
    ],
    "length": [
      138.10816955566406,
      194.6956024169922
    ],
    "angle": 90.48753356933594
  },
  "2": {
    "class_id": 2,
    "centroid": [
      273.8395080566406,
      138.9139862060547
    ],
    "length": [
      99.6942138671875,
      131.0240020751953
    ],
    "angle": 91.24356079101562
  },
  "global_mov": [
    262.273621824008,
    131.17862663753812
  ]
}