{
  "1": {
    "class_id": 1,
    "centroid": [
      280.6685485839844,
      137.73321533203125
    ],
    "length": [
      145.3731231689453,
      204.74728393554688
    ],
    "angle": 92.65377807617188
  },
  "2": {
    "class_id": 2,
    "centroid": [
      280.3811340332031,
      138.4217987060547
    ],
    "length": [
      96.21185302734375,
      129.45233154296875
    ],
    "angle": 92.25379180908203
  },
  "global_mov": [
    253.54154315425498,
    114.7138485310935
  ]
}