{
  "1": {
    "class_id": 1,
    "centroid": [
      281.4264831542969,
      130.38143920898438
    ],
    "length": [
      150.6621856689453,
      208.4877166748047
    ],
    "angle": 90.15229797363281
  },
  "2": {
    "class_id": 2,
    "centroid": [
      282.85833740234375,
      131.06842041015625
    ],
    "length": [
      101.93485260009766,
      133.53831481933594
    ],
    "angle": 89.92046356201172
  },
  "global_mov": [
    265.8747668345718,
    128.80068987542123
  ]
}