{
  "1": {
    "class_id": 1,
    "centroid": [
      287.6448059082031,
      130.54454040527344
    ],
    "length": [
      130.21983337402344,
      194.26341247558594
    ],
    "angle": 91.2200698852539
  },
  "2": {
    "class_id": 2,
    "centroid": [
      287.97894287109375,
      129.80953979492188
    ],
    "length": [
      90.7442626953125,
      129.76010131835938
    ],
    "angle": 97.0481185913086
  },
  "global_mov": [
    258.20212171774716,
    119.84448583398166
  ]
}