{
  "1": {
    "class_id": 1,
    "centroid": [
      299.3775329589844,
      136.20083618164062
    ],
    "length": [
      136.63389587402344,
      195.94032287597656
    ],
    "angle": 89.17591094970703
  },
  "2": {
    "class_id": 2,
    "centroid": [
      300.6940612792969,
      136.56683349609375
    ],
    "length": [
      99.69703674316406,
      133.3827667236328
    ],
    "angle": 85.66627502441406
  },
  "global_mov": [
    275.24814420950594,
    130.34388416934394
  ]
}