{
  "1": {
    "class_id": 1,
    "centroid": [
      288.3827819824219,
      138.835205078125
    ],
    "length": [
      130.5441436767578,
      192.20640563964844
    ],
    "angle": 90.12820434570312
  },
  "2": {
    "class_id": 2,
    "centroid": [
      289.3699035644531,
      139.36761474609375
    ],
    "length": [
      94.62561798095703,
      131.290771484375
    ],
    "angle": 92.74076843261719
  },
  "global_mov": [
    260.6654005112852,
    120.78807584011805
  ]
}