{
  "1": {
    "class_id": 1,
    "centroid": [
      415.15423583984375,
      172.91368103027344
    ],
    "length": [
      148.10154724121094,
      217.41026306152344
    ],
    "angle": 88.50381469726562
  },
  "2": {
    "class_id": 2,
    "centroid": [
      417.8420104980469,
      173.33966064453125
    ],
    "length": [
      101.6486587524414,
      141.88572692871094
    ],
    "angle": 87.53421783447266
  },
  "global_mov": [
    282.0126950829297,
    153.32842844046704
  ]
}