{
  "1": {
    "class_id": 1,
    "centroid": [
      288.4883728027344,
      152.17274475097656
    ],
    "length": [
      143.45877075195312,
      206.5873260498047
    ],
    "angle": 91.50621795654297
  },
  "2": {
    "class_id": 2,
    "centroid": [
      289.34771728515625,
      153.20042419433594
    ],
    "length": [
      98.18077087402344,
      130.66683959960938
    ],
    "angle": 94.69908142089844
  },
  "global_mov": [
    259.5804898262939,
    138.3934158442831
  ]
}