{
  "1": {
    "class_id": 1,
    "centroid": [
      303.3724365234375,
      152.43890380859375
    ],
    "length": [
      144.88851928710938,
      226.25021362304688
    ],
    "angle": 84.45372772216797
  },
  "2": {
    "class_id": 2,
    "centroid": [
      308.22723388671875,
      153.25250244140625
    ],
    "length": [
      99.09835052490234,
      134.62684631347656
    ],
    "angle": 92.2835693359375
  },
  "global_mov": [
    272.2489526736929,
    143.6563439840511
  ]
}