{
  "1": {
    "class_id": 1,
    "centroid": [
      284.82623291015625,
      178.904052734375
    ],
    "length": [
      141.45535278320312,
      210.346435546875
    ],
    "angle": 93.493408203125
  },
  "2": {
    "class_id": 2,
    "centroid": [
      287.7278137207031,
      179.69894409179688
    ],
    "length": [
      95.885498046875,
      135.90557861328125
    ],
    "angle": 94.65011596679688
  },
  "global_mov": [
    256.88461704188256,
    135.5209423212286
  ]
}