{
  "1": {
    "class_id": 1,
    "centroid": [
      278.9944152832031,
      171.31704711914062
    ],
    "length": [
      139.80125427246094,
      211.0188751220703
    ],
    "angle": 94.76878356933594
  },
  "2": {
    "class_id": 2,
    "centroid": [
      281.7591857910156,
      171.5301513671875
    ],
    "length": [
      94.87775421142578,
      134.86146545410156
    ],
    "angle": 95.30156707763672
  },
  "global_mov": [
    251.8386500399598,
    129.5959047245527
  ]
}