{
  "1": {
    "class_id": 1,
    "centroid": [
      296.39556884765625,
      153.61187744140625
    ],
    "length": [
      150.9495086669922,
      210.77560424804688
    ],
    "angle": 90.15206146240234
  },
  "2": {
    "class_id": 2,
    "centroid": [
      298.3792724609375,
      154.84373474121094
    ],
    "length": [
      102.26214599609375,
      132.0557403564453
    ],
    "angle": 94.60974884033203
  },
  "global_mov": [
    276.3667454610637,
    147.43289981613717
  ]
}