{
  "1": {
    "class_id": 1,
    "centroid": [
      299.9215393066406,
      167.50274658203125
    ],
    "length": [
      144.99769592285156,
      211.34320068359375
    ],
    "angle": 92.2271499633789
  },
  "2": {
    "class_id": 2,
    "centroid": [
      303.1164245605469,
      167.11911010742188
    ],
    "length": [
      97.727783203125,
      133.29446411132812
    ],
    "angle": 92.95358276367188
  },
  "global_mov": [
    272.70678474156085,
    133.39198793192563
  ]
}