{
  "1": {
    "class_id": 1,
    "centroid": [
      310.9444580078125,
      159.29112243652344
    ],
    "length": [
      149.1977081298828,
      210.2587890625
    ],
    "angle": 91.15650939941406
  },
  "2": {
    "class_id": 2,
    "centroid": [
      311.7961730957031,
      160.3536834716797
    ],
    "length": [
      103.05615997314453,
      131.8973846435547
    ],
    "angle": 94.18672943115234
  },
  "global_mov": [
    273.58494980887787,
    145.9386902583743
  ]
}