{
  "1": {
    "class_id": 1,
    "centroid": [
      280.3248291015625,
      182.4363250732422
    ],
    "length": [
      143.10130310058594,
      213.0982666015625
    ],
    "angle": 94.75511169433594
  },
  "2": {
    "class_id": 2,
    "centroid": [
      281.9624328613281,
      183.43043518066406
    ],
    "length": [
      96.5442886352539,
      134.48826599121094
    ],
    "angle": 95.67310333251953
  },
  "global_mov": [
    256.22421130299915,
    139.61321184385295
  ]
}