{
  "1": {
    "class_id": 1,
    "centroid": [
      297.66326904296875,
      154.99537658691406
    ],
    "length": [
      147.04052734375,
      207.6336669921875
    ],
    "angle": 90.04319763183594
  },
  "2": {
    "class_id": 2,
    "centroid": [
      300.6707458496094,
      156.72079467773438
    ],
    "length": [
      103.89926147460938,
      134.28927612304688
    ],
    "angle": 94.2965316772461
  },
  "global_mov": [
    283.8457996465438,
    143.38762624950166
  ]
}