{
  "1": {
    "class_id": 1,
    "centroid": [
      278.8951416015625,
      150.63998413085938
    ],
    "length": [
      135.294677734375,
      196.79214477539062
    ],
    "angle": 90.56233215332031
  },
  "2": {
    "class_id": 2,
    "centroid": [
      281.3656311035156,
      149.7763214111328
    ],
    "length": [
      102.84587860107422,
      138.26123046875
    ],
    "angle": 84.84159851074219
  },
  "global_mov": [
    256.6245192688552,
    141.73897521916663
  ]
}