{
  "1": {
    "class_id": 1,
    "centroid": [
      295.6858215332031,
      154.31471252441406
    ],
    "length": [
      152.70468139648438,
      213.90553283691406
    ],
    "angle": 91.35111999511719
  },
  "2": {
    "class_id": 2,
    "centroid": [
      300.4473876953125,
      153.9571533203125
    ],
    "length": [
      99.74765014648438,
      131.40419006347656
    ],
    "angle": 92.32830047607422
  },
  "global_mov": [
    259.7239458764528,
    135.64582990772075
  ],
  "4": {
    "class_id": "slit knife",
    "tip": [
      239.7500130953126,
      261.75000216347644
    ],
    "length": 61.51828384399414,
    "angle": 45.0
  }
}