{
  "1": {
    "class_id": 1,
    "centroid": [
      306.5166320800781,
      154.5015869140625
    ],
    "length": [
      130.84141540527344,
      195.22059631347656
    ],
    "angle": 91.97230529785156
  },
  "2": {
    "class_id": 2,
    "centroid": [
      309.14154052734375,
      151.60086059570312
    ],
    "length": [
      87.07645416259766,
      131.138671875
    ],
    "angle": 94.37532806396484
  },
  "global_mov": [
    275.507195493109,
    133.91362184012158
  ]
}