{
  "1": {
    "class_id": 1,
    "centroid": [
      291.564697265625,
      164.82867431640625
    ],
    "length": [
      132.59036254882812,
      198.78468322753906
    ],
    "angle": 90.94961547851562
  },
  "2": {
    "class_id": 2,
    "centroid": [
      294.82110595703125,
      164.11753845214844
    ],
    "length": [
      97.40049743652344,
      139.44671630859375
    ],
    "angle": 86.40101623535156
  },
  "global_mov": [
    262.82178679720437,
    147.29799869004603
  ]
}