{
  "1": {
    "class_id": 1,
    "centroid": [
      301.5123291015625,
      156.8062744140625
    ],
    "length": [
      146.81036376953125,
      210.54344177246094
    ],
    "angle": 90.47766876220703
  },
  "2": {
    "class_id": 2,
    "centroid": [
      305.9040832519531,
      158.2398223876953
    ],
    "length": [
      108.58053588867188,
      140.5182342529297
    ],
    "angle": 90.586669921875
  },
  "global_mov": [
    267.59757154479536,
    151.1968353880978
  ]
}