{
  "1": {
    "class_id": 1,
    "centroid": [
      279.8157958984375,
      143.6842498779297
    ],
    "length": [
      150.0812225341797,
      209.9647216796875
    ],
    "angle": 91.48218536376953
  },
  "2": {
    "class_id": 2,
    "centroid": [
      283.8176574707031,
      145.02389526367188
    ],
    "length": [
      101.34037780761719,
      132.76271057128906
    ],
    "angle": 95.31353759765625
  },
  "global_mov": [
    264.596082357434,
    129.14652527149119
  ]
}