{
  "1": {
    "class_id": 1,
    "centroid": [
      263.47308349609375,
      159.45314025878906
    ],
    "length": [
      144.68734741210938,
      210.301513671875
    ],
    "angle": 92.6311264038086
  },
  "2": {
    "class_id": 2,
    "centroid": [
      266.401123046875,
      160.06698608398438
    ],
    "length": [
      99.49751281738281,
      132.97528076171875
    ],
    "angle": 94.60462951660156
  },
  "global_mov": [
    261.87110740609614,
    136.09550736829945
  ]
}