{
  "1": {
    "class_id": 1,
    "centroid": [
      296.49810791015625,
      129.37550354003906
    ],
    "length": [
      137.6776123046875,
      192.0019073486328
    ],
    "angle": 89.8960952758789
  },
  "2": {
    "class_id": 2,
    "centroid": [
      295.19720458984375,
      128.71192932128906
    ],
    "length": [
      96.22463989257812,
      124.50048065185547
    ],
    "angle": 92.07530975341797
  },
  "global_mov": [
    260.84260176595654,
    118.81627465448423
  ]
}