{
  "1": {
    "class_id": 1,
    "centroid": [
      299.9956970214844,
      145.31143188476562
    ],
    "length": [
      132.3243865966797,
      197.89227294921875
    ],
    "angle": 90.09215545654297
  },
  "2": {
    "class_id": 2,
    "centroid": [
      298.047119140625,
      145.96234130859375
    ],
    "length": [
      95.72248077392578,
      127.26730346679688
    ],
    "angle": 90.4871826171875
  },
  "global_mov": [
    275.39148545689625,
    132.05450928842788
  ]
}