{
  "1": {
    "class_id": 1,
    "centroid": [
      300.7867431640625,
      141.21620178222656
    ],
    "length": [
      146.6556396484375,
      209.1166534423828
    ],
    "angle": 89.12669372558594
  },
  "2": {
    "class_id": 2,
    "centroid": [
      303.8228454589844,
      143.23863220214844
    ],
    "length": [
      102.65315246582031,
      135.5465850830078
    ],
    "angle": 93.7171859741211
  },
  "global_mov": [
    280.54378818509116,
    134.03305406928308
  ]
}