{
  "1": {
    "class_id": 1,
    "centroid": [
      296.2643127441406,
      164.6839141845703
    ],
    "length": [
      144.03411865234375,
      206.48583984375
    ],
    "angle": 92.08165740966797
  },
  "2": {
    "class_id": 2,
    "centroid": [
      296.3176574707031,
      165.72621154785156
    ],
    "length": [
      97.91693878173828,
      129.54489135742188
    ],
    "angle": 94.52070617675781
  },
  "global_mov": [
    253.1346033492711,
    145.04528077732334
  ]
}