{
  "1": {
    "class_id": 1,
    "centroid": [
      285.935546875,
      154.40750122070312
    ],
    "length": [
      144.5279541015625,
      211.0956573486328
    ],
    "angle": 91.8327865600586
  },
  "2": {
    "class_id": 2,
    "centroid": [
      290.25714111328125,
      155.89871215820312
    ],
    "length": [
      99.54511260986328,
      132.645263671875
    ],
    "angle": 94.32770538330078
  },
  "global_mov": [
    270.6416724725266,
    133.13622504345892
  ]
}