{
  "1": {
    "class_id": 1,
    "centroid": [
      285.05047607421875,
      154.62774658203125
    ],
    "length": [
      132.36695861816406,
      194.43719482421875
    ],
    "angle": 90.30509185791016
  },
  "2": {
    "class_id": 2,
    "centroid": [
      291.704833984375,
      153.08984375
    ],
    "length": [
      93.86927795410156,
      131.08460998535156
    ],
    "angle": 91.25453186035156
  },
  "global_mov": [
    269.9771339830723,
    141.22446283196612
  ]
}