{
  "1": {
    "class_id": 1,
    "centroid": [
      288.1429443359375,
      140.84713745117188
    ],
    "length": [
      136.05020141601562,
      192.73284912109375
    ],
    "angle": 90.12773895263672
  },
  "2": {
    "class_id": 2,
    "centroid": [
      288.0216064453125,
      140.42213439941406
    ],
    "length": [
      101.70409393310547,
      131.9632568359375
    ],
    "angle": 80.02316284179688
  },
  "global_mov": [
    274.44200362674445,
    130.66748286667453
  ]
}