{
  "1": {
    "class_id": 1,
    "centroid": [
      296.869873046875,
      149.3405303955078
    ],
    "length": [
      152.3125,
      209.4387664794922
    ],
    "angle": 90.22752380371094
  },
  "2": {
    "class_id": 2,
    "centroid": [
      299.2870178222656,
      150.10150146484375
    ],
    "length": [
      102.13766479492188,
      131.21035766601562
    ],
    "angle": 94.11492156982422
  },
  "global_mov": [
    275.49931547933573,
    141.9621840861923
  ]
}