{
  "1": {
    "class_id": 1,
    "centroid": [
      279.7274169921875,
      154.6610870361328
    ],
    "length": [
      141.81727600097656,
      203.8544158935547
    ],
    "angle": 91.59789276123047
  },
  "2": {
    "class_id": 2,
    "centroid": [
      279.5886535644531,
      155.67111206054688
    ],
    "length": [
      95.8232650756836,
      130.7217559814453
    ],
    "angle": 94.09074401855469
  },
  "global_mov": [
    242.32663816076322,
    130.15474903914844
  ]
}