{
  "1": {
    "class_id": 1,
    "centroid": [
      294.0536804199219,
      151.46592712402344
    ],
    "length": [
      145.8361053466797,
      208.63426208496094
    ],
    "angle": 90.50623321533203
  },
  "2": {
    "class_id": 2,
    "centroid": [
      294.85601806640625,
      152.3542938232422
    ],
    "length": [
      97.92864227294922,
      131.07798767089844
    ],
    "angle": 94.03441619873047
  },
  "global_mov": [
    261.7967059168338,
    141.5530869767887
  ]
}