{
  "1": {
    "class_id": 1,
    "centroid": [
      302.86932373046875,
      118.65544891357422
    ],
    "length": [
      134.9858856201172,
      197.97476196289062
    ],
    "angle": 87.00123596191406
  },
  "2": {
    "class_id": 2,
    "centroid": [
      303.9864501953125,
      119.27426147460938
    ],
    "length": [
      94.39453887939453,
      120.63742065429688
    ],
    "angle": 85.31327819824219
  },
  "global_mov": [
    262.4250109123714,
    118.98449570440671
  ]
}