{
  "1": {
    "class_id": 1,
    "centroid": [
      297.94146728515625,
      153.12564086914062
    ],
    "length": [
      150.295166015625,
      215.45228576660156
    ],
    "angle": 91.12357330322266
  },
  "2": {
    "class_id": 2,
    "centroid": [
      302.9662780761719,
      153.8177947998047
    ],
    "length": [
      99.8358383178711,
      134.26004028320312
    ],
    "angle": 92.66265106201172
  },
  "global_mov": [
    259.5218565812183,
    136.76877258573182
  ],
  "4": {
    "class_id": "slit knife",
    "tip": [
      229.50001470921592,
      222.50000054957317
    ],
    "length": 111.72286987304688,
    "angle": 45.0
  }
}