{
  "1": {
    "class_id": 1,
    "centroid": [
      280.7104187011719,
      184.64511108398438
    ],
    "length": [
      142.6473388671875,
      209.8741912841797
    ],
    "angle": 93.38275909423828
  },
  "2": {
    "class_id": 2,
    "centroid": [
      283.9065246582031,
      184.87692260742188
    ],
    "length": [
      96.04287719726562,
      133.3020782470703
    ],
    "angle": 93.26889038085938
  },
  "global_mov": [
    258.06457136008584,
    138.37393685916038
  ]
}