{
  "1": {
    "class_id": 1,
    "centroid": [
      251.21014404296875,
      131.982177734375
    ],
    "length": [
      147.78610229492188,
      207.6748809814453
    ],
    "angle": 89.00178527832031
  },
  "2": {
    "class_id": 2,
    "centroid": [
      256.3680419921875,
      134.66395568847656
    ],
    "length": [
      102.0674819946289,
      133.31556701660156
    ],
    "angle": 92.39959716796875
  },
  "global_mov": [
    245.8003693535069,
    131.26910444222707
  ]
}