{
  "1": {
    "class_id": 1,
    "centroid": [
      286.27130126953125,
      150.01580810546875
    ],
    "length": [
      136.38868713378906,
      195.11827087402344
    ],
    "angle": 88.69609832763672
  },
  "2": {
    "class_id": 2,
    "centroid": [
      288.5317077636719,
      150.19410705566406
    ],
    "length": [
      99.24537658691406,
      133.72979736328125
    ],
    "angle": 83.71266174316406
  },
  "global_mov": [
    264.3219104695415,
    144.26987904717282
  ]
}