{
  "1": {
    "class_id": 1,
    "centroid": [
      280.1675109863281,
      144.5305938720703
    ],
    "length": [
      135.58316040039062,
      195.09620666503906
    ],
    "angle": 90.89474487304688
  },
  "2": {
    "class_id": 2,
    "centroid": [
      281.48175048828125,
      143.9869842529297
    ],
    "length": [
      94.83430480957031,
      128.57553100585938
    ],
    "angle": 91.04803466796875
  },
  "global_mov": [
    265.0756749156734,
    132.96103621266602
  ]
}