{
  "1": {
    "class_id": 1,
    "centroid": [
      304.6286315917969,
      154.50311279296875
    ],
    "length": [
      145.28424072265625,
      211.359619140625
    ],
    "angle": 89.47176361083984
  },
  "2": {
    "class_id": 2,
    "centroid": [
      306.0077209472656,
      155.6425018310547
    ],
    "length": [
      97.73182678222656,
      132.31126403808594
    ],
    "angle": 94.21236419677734
  },
  "global_mov": [
    264.02191207875836,
    140.9356833484306
  ]
}