{
  "1": {
    "class_id": 1,
    "centroid": [
      289.2375793457031,
      152.25161743164062
    ],
    "length": [
      143.87672424316406,
      207.11181640625
    ],
    "angle": 91.04104614257812
  },
  "2": {
    "class_id": 2,
    "centroid": [
      290.3651123046875,
      153.13804626464844
    ],
    "length": [
      98.6380615234375,
      130.32022094726562
    ],
    "angle": 93.86808776855469
  },
  "global_mov": [
    258.5241314530654,
    139.63509311388034
  ]
}