{
  "1": {
    "class_id": 1,
    "centroid": [
      299.28662109375,
      164.0365447998047
    ],
    "length": [
      136.8624267578125,
      198.94834899902344
    ],
    "angle": 90.38148498535156
  },
  "2": {
    "class_id": 2,
    "centroid": [
      300.35040283203125,
      165.85157775878906
    ],
    "length": [
      100.90675354003906,
      134.27293395996094
    ],
    "angle": 92.75111389160156
  },
  "global_mov": [
    266.28464223691645,
    149.754961800424
  ]
}