{
  "1": {
    "class_id": 1,
    "centroid": [
      289.2900085449219,
      149.2989044189453
    ],
    "length": [
      144.40048217773438,
      205.70315551757812
    ],
    "angle": 92.5561294555664
  },
  "2": {
    "class_id": 2,
    "centroid": [
      289.0584716796875,
      150.2689666748047
    ],
    "length": [
      96.39068603515625,
      130.24154663085938
    ],
    "angle": 94.05548858642578
  },
  "global_mov": [
    268.28102633508524,
    126.4728049427598
  ]
}