{
  "1": {
    "class_id": 1,
    "centroid": [
      276.4008483886719,
      139.3724365234375
    ],
    "length": [
      137.84048461914062,
      197.19430541992188
    ],
    "angle": 89.69686126708984
  },
  "2": {
    "class_id": 2,
    "centroid": [
      276.62353515625,
      139.89393615722656
    ],
    "length": [
      98.9061279296875,
      132.4007568359375
    ],
    "angle": 89.81328582763672
  },
  "global_mov": [
    262.43062688248375,
    129.43208254727102
  ]
}