{
  "1": {
    "class_id": 1,
    "centroid": [
      303.4543151855469,
      153.88851928710938
    ],
    "length": [
      138.59689331054688,
      197.9326934814453
    ],
    "angle": 89.03417205810547
  },
  "2": {
    "class_id": 2,
    "centroid": [
      306.62493896484375,
      155.53504943847656
    ],
    "length": [
      103.51075744628906,
      134.08895874023438
    ],
    "angle": 91.60134887695312
  },
  "global_mov": [
    274.8945113453246,
    152.86070030748354
  ]
}