{
  "1": {
    "class_id": 1,
    "centroid": [
      254.76205444335938,
      136.1890106201172
    ],
    "length": [
      148.17941284179688,
      207.904541015625
    ],
    "angle": 89.88277435302734
  },
  "2": {
    "class_id": 2,
    "centroid": [
      259.68682861328125,
      138.17364501953125
    ],
    "length": [
      102.15023040771484,
      131.14212036132812
    ],
    "angle": 93.33719635009766
  },
  "global_mov": [
    247.31217824701716,
    131.9245034680807
  ]
}