{
  "1": {
    "class_id": 1,
    "centroid": [
      301.8326721191406,
      150.86859130859375
    ],
    "length": [
      150.52874755859375,
      213.8116912841797
    ],
    "angle": 90.95001983642578
  },
  "2": {
    "class_id": 2,
    "centroid": [
      306.7886047363281,
      151.7359161376953
    ],
    "length": [
      101.0452880859375,
      133.1763153076172
    ],
    "angle": 93.9713363647461
  },
  "global_mov": [
    261.66089839831346,
    139.7925038199347
  ],
  "4": {
    "class_id": "slit knife",
    "tip": [
      255.2069619819925,
      222.17824537015946
    ],
    "length": 112.39627075195312,
    "angle": 45.690277099609375
  }
}