{
  "1": {
    "class_id": 1,
    "centroid": [
      280.31793212890625,
      184.42184448242188
    ],
    "length": [
      142.5040740966797,
      209.5297088623047
    ],
    "angle": 93.65766906738281
  },
  "2": {
    "class_id": 2,
    "centroid": [
      283.6962890625,
      184.31141662597656
    ],
    "length": [
      95.03147888183594,
      133.81201171875
    ],
    "angle": 93.9992904663086
  },
  "global_mov": [
    259.091432439692,
    137.8309990215333
  ]
}