{
  "1": {
    "class_id": 1,
    "centroid": [
      284.8002014160156,
      183.0937042236328
    ],
    "length": [
      142.30447387695312,
      211.7440643310547
    ],
    "angle": 93.08821105957031
  },
  "2": {
    "class_id": 2,
    "centroid": [
      288.2166748046875,
      183.53330993652344
    ],
    "length": [
      96.41011047363281,
      134.8899383544922
    ],
    "angle": 93.92512512207031
  },
  "global_mov": [
    260.86473326672177,
    137.0165434794186
  ]
}