{
  "1": {
    "class_id": 1,
    "centroid": [
      280.05572509765625,
      183.75521850585938
    ],
    "length": [
      142.18368530273438,
      211.0821533203125
    ],
    "angle": 94.0151596069336
  },
  "2": {
    "class_id": 2,
    "centroid": [
      281.9229431152344,
      184.80416870117188
    ],
    "length": [
      97.5440673828125,
      134.40823364257812
    ],
    "angle": 95.31910705566406
  },
  "global_mov": [
    255.96350510718102,
    139.64483451146626
  ]
}