{
  "1": {
    "class_id": 1,
    "centroid": [
      270.0250549316406,
      159.8062744140625
    ],
    "length": [
      131.41835021972656,
      191.55352783203125
    ],
    "angle": 92.48893737792969
  },
  "2": {
    "class_id": 2,
    "centroid": [
      274.136962890625,
      160.64956665039062
    ],
    "length": [
      96.52775573730469,
      127.62091827392578
    ],
    "angle": 96.12369537353516
  },
  "global_mov": [
    290.6220694909144,
    143.45150687190866
  ]
}