{
  "1": {
    "class_id": 1,
    "centroid": [
      301.44378662109375,
      151.28091430664062
    ],
    "length": [
      146.74386596679688,
      208.314697265625
    ],
    "angle": 89.6561508178711
  },
  "2": {
    "class_id": 2,
    "centroid": [
      301.6135559082031,
      152.59207153320312
    ],
    "length": [
      98.94013214111328,
      130.56390380859375
    ],
    "angle": 93.04835510253906
  },
  "global_mov": [
    273.30431296715733,
    137.79303720986584
  ]
}