{
  "1": {
    "class_id": 1,
    "centroid": [
      295.1965026855469,
      128.53404235839844
    ],
    "length": [
      145.93731689453125,
      206.94285583496094
    ],
    "angle": 90.21051788330078
  },
  "2": {
    "class_id": 2,
    "centroid": [
      295.93096923828125,
      129.22784423828125
    ],
    "length": [
      96.4546127319336,
      126.81820678710938
    ],
    "angle": 95.55233001708984
  },
  "global_mov": [
    262.91303561882705,
    120.00294866332558
  ]
}