{
  "1": {
    "class_id": 1,
    "centroid": [
      295.15936279296875,
      161.37460327148438
    ],
    "length": [
      137.76104736328125,
      198.20252990722656
    ],
    "angle": 91.11498260498047
  },
  "2": {
    "class_id": 2,
    "centroid": [
      296.48193359375,
      161.76101684570312
    ],
    "length": [
      100.20826721191406,
      132.00547790527344
    ],
    "angle": 89.94458770751953
  },
  "global_mov": [
    267.2901313533487,
    149.45455305240964
  ]
}