{
  "1": {
    "class_id": 1,
    "centroid": [
      296.77032470703125,
      147.3944854736328
    ],
    "length": [
      136.19601440429688,
      195.0472412109375
    ],
    "angle": 86.87688446044922
  },
  "2": {
    "class_id": 2,
    "centroid": [
      296.5221862792969,
      150.85086059570312
    ],
    "length": [
      99.5799560546875,
      125.7267074584961
    ],
    "angle": 86.32473754882812
  },
  "global_mov": [
    282.3862023937448,
    147.28222318507815
  ]
}