{
  "1": {
    "class_id": 1,
    "centroid": [
      275.7427673339844,
      182.0417938232422
    ],
    "length": [
      143.0598602294922,
      210.65655517578125
    ],
    "angle": 93.9379653930664
  },
  "2": {
    "class_id": 2,
    "centroid": [
      279.8748779296875,
      181.1761474609375
    ],
    "length": [
      95.08451843261719,
      133.70703125
    ],
    "angle": 95.55055236816406
  },
  "global_mov": [
    257.5446768861739,
    139.3850691549575
  ]
}