{
  "1": {
    "class_id": 1,
    "centroid": [
      300.63018798828125,
      158.72647094726562
    ],
    "length": [
      151.19558715820312,
      210.5589599609375
    ],
    "angle": 89.83546447753906
  },
  "2": {
    "class_id": 2,
    "centroid": [
      302.2287292480469,
      159.6968231201172
    ],
    "length": [
      101.78540802001953,
      132.4825897216797
    ],
    "angle": 94.21595764160156
  },
  "global_mov": [
    277.7402333646966,
    153.88499779912866
  ]
}