{
  "1": {
    "class_id": 1,
    "centroid": [
      282.9902648925781,
      139.28343200683594
    ],
    "length": [
      144.61337280273438,
      204.00894165039062
    ],
    "angle": 91.7266845703125
  },
  "2": {
    "class_id": 2,
    "centroid": [
      284.063232421875,
      139.66444396972656
    ],
    "length": [
      96.89449310302734,
      129.2665252685547
    ],
    "angle": 91.8504638671875
  },
  "global_mov": [
    252.40594304679462,
    117.87180120299574
  ]
}