{
  "1": {
    "class_id": 1,
    "centroid": [
      279.775146484375,
      150.41140747070312
    ],
    "length": [
      133.22572326660156,
      193.11410522460938
    ],
    "angle": 89.19418334960938
  },
  "2": {
    "class_id": 2,
    "centroid": [
      283.16741943359375,
      150.5914306640625
    ],
    "length": [
      98.0595474243164,
      125.92533111572266
    ],
    "angle": 89.08348083496094
  },
  "global_mov": [
    264.16317854019104,
    144.40150535609226
  ]
}