{
  "1": {
    "class_id": 1,
    "centroid": [
      293.2427062988281,
      151.05111694335938
    ],
    "length": [
      137.1404571533203,
      196.93063354492188
    ],
    "angle": 88.41398620605469
  },
  "2": {
    "class_id": 2,
    "centroid": [
      296.82464599609375,
      151.06614685058594
    ],
    "length": [
      100.79643249511719,
      134.27658081054688
    ],
    "angle": 87.95716857910156
  },
  "global_mov": [
    271.96777987358615,
    145.74724777855374
  ]
}