{
  "1": {
    "class_id": 1,
    "centroid": [
      290.4781188964844,
      162.9644775390625
    ],
    "length": [
      146.298828125,
      215.2998504638672
    ],
    "angle": 92.14253997802734
  },
  "2": {
    "class_id": 2,
    "centroid": [
      294.1450500488281,
      163.9857177734375
    ],
    "length": [
      100.70027160644531,
      134.62110900878906
    ],
    "angle": 94.55648803710938
  },
  "global_mov": [
    253.9888420597143,
    136.6415748348234
  ]
}