{
  "1": {
    "class_id": 1,
    "centroid": [
      285.251220703125,
      157.71499633789062
    ],
    "length": [
      131.85284423828125,
      194.34832763671875
    ],
    "angle": 90.51863861083984
  },
  "2": {
    "class_id": 2,
    "centroid": [
      292.36016845703125,
      156.21043395996094
    ],
    "length": [
      93.55205535888672,
      130.88807678222656
    ],
    "angle": 92.06088256835938
  },
  "global_mov": [
    271.4722987744481,
    142.4718261994397
  ]
}