{
  "1": {
    "class_id": 1,
    "centroid": [
      263.45550537109375,
      157.5673370361328
    ],
    "length": [
      130.05487060546875,
      192.93804931640625
    ],
    "angle": 93.26178741455078
  },
  "2": {
    "class_id": 2,
    "centroid": [
      269.7430114746094,
      157.78993225097656
    ],
    "length": [
      96.66228485107422,
      131.39442443847656
    ],
    "angle": 89.37935638427734
  },
  "global_mov": [
    256.30926861291624,
    143.77115288856012
  ]
}