{
  "1": {
    "class_id": 1,
    "centroid": [
      278.6852111816406,
      179.56275939941406
    ],
    "length": [
      141.34251403808594,
      210.4730987548828
    ],
    "angle": 93.77705383300781
  },
  "2": {
    "class_id": 2,
    "centroid": [
      282.112548828125,
      179.89195251464844
    ],
    "length": [
      95.13178253173828,
      134.52992248535156
    ],
    "angle": 95.03998565673828
  },
  "global_mov": [
    252.49930988892365,
    136.94346509987886
  ]
}