{
  "1": {
    "class_id": 1,
    "centroid": [
      301.8461608886719,
      140.31515502929688
    ],
    "length": [
      147.21824645996094,
      209.07681274414062
    ],
    "angle": 89.89673614501953
  },
  "2": {
    "class_id": 2,
    "centroid": [
      304.0110778808594,
      141.8057403564453
    ],
    "length": [
      102.13009643554688,
      135.11334228515625
    ],
    "angle": 92.15209197998047
  },
  "global_mov": [
    280.1167051092138,
    132.66278333607764
  ]
}