{
  "1": {
    "class_id": 1,
    "centroid": [
      275.3825378417969,
      150.8648681640625
    ],
    "length": [
      148.19570922851562,
      214.10006713867188
    ],
    "angle": 92.71215057373047
  },
  "2": {
    "class_id": 2,
    "centroid": [
      279.8391418457031,
      151.83192443847656
    ],
    "length": [
      99.56534576416016,
      135.18209838867188
    ],
    "angle": 95.4719467163086
  },
  "global_mov": [
    252.86115000795857,
    112.38738207573151
  ]
}