{
  "1": {
    "class_id": 1,
    "centroid": [
      305.66180419921875,
      138.2095184326172
    ],
    "length": [
      136.53128051757812,
      197.58995056152344
    ],
    "angle": 87.31803131103516
  },
  "2": {
    "class_id": 2,
    "centroid": [
      305.0345458984375,
      142.26620483398438
    ],
    "length": [
      99.80048370361328,
      126.06298828125
    ],
    "angle": 90.01368713378906
  },
  "global_mov": [
    277.6401910576249,
    145.89600542210147
  ]
}