{
  "1": {
    "class_id": 1,
    "centroid": [
      296.0069580078125,
      141.51272583007812
    ],
    "length": [
      152.756591796875,
      210.16526794433594
    ],
    "angle": 90.64502716064453
  },
  "2": {
    "class_id": 2,
    "centroid": [
      298.3774108886719,
      142.39402770996094
    ],
    "length": [
      102.3166732788086,
      131.27830505371094
    ],
    "angle": 94.18268585205078
  },
  "global_mov": [
    274.3100245472784,
    133.87817847115411
  ]
}