{
  "1": {
    "class_id": 1,
    "centroid": [
      298.2261962890625,
      142.04129028320312
    ],
    "length": [
      147.7587127685547,
      207.1998291015625
    ],
    "angle": 89.82359313964844
  },
  "2": {
    "class_id": 2,
    "centroid": [
      302.67425537109375,
      143.5651092529297
    ],
    "length": [
      104.19026184082031,
      134.08749389648438
    ],
    "angle": 93.27143859863281
  },
  "global_mov": [
    277.4134382180645,
    133.00357392009138
  ]
}