{
  "1": {
    "class_id": 1,
    "centroid": [
      291.8399658203125,
      151.1763458251953
    ],
    "length": [
      144.2556610107422,
      205.9473114013672
    ],
    "angle": 91.44984436035156
  },
  "2": {
    "class_id": 2,
    "centroid": [
      292.9291687011719,
      152.32725524902344
    ],
    "length": [
      98.31546783447266,
      130.87078857421875
    ],
    "angle": 95.61434173583984
  },
  "global_mov": [
    273.1207648198754,
    139.31286267776883
  ]
}