{
  "1": {
    "class_id": 1,
    "centroid": [
      273.4880065917969,
      177.04934692382812
    ],
    "length": [
      129.279052734375,
      188.72024536132812
    ],
    "angle": 95.59428405761719
  },
  "2": {
    "class_id": 2,
    "centroid": [
      277.0466613769531,
      177.78582763671875
    ],
    "length": [
      94.1125717163086,
      134.99066162109375
    ],
    "angle": 94.9904556274414
  },
  "global_mov": [
    288.3382610045646,
    147.53889297300313
  ]
}