{
  "1": {
    "class_id": 1,
    "centroid": [
      304.54974365234375,
      146.33428955078125
    ],
    "length": [
      148.49432373046875,
      208.54266357421875
    ],
    "angle": 90.07711029052734
  },
  "2": {
    "class_id": 2,
    "centroid": [
      307.80023193359375,
      147.8062286376953
    ],
    "length": [
      103.11253356933594,
      134.44064331054688
    ],
    "angle": 94.23782348632812
  },
  "global_mov": [
    278.3743903703432,
    134.26377602023808
  ]
}