{
  "1": {
    "class_id": 1,
    "centroid": [
      281.81231689453125,
      183.805419921875
    ],
    "length": [
      143.41427612304688,
      210.6071319580078
    ],
    "angle": 92.83470153808594
  },
  "2": {
    "class_id": 2,
    "centroid": [
      285.2461853027344,
      183.9649200439453
    ],
    "length": [
      96.37010955810547,
      133.23509216308594
    ],
    "angle": 93.68882751464844
  },
  "global_mov": [
    258.54595743534145,
    138.33954729861793
  ]
}