{
  "1": {
    "class_id": 1,
    "centroid": [
      299.7434997558594,
      141.5796661376953
    ],
    "length": [
      147.27218627929688,
      209.1263885498047
    ],
    "angle": 90.3111801147461
  },
  "2": {
    "class_id": 2,
    "centroid": [
      303.41656494140625,
      143.21640014648438
    ],
    "length": [
      102.91545104980469,
      134.47335815429688
    ],
    "angle": 95.074951171875
  },
  "global_mov": [
    280.00113242153935,
    133.60335275559703
  ]
}