{
  "1": {
    "class_id": 1,
    "centroid": [
      302.48687744140625,
      152.1790771484375
    ],
    "length": [
      145.23228454589844,
      207.68148803710938
    ],
    "angle": 91.26984405517578
  },
  "2": {
    "class_id": 2,
    "centroid": [
      302.9531555175781,
      153.27662658691406
    ],
    "length": [
      99.01693725585938,
      132.26837158203125
    ],
    "angle": 94.1193618774414
  },
  "global_mov": [
    269.43613761853237,
    138.6226744773093
  ]
}