{
  "1": {
    "class_id": 1,
    "centroid": [
      305.84765625,
      154.80709838867188
    ],
    "length": [
      131.52757263183594,
      195.61256408691406
    ],
    "angle": 92.09272003173828
  },
  "2": {
    "class_id": 2,
    "centroid": [
      306.94244384765625,
      154.381103515625
    ],
    "length": [
      91.57630157470703,
      132.65472412109375
    ],
    "angle": 90.74626922607422
  },
  "global_mov": [
    275.1143807128849,
    133.43658449939173
  ]
}