{
  "1": {
    "class_id": 1,
    "centroid": [
      292.14556884765625,
      163.7443084716797
    ],
    "length": [
      136.04876708984375,
      197.72012329101562
    ],
    "angle": 92.25047302246094
  },
  "2": {
    "class_id": 2,
    "centroid": [
      295.6292724609375,
      163.48011779785156
    ],
    "length": [
      98.6631088256836,
      129.00692749023438
    ],
    "angle": 89.3171157836914
  },
  "global_mov": [
    266.735136611543,
    150.34283811241528
  ]
}