{
  "1": {
    "class_id": 1,
    "centroid": [
      298.4605407714844,
      159.29649353027344
    ],
    "length": [
      151.57394409179688,
      209.15077209472656
    ],
    "angle": 90.45999908447266
  },
  "2": {
    "class_id": 2,
    "centroid": [
      300.0762939453125,
      160.50949096679688
    ],
    "length": [
      101.60343170166016,
      132.5542449951172
    ],
    "angle": 93.70714569091797
  },
  "global_mov": [
    276.0398195929475,
    152.5077374831848
  ]
}