{
  "1": {
    "class_id": 1,
    "centroid": [
      293.6271667480469,
      168.91836547851562
    ],
    "length": [
      149.03533935546875,
      211.85345458984375
    ],
    "angle": 91.38963317871094
  },
  "2": {
    "class_id": 2,
    "centroid": [
      295.0692138671875,
      170.7176971435547
    ],
    "length": [
      102.62158966064453,
      131.81947326660156
    ],
    "angle": 94.8354721069336
  },
  "global_mov": [
    261.752536129167,
    153.77589979422268
  ]
}