{
  "1": {
    "class_id": 1,
    "centroid": [
      292.5462951660156,
      176.09024047851562
    ],
    "length": [
      142.57568359375,
      212.4224090576172
    ],
    "angle": 94.41061401367188
  },
  "2": {
    "class_id": 2,
    "centroid": [
      294.6721496582031,
      175.46290588378906
    ],
    "length": [
      96.44986724853516,
      131.2069091796875
    ],
    "angle": 94.22914123535156
  },
  "global_mov": [
    261.02639894414483,
    129.7673711272241
  ]
}