{
  "1": {
    "class_id": 1,
    "centroid": [
      299.57916259765625,
      146.07664489746094
    ],
    "length": [
      136.6722412109375,
      195.98342895507812
    ],
    "angle": 87.03148651123047
  },
  "2": {
    "class_id": 2,
    "centroid": [
      301.26715087890625,
      146.2462921142578
    ],
    "length": [
      100.39321899414062,
      132.84439086914062
    ],
    "angle": 82.75445556640625
  },
  "global_mov": [
    275.9634778209722,
    144.3996132831526
  ]
}