{
  "1": {
    "class_id": 1,
    "centroid": [
      266.16796875,
      146.9568634033203
    ],
    "length": [
      141.4915313720703,
      203.05322265625
    ],
    "angle": 92.36468505859375
  },
  "2": {
    "class_id": 2,
    "centroid": [
      265.8460693359375,
      148.0107421875
    ],
    "length": [
      96.2153091430664,
      126.25933837890625
    ],
    "angle": 93.79412078857422
  },
  "global_mov": [
    235.61975302196814,
    123.2795038150518
  ]
}