{
  "1": {
    "class_id": 1,
    "centroid": [
      261.90155029296875,
      161.54931640625
    ],
    "length": [
      129.2126922607422,
      191.53836059570312
    ],
    "angle": 95.07091522216797
  },
  "2": {
    "class_id": 2,
    "centroid": [
      267.6189880371094,
      161.99598693847656
    ],
    "length": [
      95.69219207763672,
      132.1360626220703
    ],
    "angle": 92.85198974609375
  },
  "global_mov": [
    258.30562539871875,
    144.50002558203036
  ]
}