{
  "1": {
    "class_id": 1,
    "centroid": [
      302.11468505859375,
      153.79129028320312
    ],
    "length": [
      149.53077697753906,
      214.2867889404297
    ],
    "angle": 90.95243835449219
  },
  "2": {
    "class_id": 2,
    "centroid": [
      307.1239013671875,
      154.82989501953125
    ],
    "length": [
      100.42719268798828,
      133.7825927734375
    ],
    "angle": 93.50897979736328
  },
  "global_mov": [
    259.9293123688935,
    137.7871622826431
  ],
  "4": {
    "class_id": "slit knife",
    "tip": [
      248.01979630957055,
      220.99981744457926
    ],
    "length": 115.2177505493164,
    "angle": 45.567264556884766
  }
}