{
  "1": {
    "class_id": 1,
    "centroid": [
      287.7153015136719,
      154.197509765625
    ],
    "length": [
      146.68899536132812,
      209.01541137695312
    ],
    "angle": 90.36994171142578
  },
  "2": {
    "class_id": 2,
    "centroid": [
      291.324462890625,
      156.0603790283203
    ],
    "length": [
      103.03023529052734,
      133.74427795410156
    ],
    "angle": 94.97987365722656
  },
  "global_mov": [
    273.46227910824786,
    139.3586566350073
  ]
}