{
  "1": {
    "class_id": 1,
    "centroid": [
      306.9851379394531,
      146.26449584960938
    ],
    "length": [
      147.6100616455078,
      211.3095703125
    ],
    "angle": 91.29916381835938
  },
  "2": {
    "class_id": 2,
    "centroid": [
      308.7152099609375,
      146.9375
    ],
    "length": [
      101.79646301269531,
      135.5592041015625
    ],
    "angle": 92.56211853027344
  },
  "global_mov": [
    279.1019977869469,
    135.03577496241988
  ]
}