{
  "1": {
    "class_id": 1,
    "centroid": [
      301.3593444824219,
      140.3684539794922
    ],
    "length": [
      150.75477600097656,
      210.3059844970703
    ],
    "angle": 92.1201171875
  },
  "2": {
    "class_id": 2,
    "centroid": [
      304.8509521484375,
      140.1179656982422
    ],
    "length": [
      100.50837707519531,
      134.58740234375
    ],
    "angle": 94.6390609741211
  },
  "global_mov": [
    278.1732775230308,
    122.14922715412617
  ]
}