{
  "1": {
    "class_id": 1,
    "centroid": [
      226.89883422851562,
      127.87403106689453
    ],
    "length": [
      136.82667541503906,
      197.04981994628906
    ],
    "angle": 89.64671325683594
  },
  "2": {
    "class_id": 2,
    "centroid": [
      231.9638671875,
      128.94911193847656
    ],
    "length": [
      101.1412353515625,
      127.44941711425781
    ],
    "angle": 86.60411071777344
  },
  "global_mov": [
    230.0647915221506,
    129.46139048527925
  ]
}