{
  "1": {
    "class_id": 1,
    "centroid": [
      299.9833068847656,
      159.58523559570312
    ],
    "length": [
      146.78050231933594,
      210.67031860351562
    ],
    "angle": 90.6649398803711
  },
  "2": {
    "class_id": 2,
    "centroid": [
      304.6063537597656,
      160.65689086914062
    ],
    "length": [
      107.15667724609375,
      139.22845458984375
    ],
    "angle": 90.55476379394531
  },
  "global_mov": [
    265.6773357862875,
    151.70119382588436
  ]
}