{
  "1": {
    "class_id": 1,
    "centroid": [
      297.6855773925781,
      153.05931091308594
    ],
    "length": [
      132.05780029296875,
      193.29473876953125
    ],
    "angle": 92.62754821777344
  },
  "2": {
    "class_id": 2,
    "centroid": [
      300.7513122558594,
      150.5729522705078
    ],
    "length": [
      90.41064453125,
      134.83042907714844
    ],
    "angle": 93.41427612304688
  },
  "global_mov": [
    272.5955444157186,
    128.86872988078184
  ]
}