{
  "1": {
    "class_id": 1,
    "centroid": [
      316.15008544921875,
      161.3829345703125
    ],
    "length": [
      136.89866638183594,
      199.85987854003906
    ],
    "angle": 88.78125762939453
  },
  "2": {
    "class_id": 2,
    "centroid": [
      320.31402587890625,
      162.29920959472656
    ],
    "length": [
      101.91730499267578,
      134.8004608154297
    ],
    "angle": 91.40876770019531
  },
  "global_mov": [
    280.61057958969207,
    149.09894498697088
  ]
}