{
  "1": {
    "class_id": 1,
    "centroid": [
      269.4426574707031,
      143.55653381347656
    ],
    "length": [
      148.20765686035156,
      210.39451599121094
    ],
    "angle": 91.42327117919922
  },
  "2": {
    "class_id": 2,
    "centroid": [
      274.1610412597656,
      144.740234375
    ],
    "length": [
      101.41344451904297,
      132.96337890625
    ],
    "angle": 94.6951904296875
  },
  "global_mov": [
    253.25315028804775,
    132.87799726700158
  ]
}