{
  "1": {
    "class_id": 1,
    "centroid": [
      294.7995910644531,
      155.64031982421875
    ],
    "length": [
      150.23544311523438,
      210.28175354003906
    ],
    "angle": 91.14543914794922
  },
  "2": {
    "class_id": 2,
    "centroid": [
      296.5237121582031,
      156.707763671875
    ],
    "length": [
      102.4180908203125,
      130.5520782470703
    ],
    "angle": 93.94219970703125
  },
  "global_mov": [
    277.7688160524896,
    149.30871097759757
  ]
}