{
  "1": {
    "class_id": 1,
    "centroid": [
      279.84539794921875,
      175.12890625
    ],
    "length": [
      129.594482421875,
      190.65748596191406
    ],
    "angle": 93.79409790039062
  },
  "2": {
    "class_id": 2,
    "centroid": [
      282.1640625,
      176.60299682617188
    ],
    "length": [
      96.0436019897461,
      136.5630645751953
    ],
    "angle": 93.57807159423828
  },
  "global_mov": [
    279.7091471681301,
    146.69146290079811
  ]
}