{
  "1": {
    "class_id": 1,
    "centroid": [
      291.0552673339844,
      156.99057006835938
    ],
    "length": [
      146.04908752441406,
      212.84567260742188
    ],
    "angle": 92.14323425292969
  },
  "2": {
    "class_id": 2,
    "centroid": [
      294.61260986328125,
      157.77066040039062
    ],
    "length": [
      100.81974029541016,
      132.0381622314453
    ],
    "angle": 93.58851623535156
  },
  "global_mov": [
    271.235047781751,
    135.2519738812895
  ]
}