{
  "1": {
    "class_id": 1,
    "centroid": [
      307.3970947265625,
      164.41683959960938
    ],
    "length": [
      135.14476013183594,
      197.95504760742188
    ],
    "angle": 91.0960693359375
  },
  "2": {
    "class_id": 2,
    "centroid": [
      310.849853515625,
      164.2919464111328
    ],
    "length": [
      98.13644409179688,
      135.5095977783203
    ],
    "angle": 91.32969665527344
  },
  "global_mov": [
    281.92956456688574,
    145.45337547079563
  ]
}