{
  "1": {
    "class_id": 1,
    "centroid": [
      293.2696838378906,
      154.90139770507812
    ],
    "length": [
      150.88824462890625,
      214.79605102539062
    ],
    "angle": 91.41219329833984
  },
  "2": {
    "class_id": 2,
    "centroid": [
      298.85504150390625,
      155.07492065429688
    ],
    "length": [
      98.92945861816406,
      131.7875213623047
    ],
    "angle": 94.28836822509766
  },
  "global_mov": [
    259.5817724152385,
    134.89743186902257
  ],
  "4": {
    "class_id": "slit knife",
    "tip": [
      232.25001687045645,
      250.2499983883326
    ],
    "length": 74.95332336425781,
    "angle": 45.0
  }
}