{
  "1": {
    "class_id": 1,
    "centroid": [
      292.7266845703125,
      160.17828369140625
    ],
    "length": [
      144.38150024414062,
      207.42568969726562
    ],
    "angle": 91.68212127685547
  },
  "2": {
    "class_id": 2,
    "centroid": [
      293.3714294433594,
      161.070068359375
    ],
    "length": [
      98.5,
      129.7058868408203
    ],
    "angle": 95.13095092773438
  },
  "global_mov": [
    256.1286874205255,
    145.56252087940825
  ]
}