{
  "1": {
    "class_id": 1,
    "centroid": [
      283.49951171875,
      134.08428955078125
    ],
    "length": [
      144.4520263671875,
      203.258056640625
    ],
    "angle": 91.65550994873047
  },
  "2": {
    "class_id": 2,
    "centroid": [
      284.59600830078125,
      135.09234619140625
    ],
    "length": [
      95.84979248046875,
      129.44740295410156
    ],
    "angle": 93.138671875
  },
  "global_mov": [
    256.7685016927732,
    111.66279175961988
  ]
}