{
  "1": {
    "class_id": 1,
    "centroid": [
      299.2973937988281,
      159.05763244628906
    ],
    "length": [
      145.99449157714844,
      210.93418884277344
    ],
    "angle": 90.00672149658203
  },
  "2": {
    "class_id": 2,
    "centroid": [
      304.0924987792969,
      161.12913513183594
    ],
    "length": [
      108.31269073486328,
      141.67214965820312
    ],
    "angle": 91.5108871459961
  },
  "global_mov": [
    268.8816798297461,
    153.21135206896147
  ]
}