{
  "1": {
    "class_id": 1,
    "centroid": [
      306.8756103515625,
      137.57791137695312
    ],
    "length": [
      136.85110473632812,
      199.00991821289062
    ],
    "angle": 86.4437255859375
  },
  "2": {
    "class_id": 2,
    "centroid": [
      306.35205078125,
      140.63888549804688
    ],
    "length": [
      102.18169403076172,
      127.4259033203125
    ],
    "angle": 96.01306915283203
  },
  "global_mov": [
    273.7795183183431,
    151.47618672210263
  ]
}