{
  "1": {
    "class_id": 1,
    "centroid": [
      282.13946533203125,
      141.95147705078125
    ],
    "length": [
      145.05877685546875,
      204.96974182128906
    ],
    "angle": 91.7265396118164
  },
  "2": {
    "class_id": 2,
    "centroid": [
      282.1634521484375,
      141.9356231689453
    ],
    "length": [
      95.36297607421875,
      130.1840362548828
    ],
    "angle": 92.45735931396484
  },
  "global_mov": [
    254.37742484939068,
    120.26191301642837
  ]
}