{
  "1": {
    "class_id": 1,
    "centroid": [
      304.0016174316406,
      140.03057861328125
    ],
    "length": [
      137.1277313232422,
      197.14801025390625
    ],
    "angle": 87.37804412841797
  },
  "2": {
    "class_id": 2,
    "centroid": [
      302.32098388671875,
      143.90866088867188
    ],
    "length": [
      101.31094360351562,
      123.65851593017578
    ],
    "angle": 90.1727066040039
  },
  "global_mov": [
    277.8497313267958,
    146.98193181293462
  ]
}