{
  "1": {
    "class_id": 1,
    "centroid": [
      297.0622253417969,
      144.27114868164062
    ],
    "length": [
      135.2534942626953,
      195.0438232421875
    ],
    "angle": 87.03629302978516
  },
  "2": {
    "class_id": 2,
    "centroid": [
      301.39715576171875,
      144.648681640625
    ],
    "length": [
      97.72003173828125,
      133.2912139892578
    ],
    "angle": 79.88044738769531
  },
  "global_mov": [
    275.51564408723567,
    141.13503657825973
  ]
}