{
  "1": {
    "class_id": 1,
    "centroid": [
      291.7551574707031,
      143.35098266601562
    ],
    "length": [
      131.19847106933594,
      196.63694763183594
    ],
    "angle": 90.89573669433594
  },
  "2": {
    "class_id": 2,
    "centroid": [
      294.43341064453125,
      142.2172088623047
    ],
    "length": [
      88.93988800048828,
      130.8040008544922
    ],
    "angle": 95.62544250488281
  },
  "global_mov": [
    263.876454817391,
    127.78845063320163
  ]
}