{
  "1": {
    "class_id": 1,
    "centroid": [
      301.0188293457031,
      152.66754150390625
    ],
    "length": [
      150.2549591064453,
      214.023681640625
    ],
    "angle": 90.56925201416016
  },
  "2": {
    "class_id": 2,
    "centroid": [
      305.99993896484375,
      153.38375854492188
    ],
    "length": [
      99.60900115966797,
      134.3217315673828
    ],
    "angle": 94.0485610961914
  },
  "global_mov": [
    258.2329461602237,
    136.7440466920766
  ],
  "4": {
    "class_id": "slit knife",
    "tip": [
      252.8090296556677,
      223.8531575379145
    ],
    "length": 112.46442413330078,
    "angle": 44.309722900390625
  }
}