{
  "1": {
    "class_id": 1,
    "centroid": [
      299.5514221191406,
      163.64453125
    ],
    "length": [
      137.11984252929688,
      198.842529296875
    ],
    "angle": 91.17198944091797
  },
  "2": {
    "class_id": 2,
    "centroid": [
      299.1376953125,
      164.93313598632812
    ],
    "length": [
      100.02893829345703,
      132.86183166503906
    ],
    "angle": 88.8817367553711
  },
  "global_mov": [
    266.3067629128991,
    149.2372850197038
  ]
}