{
  "1": {
    "class_id": 1,
    "centroid": [
      253.41213989257812,
      132.76541137695312
    ],
    "length": [
      147.32196044921875,
      207.65252685546875
    ],
    "angle": 88.92379760742188
  },
  "2": {
    "class_id": 2,
    "centroid": [
      258.03533935546875,
      134.96951293945312
    ],
    "length": [
      101.09221649169922,
      132.8704071044922
    ],
    "angle": 91.6387710571289
  },
  "global_mov": [
    246.19570338513367,
    131.61105742609618
  ]
}