{
  "1": {
    "class_id": 1,
    "centroid": [
      281.90020751953125,
      142.5231475830078
    ],
    "length": [
      136.5608673095703,
      194.2920684814453
    ],
    "angle": 91.67461395263672
  },
  "2": {
    "class_id": 2,
    "centroid": [
      283.57073974609375,
      140.76878356933594
    ],
    "length": [
      93.08780670166016,
      126.803466796875
    ],
    "angle": 93.85619354248047
  },
  "global_mov": [
    267.78785677411275,
    132.51020259748785
  ]
}