{
  "1": {
    "class_id": 1,
    "centroid": [
      294.0254211425781,
      151.08740234375
    ],
    "length": [
      145.92605590820312,
      208.6834716796875
    ],
    "angle": 90.85688018798828
  },
  "2": {
    "class_id": 2,
    "centroid": [
      294.6634216308594,
      152.1272735595703
    ],
    "length": [
      98.47822570800781,
      130.6826934814453
    ],
    "angle": 93.38196563720703
  },
  "global_mov": [
    257.8462749540937,
    137.13076832967946
  ]
}