{
  "1": {
    "class_id": 1,
    "centroid": [
      300.1736145019531,
      144.81747436523438
    ],
    "length": [
      133.4641571044922,
      197.78746032714844
    ],
    "angle": 90.2713394165039
  },
  "2": {
    "class_id": 2,
    "centroid": [
      297.9939270019531,
      145.4340057373047
    ],
    "length": [
      95.99652099609375,
      126.37653350830078
    ],
    "angle": 92.37164306640625
  },
  "global_mov": [
    275.2075407165441,
    131.27231490334174
  ]
}