{
  "1": {
    "class_id": 1,
    "centroid": [
      311.1376953125,
      146.33189392089844
    ],
    "length": [
      139.68101501464844,
      202.26425170898438
    ],
    "angle": 90.8788833618164
  },
  "2": {
    "class_id": 2,
    "centroid": [
      315.9009094238281,
      147.1381378173828
    ],
    "length": [
      99.94075775146484,
      134.2931365966797
    ],
    "angle": 93.9585952758789
  },
  "global_mov": [
    257.6596169950987,
    136.60452628420137
  ],
  "4": {
    "class_id": "slit knife",
    "tip": [
      295.5853921952433,
      191.55044113579243
    ],
    "length": 152.04849243164062,
    "angle": 45.389766693115234
  }
}