{
  "1": {
    "class_id": 1,
    "centroid": [
      298.1561279296875,
      141.32406616210938
    ],
    "length": [
      147.53102111816406,
      206.88134765625
    ],
    "angle": 90.77037811279297
  },
  "2": {
    "class_id": 2,
    "centroid": [
      301.7643737792969,
      143.1946563720703
    ],
    "length": [
      103.57788848876953,
      134.7850799560547
    ],
    "angle": 93.05963897705078
  },
  "global_mov": [
    281.55486943640335,
    134.2334022882096
  ]
}