{
  "1": {
    "class_id": 1,
    "centroid": [
      301.1770935058594,
      157.13363647460938
    ],
    "length": [
      146.7162628173828,
      211.12527465820312
    ],
    "angle": 91.15624237060547
  },
  "2": {
    "class_id": 2,
    "centroid": [
      305.4307556152344,
      158.02288818359375
    ],
    "length": [
      107.38646697998047,
      139.98948669433594
    ],
    "angle": 90.86546325683594
  },
  "global_mov": [
    268.5557664625557,
    151.09125718711445
  ]
}