{
  "1": {
    "class_id": 1,
    "centroid": [
      296.6154479980469,
      154.3390655517578
    ],
    "length": [
      150.77879333496094,
      210.8461456298828
    ],
    "angle": 90.33403015136719
  },
  "2": {
    "class_id": 2,
    "centroid": [
      298.64398193359375,
      155.34567260742188
    ],
    "length": [
      101.794921875,
      131.83985900878906
    ],
    "angle": 93.45244598388672
  },
  "global_mov": [
    276.1903611143811,
    147.25331283659648
  ]
}