{
  "1": {
    "class_id": 1,
    "centroid": [
      295.5266418457031,
      164.02420043945312
    ],
    "length": [
      144.94171142578125,
      207.73118591308594
    ],
    "angle": 92.0868911743164
  },
  "2": {
    "class_id": 2,
    "centroid": [
      295.9247741699219,
      165.29676818847656
    ],
    "length": [
      96.95259094238281,
      130.0595245361328
    ],
    "angle": 93.52363586425781
  },
  "global_mov": [
    253.70814740769197,
    141.4333210046268
  ]
}