{
  "1": {
    "class_id": 1,
    "centroid": [
      307.7945861816406,
      149.3896484375
    ],
    "length": [
      147.2176055908203,
      206.08425903320312
    ],
    "angle": 89.62196350097656
  },
  "2": {
    "class_id": 2,
    "centroid": [
      308.64862060546875,
      150.58364868164062
    ],
    "length": [
      100.85051727294922,
      130.59523010253906
    ],
    "angle": 92.95355987548828
  },
  "global_mov": [
    276.53895714276365,
    138.90759697889845
  ]
}