{
  "1": {
    "class_id": 1,
    "centroid": [
      293.938232421875,
      150.6651153564453
    ],
    "length": [
      146.3875274658203,
      208.26486206054688
    ],
    "angle": 90.68276977539062
  },
  "2": {
    "class_id": 2,
    "centroid": [
      294.6552429199219,
      151.65480041503906
    ],
    "length": [
      99.75704956054688,
      130.4287109375
    ],
    "angle": 94.0652084350586
  },
  "global_mov": [
    260.9104590954718,
    141.1598086384881
  ]
}