{
  "1": {
    "class_id": 1,
    "centroid": [
      290.05657958984375,
      155.0394287109375
    ],
    "length": [
      150.93438720703125,
      215.9157257080078
    ],
    "angle": 91.155029296875
  },
  "2": {
    "class_id": 2,
    "centroid": [
      295.085693359375,
      154.7527313232422
    ],
    "length": [
      100.81490325927734,
      131.517822265625
    ],
    "angle": 92.62533569335938
  },
  "global_mov": [
    256.84992242270545,
    135.66792344565377
  ]
}