{
  "1": {
    "class_id": 1,
    "centroid": [
      287.92242431640625,
      158.20751953125
    ],
    "length": [
      149.67623901367188,
      211.4985809326172
    ],
    "angle": 90.37820434570312
  },
  "2": {
    "class_id": 2,
    "centroid": [
      289.2584533691406,
      159.4537811279297
    ],
    "length": [
      102.20852661132812,
      132.49842834472656
    ],
    "angle": 95.43451690673828
  },
  "global_mov": [
    273.993690045459,
    150.1574373450546
  ]
}