{
  "1": {
    "class_id": 1,
    "centroid": [
      297.6481628417969,
      144.89898681640625
    ],
    "length": [
      134.4785614013672,
      195.27169799804688
    ],
    "angle": 90.11424255371094
  },
  "2": {
    "class_id": 2,
    "centroid": [
      294.88995361328125,
      144.6287078857422
    ],
    "length": [
      96.021728515625,
      127.5857162475586
    ],
    "angle": 89.01207733154297
  },
  "global_mov": [
    273.8478334123535,
    133.50330550395867
  ]
}