{
  "1": {
    "class_id": 1,
    "centroid": [
      277.3468322753906,
      154.24282836914062
    ],
    "length": [
      140.10037231445312,
      210.5744171142578
    ],
    "angle": 93.60044860839844
  },
  "2": {
    "class_id": 2,
    "centroid": [
      280.3855895996094,
      156.694580078125
    ],
    "length": [
      98.31952667236328,
      134.99896240234375
    ],
    "angle": 95.55477142333984
  },
  "global_mov": [
    256.5677657853491,
    121.80554060095078
  ]
}