{
  "1": {
    "class_id": 1,
    "centroid": [
      301.818359375,
      146.4633331298828
    ],
    "length": [
      136.24612426757812,
      196.0718994140625
    ],
    "angle": 87.55901336669922
  },
  "2": {
    "class_id": 2,
    "centroid": [
      300.19342041015625,
      150.14845275878906
    ],
    "length": [
      99.9130630493164,
      125.24895477294922
    ],
    "angle": 87.13459014892578
  },
  "global_mov": [
    275.6045221046629,
    149.60695688036512
  ]
}