{
  "1": {
    "class_id": 1,
    "centroid": [
      297.0877380371094,
      136.97019958496094
    ],
    "length": [
      135.7279815673828,
      195.80084228515625
    ],
    "angle": 86.13479614257812
  },
  "2": {
    "class_id": 2,
    "centroid": [
      297.69281005859375,
      140.0503692626953
    ],
    "length": [
      97.3922348022461,
      126.87438201904297
    ],
    "angle": 85.15877532958984
  },
  "global_mov": [
    275.907339232216,
    143.8173665106655
  ]
}