{
  "1": {
    "class_id": 1,
    "centroid": [
      276.796875,
      182.66053771972656
    ],
    "length": [
      142.15013122558594,
      210.81423950195312
    ],
    "angle": 93.66605377197266
  },
  "2": {
    "class_id": 2,
    "centroid": [
      280.5888366699219,
      182.74612426757812
    ],
    "length": [
      95.98426818847656,
      133.8091583251953
    ],
    "angle": 94.23306274414062
  },
  "global_mov": [
    257.14251738207616,
    136.5941462748055
  ]
}