{
  "1": {
    "class_id": 1,
    "centroid": [
      291.22125244140625,
      151.35699462890625
    ],
    "length": [
      144.36404418945312,
      205.8251495361328
    ],
    "angle": 91.49269104003906
  },
  "2": {
    "class_id": 2,
    "centroid": [
      292.1316833496094,
      152.74005126953125
    ],
    "length": [
      98.65402221679688,
      130.0474395751953
    ],
    "angle": 95.31423950195312
  },
  "global_mov": [
    272.3487708270635,
    139.5516170834799
  ]
}