{
  "1": {
    "class_id": 1,
    "centroid": [
      266.05413818359375,
      142.0735626220703
    ],
    "length": [
      148.52272033691406,
      211.00303649902344
    ],
    "angle": 90.78435516357422
  },
  "2": {
    "class_id": 2,
    "centroid": [
      270.0215148925781,
      143.4579315185547
    ],
    "length": [
      102.36200714111328,
      131.8595733642578
    ],
    "angle": 92.94155883789062
  },
  "global_mov": [
    250.79801425425265,
    132.88255670906466
  ]
}