{
  "1": {
    "class_id": 1,
    "centroid": [
      281.64764404296875,
      138.34613037109375
    ],
    "length": [
      144.45407104492188,
      204.61961364746094
    ],
    "angle": 92.69709014892578
  },
  "2": {
    "class_id": 2,
    "centroid": [
      281.578369140625,
      138.78648376464844
    ],
    "length": [
      96.04169464111328,
      130.10557556152344
    ],
    "angle": 92.88020324707031
  },
  "global_mov": [
    257.111282851705,
    116.99494968724774
  ]
}