{
  "1": {
    "class_id": 1,
    "centroid": [
      264.3330993652344,
      160.83946228027344
    ],
    "length": [
      145.43472290039062,
      209.68270874023438
    ],
    "angle": 92.14750671386719
  },
  "2": {
    "class_id": 2,
    "centroid": [
      267.9730529785156,
      161.34556579589844
    ],
    "length": [
      99.40681457519531,
      131.3943634033203
    ],
    "angle": 94.81243896484375
  },
  "global_mov": [
    262.89348429816465,
    137.82823690070597
  ]
}