{
  "1": {
    "class_id": 1,
    "centroid": [
      277.4303894042969,
      142.95945739746094
    ],
    "length": [
      135.1106719970703,
      196.4620819091797
    ],
    "angle": 89.65632629394531
  },
  "2": {
    "class_id": 2,
    "centroid": [
      279.0768737792969,
      143.30577087402344
    ],
    "length": [
      98.7372817993164,
      128.5421142578125
    ],
    "angle": 90.255615234375
  },
  "global_mov": [
    264.8289766908117,
    133.13097102129777
  ]
}