{
  "1": {
    "class_id": 1,
    "centroid": [
      296.745361328125,
      155.01956176757812
    ],
    "length": [
      149.66139221191406,
      211.10794067382812
    ],
    "angle": 90.23442077636719
  },
  "2": {
    "class_id": 2,
    "centroid": [
      298.6695861816406,
      156.20372009277344
    ],
    "length": [
      101.71411895751953,
      132.00831604003906
    ],
    "angle": 94.05036926269531
  },
  "global_mov": [
    276.1125870122938,
    148.00494508003342
  ]
}