{
  "1": {
    "class_id": 1,
    "centroid": [
      287.4154052734375,
      172.77333068847656
    ],
    "length": [
      140.66090393066406,
      210.51132202148438
    ],
    "angle": 94.41342163085938
  },
  "2": {
    "class_id": 2,
    "centroid": [
      290.19683837890625,
      171.94119262695312
    ],
    "length": [
      93.56204986572266,
      132.1272735595703
    ],
    "angle": 93.34910583496094
  },
  "global_mov": [
    250.49377979409107,
    121.86650810239227
  ]
}