{
  "1": {
    "class_id": 1,
    "centroid": [
      298.33782958984375,
      158.5845947265625
    ],
    "length": [
      151.193115234375,
      209.25418090820312
    ],
    "angle": 90.40634155273438
  },
  "2": {
    "class_id": 2,
    "centroid": [
      300.6094055175781,
      159.55686950683594
    ],
    "length": [
      101.60071563720703,
      132.58645629882812
    ],
    "angle": 94.16301727294922
  },
  "global_mov": [
    276.0442667480401,
    149.62237732072
  ]
}