{
  "1": {
    "class_id": 1,
    "centroid": [
      308.3432922363281,
      151.9122314453125
    ],
    "length": [
      146.9897003173828,
      208.21578979492188
    ],
    "angle": 89.94803619384766
  },
  "2": {
    "class_id": 2,
    "centroid": [
      308.5733947753906,
      153.1199493408203
    ],
    "length": [
      99.0641860961914,
      131.43849182128906
    ],
    "angle": 94.0691909790039
  },
  "global_mov": [
    270.3294503293504,
    143.72776532311616
  ]
}