{
  "1": {
    "class_id": 1,
    "centroid": [
      291.0730285644531,
      152.2631072998047
    ],
    "length": [
      145.02078247070312,
      205.80101013183594
    ],
    "angle": 91.50737762451172
  },
  "2": {
    "class_id": 2,
    "centroid": [
      292.3513488769531,
      153.3272247314453
    ],
    "length": [
      98.90142059326172,
      130.27294921875
    ],
    "angle": 95.8694076538086
  },
  "global_mov": [
    270.33352953422576,
    141.32476848870283
  ]
}