{
  "1": {
    "class_id": 1,
    "centroid": [
      290.2373352050781,
      137.6156005859375
    ],
    "length": [
      130.37171936035156,
      194.5259552001953
    ],
    "angle": 90.6200942993164
  },
  "2": {
    "class_id": 2,
    "centroid": [
      292.17816162109375,
      136.0083465576172
    ],
    "length": [
      89.58699798583984,
      130.0552520751953
    ],
    "angle": 97.48748779296875
  },
  "global_mov": [
    258.8523865313255,
    121.48943570163486
  ]
}