{
  "1": {
    "class_id": 1,
    "centroid": [
      285.2344665527344,
      178.63702392578125
    ],
    "length": [
      141.60113525390625,
      210.37533569335938
    ],
    "angle": 93.69281005859375
  },
  "2": {
    "class_id": 2,
    "centroid": [
      288.4909973144531,
      178.7317657470703
    ],
    "length": [
      94.83053588867188,
      136.39694213867188
    ],
    "angle": 93.75243377685547
  },
  "global_mov": [
    255.23932501804822,
    135.61863873411033
  ]
}