{
  "1": {
    "class_id": 1,
    "centroid": [
      278.6608581542969,
      184.02655029296875
    ],
    "length": [
      142.20144653320312,
      210.10693359375
    ],
    "angle": 93.04953002929688
  },
  "2": {
    "class_id": 2,
    "centroid": [
      281.5596008300781,
      184.1274871826172
    ],
    "length": [
      96.14682006835938,
      133.28485107421875
    ],
    "angle": 94.07275390625
  },
  "global_mov": [
    256.6744528965764,
    137.45595535832896
  ]
}