{
  "1": {
    "class_id": 1,
    "centroid": [
      278.5838928222656,
      137.79458618164062
    ],
    "length": [
      136.53887939453125,
      195.59300231933594
    ],
    "angle": 89.0120620727539
  },
  "2": {
    "class_id": 2,
    "centroid": [
      278.754150390625,
      139.40469360351562
    ],
    "length": [
      99.8265609741211,
      131.81387329101562
    ],
    "angle": 88.57450103759766
  },
  "global_mov": [
    263.9068016457114,
    128.786054283299
  ]
}