{
  "1": {
    "class_id": 1,
    "centroid": [
      303.2418518066406,
      151.1793975830078
    ],
    "length": [
      146.23846435546875,
      208.22390747070312
    ],
    "angle": 89.89469909667969
  },
  "2": {
    "class_id": 2,
    "centroid": [
      303.4700622558594,
      152.3831787109375
    ],
    "length": [
      99.31377410888672,
      131.55335998535156
    ],
    "angle": 92.83770751953125
  },
  "global_mov": [
    274.41334866385944,
    137.6629407621036
  ]
}