{
  "1": {
    "class_id": 1,
    "centroid": [
      299.90484619140625,
      149.18389892578125
    ],
    "length": [
      144.4215087890625,
      222.17222595214844
    ],
    "angle": 87.1402816772461
  },
  "2": {
    "class_id": 2,
    "centroid": [
      303.55975341796875,
      149.8136444091797
    ],
    "length": [
      97.98237609863281,
      133.688720703125
    ],
    "angle": 93.31719970703125
  },
  "global_mov": [
    265.35683394085794,
    138.1400727464688
  ]
}