{
  "1": {
    "class_id": 1,
    "centroid": [
      298.513916015625,
      146.91127014160156
    ],
    "length": [
      146.265625,
      207.31837463378906
    ],
    "angle": 90.83644104003906
  },
  "2": {
    "class_id": 2,
    "centroid": [
      299.711669921875,
      148.1610107421875
    ],
    "length": [
      98.67627716064453,
      131.54400634765625
    ],
    "angle": 94.84248352050781
  },
  "global_mov": [
    274.71199919089236,
    138.33865747984493
  ]
}