{
  "1": {
    "class_id": 1,
    "centroid": [
      275.65618896484375,
      183.30995178222656
    ],
    "length": [
      142.1349639892578,
      211.49119567871094
    ],
    "angle": 94.03239440917969
  },
  "2": {
    "class_id": 2,
    "centroid": [
      279.17254638671875,
      184.32421875
    ],
    "length": [
      96.92845916748047,
      134.59132385253906
    ],
    "angle": 94.26203918457031
  },
  "global_mov": [
    256.3236575508847,
    137.7608109276141
  ]
}