{
  "1": {
    "class_id": 1,
    "centroid": [
      283.0738220214844,
      162.42144775390625
    ],
    "length": [
      131.4723358154297,
      191.75469970703125
    ],
    "angle": 91.6041259765625
  },
  "2": {
    "class_id": 2,
    "centroid": [
      289.9489440917969,
      161.2332763671875
    ],
    "length": [
      93.81794738769531,
      131.4498748779297
    ],
    "angle": 93.33549499511719
  },
  "global_mov": [
    273.0707171832172,
    144.31802150351567
  ]
}