{
  "1": {
    "class_id": 1,
    "centroid": [
      305.0203857421875,
      150.42529296875
    ],
    "length": [
      146.362548828125,
      207.5705108642578
    ],
    "angle": 90.18746185302734
  },
  "2": {
    "class_id": 2,
    "centroid": [
      305.5463562011719,
      151.81497192382812
    ],
    "length": [
      99.58722686767578,
      131.8331756591797
    ],
    "angle": 93.55827331542969
  },
  "global_mov": [
    275.50957369160307,
    137.06828497863373
  ]
}