{
  "1": {
    "class_id": 1,
    "centroid": [
      290.25750732421875,
      156.7097930908203
    ],
    "length": [
      144.271484375,
      206.7881622314453
    ],
    "angle": 91.58661651611328
  },
  "2": {
    "class_id": 2,
    "centroid": [
      291.04876708984375,
      157.93014526367188
    ],
    "length": [
      99.25554656982422,
      131.0131378173828
    ],
    "angle": 94.66558837890625
  },
  "global_mov": [
    262.0683624418664,
    140.90604155687888
  ]
}