{
  "1": {
    "class_id": 1,
    "centroid": [
      293.1039123535156,
      156.08673095703125
    ],
    "length": [
      143.51248168945312,
      206.4791717529297
    ],
    "angle": 91.9590835571289
  },
  "2": {
    "class_id": 2,
    "centroid": [
      294.1113586425781,
      156.9496612548828
    ],
    "length": [
      97.90985870361328,
      130.6177978515625
    ],
    "angle": 95.0124740600586
  },
  "global_mov": [
    256.7513957965364,
    138.9257957802855
  ]
}