{
  "1": {
    "class_id": 1,
    "centroid": [
      303.4930114746094,
      162.18829345703125
    ],
    "length": [
      135.47589111328125,
      195.83050537109375
    ],
    "angle": 91.58272552490234
  },
  "2": {
    "class_id": 2,
    "centroid": [
      305.1949768066406,
      162.7823028564453
    ],
    "length": [
      98.75394439697266,
      134.275146484375
    ],
    "angle": 92.6614761352539
  },
  "global_mov": [
    275.21290314947987,
    144.77893606359967
  ]
}