{
  "1": {
    "class_id": 1,
    "centroid": [
      298.298095703125,
      143.69143676757812
    ],
    "length": [
      134.68743896484375,
      197.4165802001953
    ],
    "angle": 90.32984924316406
  },
  "2": {
    "class_id": 2,
    "centroid": [
      296.4095153808594,
      142.30081176757812
    ],
    "length": [
      95.3863754272461,
      127.8934555053711
    ],
    "angle": 85.126708984375
  },
  "global_mov": [
    273.3529722730356,
    133.93341322087568
  ]
}