{
  "1": {
    "class_id": 1,
    "centroid": [
      288.9369812011719,
      175.25146484375
    ],
    "length": [
      137.60763549804688,
      215.8890380859375
    ],
    "angle": 91.69982147216797
  },
  "2": {
    "class_id": 2,
    "centroid": [
      291.86834716796875,
      178.7867431640625
    ],
    "length": [
      94.96322631835938,
      134.656494140625
    ],
    "angle": 95.82268524169922
  },
  "global_mov": [
    254.2264727623913,
    138.18513664707157
  ]
}