{
  "1": {
    "class_id": 1,
    "centroid": [
      284.3887023925781,
      181.84182739257812
    ],
    "length": [
      142.86001586914062,
      210.99754333496094
    ],
    "angle": 92.93221282958984
  },
  "2": {
    "class_id": 2,
    "centroid": [
      287.5937194824219,
      182.47280883789062
    ],
    "length": [
      97.62935638427734,
      134.98292541503906
    ],
    "angle": 94.14108276367188
  },
  "global_mov": [
    261.5937170767378,
    136.55351886366518
  ]
}