{
  "1": {
    "class_id": 1,
    "centroid": [
      279.66644287109375,
      140.57711791992188
    ],
    "length": [
      145.2935333251953,
      203.61996459960938
    ],
    "angle": 92.10530853271484
  },
  "2": {
    "class_id": 2,
    "centroid": [
      279.3810729980469,
      140.98001098632812
    ],
    "length": [
      96.39698791503906,
      128.90042114257812
    ],
    "angle": 93.26753234863281
  },
  "global_mov": [
    255.99785012470943,
    120.17581552501368
  ]
}