{
  "1": {
    "class_id": 1,
    "centroid": [
      290.3417663574219,
      176.4176483154297
    ],
    "length": [
      142.77320861816406,
      211.10977172851562
    ],
    "angle": 94.43569946289062
  },
  "2": {
    "class_id": 2,
    "centroid": [
      293.0260925292969,
      175.306884765625
    ],
    "length": [
      95.37400817871094,
      131.80526733398438
    ],
    "angle": 95.07723999023438
  },
  "global_mov": [
    259.28032645155014,
    128.794107092108
  ]
}