{
  "1": {
    "class_id": 1,
    "centroid": [
      286.23748779296875,
      153.34706115722656
    ],
    "length": [
      142.6460723876953,
      211.40762329101562
    ],
    "angle": 91.31813049316406
  },
  "2": {
    "class_id": 2,
    "centroid": [
      290.8633728027344,
      154.38436889648438
    ],
    "length": [
      97.03099060058594,
      133.4317169189453
    ],
    "angle": 92.82447052001953
  },
  "global_mov": [
    268.57243804336383,
    133.48996816068274
  ]
}