{
  "1": {
    "class_id": 1,
    "centroid": [
      302.0451354980469,
      151.02294921875
    ],
    "length": [
      149.97000122070312,
      213.5296173095703
    ],
    "angle": 91.00764465332031
  },
  "2": {
    "class_id": 2,
    "centroid": [
      306.8379211425781,
      152.46762084960938
    ],
    "length": [
      100.67748260498047,
      134.04425048828125
    ],
    "angle": 93.5610580444336
  },
  "global_mov": [
    261.03787000568286,
    139.34320794166925
  ],
  "4": {
    "class_id": "slit knife",
    "tip": [
      258.2500010684825,
      220.2499989315175
    ],
    "length": 115.96551513671875,
    "angle": 45.0
  }
}