{
  "1": {
    "class_id": 1,
    "centroid": [
      310.4454345703125,
      141.03485107421875
    ],
    "length": [
      137.71652221679688,
      199.64117431640625
    ],
    "angle": 86.7892074584961
  },
  "2": {
    "class_id": 2,
    "centroid": [
      310.6986083984375,
      143.42022705078125
    ],
    "length": [
      102.01539611816406,
      129.89768981933594
    ],
    "angle": 96.37397003173828
  },
  "global_mov": [
    264.88003329316945,
    147.1579139596066
  ]
}