{
  "1": {
    "class_id": 1,
    "centroid": [
      295.3100280761719,
      162.32516479492188
    ],
    "length": [
      137.68771362304688,
      196.3168487548828
    ],
    "angle": 91.23845672607422
  },
  "2": {
    "class_id": 2,
    "centroid": [
      296.1496887207031,
      162.07244873046875
    ],
    "length": [
      99.04202270507812,
      131.93482971191406
    ],
    "angle": 87.76730346679688
  },
  "global_mov": [
    267.7700444126679,
    152.09449899963147
  ]
}