{
  "1": {
    "class_id": 1,
    "centroid": [
      287.64007568359375,
      155.7932891845703
    ],
    "length": [
      145.03053283691406,
      212.75900268554688
    ],
    "angle": 92.60652160644531
  },
  "2": {
    "class_id": 2,
    "centroid": [
      291.85711669921875,
      156.83531188964844
    ],
    "length": [
      100.98162841796875,
      134.13340759277344
    ],
    "angle": 95.83202362060547
  },
  "global_mov": [
    271.34347478610596,
    132.2427816188731
  ]
}