{
  "1": {
    "class_id": 1,
    "centroid": [
      295.8662109375,
      143.72000122070312
    ],
    "length": [
      135.4315948486328,
      196.1331787109375
    ],
    "angle": 87.57014465332031
  },
  "2": {
    "class_id": 2,
    "centroid": [
      301.4654846191406,
      143.45620727539062
    ],
    "length": [
      96.10786437988281,
      133.9174346923828
    ],
    "angle": 83.02360534667969
  },
  "global_mov": [
    275.95711164902076,
    140.7871441663028
  ]
}