{
  "1": {
    "class_id": 1,
    "centroid": [
      389.13787841796875,
      121.80834197998047
    ],
    "length": [
      149.34193420410156,
      214.5511016845703
    ],
    "angle": 88.69622802734375
  },
  "2": {
    "class_id": 2,
    "centroid": [
      389.5553283691406,
      122.49598693847656
    ],
    "length": [
      101.5134048461914,
      134.19110107421875
    ],
    "angle": 88.97543334960938
  },
  "global_mov": [
    283.46397908528644,
    115.64475886027019
  ]
}