{
  "1": {
    "class_id": 1,
    "centroid": [
      295.8249206542969,
      153.72332763671875
    ],
    "length": [
      151.97769165039062,
      214.2093963623047
    ],
    "angle": 91.14093017578125
  },
  "2": {
    "class_id": 2,
    "centroid": [
      301.54791259765625,
      153.5226593017578
    ],
    "length": [
      99.31596374511719,
      132.7458953857422
    ],
    "angle": 93.49729919433594
  },
  "global_mov": [
    259.1647996234409,
    134.71929192356353
  ],
  "4": {
    "class_id": "slit knife",
    "tip": [
      241.9870955825554,
      255.9139850185334
    ],
    "length": 66.93527221679688,
    "angle": 47.20260238647461
  }
}