{
  "1": {
    "class_id": 1,
    "centroid": [
      297.67901611328125,
      147.73001098632812
    ],
    "length": [
      145.88632202148438,
      206.98812866210938
    ],
    "angle": 91.01292419433594
  },
  "2": {
    "class_id": 2,
    "centroid": [
      298.3987121582031,
      148.74407958984375
    ],
    "length": [
      99.4073486328125,
      131.1519317626953
    ],
    "angle": 94.02792358398438
  },
  "global_mov": [
    273.25479797326284,
    138.21192524265584
  ]
}