{
  "1": {
    "class_id": 1,
    "centroid": [
      304.3973693847656,
      138.0740203857422
    ],
    "length": [
      137.1468505859375,
      196.72760009765625
    ],
    "angle": 86.93347930908203
  },
  "2": {
    "class_id": 2,
    "centroid": [
      303.6352233886719,
      142.884765625
    ],
    "length": [
      100.60272216796875,
      124.23414611816406
    ],
    "angle": 92.39311218261719
  },
  "global_mov": [
    276.43232028900286,
    148.83266776818917
  ]
}