{
  "1": {
    "class_id": 1,
    "centroid": [
      302.49456787109375,
      170.17579650878906
    ],
    "length": [
      143.58712768554688,
      212.07472229003906
    ],
    "angle": 93.68451690673828
  },
  "2": {
    "class_id": 2,
    "centroid": [
      305.029541015625,
      170.08851623535156
    ],
    "length": [
      96.21817016601562,
      133.4454803466797
    ],
    "angle": 95.24288177490234
  },
  "global_mov": [
    270.654647486416,
    132.23490750761104
  ]
}