{
  "1": {
    "class_id": 1,
    "centroid": [
      305.6086730957031,
      140.4189910888672
    ],
    "length": [
      137.43560791015625,
      196.7069854736328
    ],
    "angle": 86.29059600830078
  },
  "2": {
    "class_id": 2,
    "centroid": [
      305.62774658203125,
      142.96633911132812
    ],
    "length": [
      104.7540054321289,
      127.72492218017578
    ],
    "angle": 91.19802856445312
  },
  "global_mov": [
    281.4558924567771,
    154.83087170923017
  ]
}