{
  "1": {
    "class_id": 1,
    "centroid": [
      299.6317138671875,
      156.2993927001953
    ],
    "length": [
      147.2960205078125,
      209.55938720703125
    ],
    "angle": 90.37164306640625
  },
  "2": {
    "class_id": 2,
    "centroid": [
      304.7474060058594,
      157.69635009765625
    ],
    "length": [
      108.81069946289062,
      140.98704528808594
    ],
    "angle": 91.8827896118164
  },
  "global_mov": [
    267.6381373751035,
    151.7545624971508
  ]
}