{
  "1": {
    "class_id": 1,
    "centroid": [
      280.8934020996094,
      179.96868896484375
    ],
    "length": [
      139.78659057617188,
      209.4556427001953
    ],
    "angle": 94.15547180175781
  },
  "2": {
    "class_id": 2,
    "centroid": [
      283.6217041015625,
      180.5660400390625
    ],
    "length": [
      95.39119720458984,
      135.20652770996094
    ],
    "angle": 94.05026245117188
  },
  "global_mov": [
    255.6989611525686,
    134.96952001278547
  ]
}