{
  "1": {
    "class_id": 1,
    "centroid": [
      279.3079833984375,
      148.40655517578125
    ],
    "length": [
      132.71420288085938,
      194.24850463867188
    ],
    "angle": 88.06867218017578
  },
  "2": {
    "class_id": 2,
    "centroid": [
      283.2859802246094,
      149.31761169433594
    ],
    "length": [
      97.14718627929688,
      133.40924072265625
    ],
    "angle": 80.359130859375
  },
  "global_mov": [
    259.75285237096153,
    142.8517431385374
  ]
}