{
  "1": {
    "class_id": 1,
    "centroid": [
      303.63970947265625,
      149.07228088378906
    ],
    "length": [
      149.4116973876953,
      213.7621307373047
    ],
    "angle": 91.61444854736328
  },
  "2": {
    "class_id": 2,
    "centroid": [
      308.3319396972656,
      150.50709533691406
    ],
    "length": [
      100.99664306640625,
      134.66615295410156
    ],
    "angle": 93.25341796875
  },
  "global_mov": [
    258.79280442728924,
    138.97548447580593
  ],
  "4": {
    "class_id": "slit knife",
    "tip": [
      260.5000112015121,
      213.50000405727695
    ],
    "length": 123.7436752319336,
    "angle": 45.0
  }
}