{
  "1": {
    "class_id": 1,
    "centroid": [
      263.2080993652344,
      160.21861267089844
    ],
    "length": [
      129.66146850585938,
      191.99880981445312
    ],
    "angle": 94.300048828125
  },
  "2": {
    "class_id": 2,
    "centroid": [
      268.8629455566406,
      160.26063537597656
    ],
    "length": [
      95.97700500488281,
      131.83900451660156
    ],
    "angle": 92.10600280761719
  },
  "global_mov": [
    257.88820580241963,
    144.50774507222548
  ]
}