{
  "1": {
    "class_id": 1,
    "centroid": [
      281.78887939453125,
      140.88787841796875
    ],
    "length": [
      145.4984588623047,
      205.3129425048828
    ],
    "angle": 91.48259735107422
  },
  "2": {
    "class_id": 2,
    "centroid": [
      281.8087158203125,
      141.08724975585938
    ],
    "length": [
      96.3781967163086,
      130.7928009033203
    ],
    "angle": 91.88269805908203
  },
  "global_mov": [
    260.2052638194777,
    124.64480293106908
  ]
}