{
  "1": {
    "class_id": 1,
    "centroid": [
      276.3321838378906,
      182.63223266601562
    ],
    "length": [
      141.8938751220703,
      210.06326293945312
    ],
    "angle": 94.05203247070312
  },
  "2": {
    "class_id": 2,
    "centroid": [
      279.6700744628906,
      182.6833038330078
    ],
    "length": [
      95.54580688476562,
      134.32716369628906
    ],
    "angle": 94.32747650146484
  },
  "global_mov": [
    256.7201128115807,
    136.75128776259524
  ]
}