{
  "1": {
    "class_id": 1,
    "centroid": [
      282.55596923828125,
      182.1351318359375
    ],
    "length": [
      142.32054138183594,
      212.1980743408203
    ],
    "angle": 92.63775634765625
  },
  "2": {
    "class_id": 2,
    "centroid": [
      285.7586364746094,
      182.72091674804688
    ],
    "length": [
      96.14937591552734,
      134.94003295898438
    ],
    "angle": 93.23872375488281
  },
  "global_mov": [
    259.7080726594369,
    137.17637005821544
  ]
}