{
  "1": {
    "class_id": 1,
    "centroid": [
      304.8218994140625,
      139.7627410888672
    ],
    "length": [
      136.41317749023438,
      197.4606170654297
    ],
    "angle": 87.09049987792969
  },
  "2": {
    "class_id": 2,
    "centroid": [
      304.67791748046875,
      143.24598693847656
    ],
    "length": [
      99.03804779052734,
      125.99742889404297
    ],
    "angle": 87.86288452148438
  },
  "global_mov": [
    276.89993858423145,
    143.93370572526894
  ]
}