{
  "1": {
    "class_id": 1,
    "centroid": [
      295.8666687011719,
      148.85731506347656
    ],
    "length": [
      135.4105224609375,
      194.89288330078125
    ],
    "angle": 90.26429748535156
  },
  "2": {
    "class_id": 2,
    "centroid": [
      297.36236572265625,
      147.6868438720703
    ],
    "length": [
      96.16789245605469,
      133.24649047851562
    ],
    "angle": 95.70126342773438
  },
  "global_mov": [
    272.3043853999573,
    142.54553320830178
  ]
}