{
  "1": {
    "class_id": 1,
    "centroid": [
      295.9366455078125,
      164.20867919921875
    ],
    "length": [
      149.34268188476562,
      211.48388671875
    ],
    "angle": 91.34693145751953
  },
  "2": {
    "class_id": 2,
    "centroid": [
      297.9460144042969,
      165.66671752929688
    ],
    "length": [
      102.86203002929688,
      133.19386291503906
    ],
    "angle": 94.86708068847656
  },
  "global_mov": [
    268.04281076798696,
    149.3739534382192
  ]
}