{
  "1": {
    "class_id": 1,
    "centroid": [
      300.8775329589844,
      151.2707061767578
    ],
    "length": [
      146.62237548828125,
      207.7934112548828
    ],
    "angle": 89.5917739868164
  },
  "2": {
    "class_id": 2,
    "centroid": [
      301.4421691894531,
      152.8357696533203
    ],
    "length": [
      97.92015075683594,
      130.72459411621094
    ],
    "angle": 93.30194091796875
  },
  "global_mov": [
    272.33091978667136,
    137.91421036504735
  ]
}