{
  "1": {
    "class_id": 1,
    "centroid": [
      281.1744079589844,
      185.17941284179688
    ],
    "length": [
      142.4171142578125,
      210.40892028808594
    ],
    "angle": 93.2916488647461
  },
  "2": {
    "class_id": 2,
    "centroid": [
      284.6524353027344,
      185.51808166503906
    ],
    "length": [
      96.28276824951172,
      133.51295471191406
    ],
    "angle": 94.48604583740234
  },
  "global_mov": [
    258.23386728008944,
    138.2273875464738
  ]
}