{
  "1": {
    "class_id": 1,
    "centroid": [
      285.83892822265625,
      179.91090393066406
    ],
    "length": [
      144.41848754882812,
      211.72125244140625
    ],
    "angle": 93.12108612060547
  },
  "2": {
    "class_id": 2,
    "centroid": [
      290.5500793457031,
      181.22677612304688
    ],
    "length": [
      98.92530822753906,
      133.95529174804688
    ],
    "angle": 94.01164245605469
  },
  "global_mov": [
    261.04028229681734,
    139.09288103341294
  ]
}