{
  "1": {
    "class_id": 1,
    "centroid": [
      292.2850646972656,
      160.95889282226562
    ],
    "length": [
      130.88011169433594,
      198.3311309814453
    ],
    "angle": 89.72869873046875
  },
  "2": {
    "class_id": 2,
    "centroid": [
      295.1676330566406,
      159.7374725341797
    ],
    "length": [
      96.3908920288086,
      136.92396545410156
    ],
    "angle": 83.7468490600586
  },
  "global_mov": [
    261.58717455802565,
    143.24778090329974
  ]
}