{
  "1": {
    "class_id": 1,
    "centroid": [
      282.35430908203125,
      153.6789093017578
    ],
    "length": [
      133.93858337402344,
      196.9972381591797
    ],
    "angle": 91.55741882324219
  },
  "2": {
    "class_id": 2,
    "centroid": [
      283.0562744140625,
      153.2782440185547
    ],
    "length": [
      97.47232055664062,
      127.56734466552734
    ],
    "angle": 85.0033950805664
  },
  "global_mov": [
    264.5652160524611,
    133.11989823624953
  ]
}