{
  "1": {
    "class_id": 1,
    "centroid": [
      281.337890625,
      184.49652099609375
    ],
    "length": [
      142.6150360107422,
      209.19761657714844
    ],
    "angle": 93.70391845703125
  },
  "2": {
    "class_id": 2,
    "centroid": [
      285.0835266113281,
      184.66941833496094
    ],
    "length": [
      95.9754638671875,
      133.84036254882812
    ],
    "angle": 94.58562469482422
  },
  "global_mov": [
    260.60809276518944,
    138.2758315533048
  ]
}