{
  "1": {
    "class_id": 1,
    "centroid": [
      284.716064453125,
      144.4793243408203
    ],
    "length": [
      134.34898376464844,
      193.77650451660156
    ],
    "angle": 87.82223510742188
  },
  "2": {
    "class_id": 2,
    "centroid": [
      290.65234375,
      143.2079620361328
    ],
    "length": [
      95.40072631835938,
      130.90792846679688
    ],
    "angle": 87.88158416748047
  },
  "global_mov": [
    271.10256507314347,
    135.47597972151368
  ]
}