{
  "1": {
    "class_id": 1,
    "centroid": [
      279.51214599609375,
      141.710205078125
    ],
    "length": [
      144.80569458007812,
      204.28880310058594
    ],
    "angle": 92.1615982055664
  },
  "2": {
    "class_id": 2,
    "centroid": [
      278.9674072265625,
      142.65765380859375
    ],
    "length": [
      96.37450408935547,
      130.0966796875
    ],
    "angle": 93.33914184570312
  },
  "global_mov": [
    250.2100025822916,
    117.2841105130927
  ]
}