{
  "1": {
    "class_id": 1,
    "centroid": [
      281.5745544433594,
      137.65122985839844
    ],
    "length": [
      144.4464111328125,
      204.38595581054688
    ],
    "angle": 92.07231903076172
  },
  "2": {
    "class_id": 2,
    "centroid": [
      281.7685241699219,
      138.23036193847656
    ],
    "length": [
      95.80624389648438,
      131.65374755859375
    ],
    "angle": 91.64302825927734
  },
  "global_mov": [
    243.4091274031144,
    113.18179173399449
  ]
}