{
  "1": {
    "class_id": 1,
    "centroid": [
      305.79669189453125,
      152.9893341064453
    ],
    "length": [
      132.36891174316406,
      195.4015655517578
    ],
    "angle": 90.73734283447266
  },
  "2": {
    "class_id": 2,
    "centroid": [
      309.3626708984375,
      150.76220703125
    ],
    "length": [
      88.9627456665039,
      134.1044921875
    ],
    "angle": 91.56366729736328
  },
  "global_mov": [
    273.22232734231847,
    133.05420505667436
  ]
}