{
  "1": {
    "class_id": 1,
    "centroid": [
      309.69305419921875,
      148.71009826660156
    ],
    "length": [
      146.7127227783203,
      208.72752380371094
    ],
    "angle": 88.53377532958984
  },
  "2": {
    "class_id": 2,
    "centroid": [
      310.54693603515625,
      149.82601928710938
    ],
    "length": [
      99.36094665527344,
      131.09983825683594
    ],
    "angle": 92.03056335449219
  },
  "global_mov": [
    256.6575553682746,
    136.08885498318304
  ]
}