{
  "1": {
    "class_id": 1,
    "centroid": [
      294.79473876953125,
      161.28663635253906
    ],
    "length": [
      144.5433807373047,
      206.98434448242188
    ],
    "angle": 91.53679656982422
  },
  "2": {
    "class_id": 2,
    "centroid": [
      295.3127746582031,
      162.49087524414062
    ],
    "length": [
      97.70967102050781,
      129.29144287109375
    ],
    "angle": 94.2789077758789
  },
  "global_mov": [
    252.8396241388092,
    141.9288122819448
  ]
}