{
  "1": {
    "class_id": 1,
    "centroid": [
      298.0937194824219,
      144.99728393554688
    ],
    "length": [
      134.65728759765625,
      193.8758544921875
    ],
    "angle": 91.13717651367188
  },
  "2": {
    "class_id": 2,
    "centroid": [
      296.8573913574219,
      145.76937866210938
    ],
    "length": [
      96.70855712890625,
      127.51590728759766
    ],
    "angle": 94.13438415527344
  },
  "global_mov": [
    274.56883246249384,
    130.76323061590998
  ]
}