{
  "1": {
    "class_id": 1,
    "centroid": [
      304.2750549316406,
      148.33102416992188
    ],
    "length": [
      135.9418182373047,
      197.16677856445312
    ],
    "angle": 87.56854248046875
  },
  "2": {
    "class_id": 2,
    "centroid": [
      304.9252014160156,
      152.5987091064453
    ],
    "length": [
      95.39999389648438,
      127.20262145996094
    ],
    "angle": 85.36844635009766
  },
  "global_mov": [
    281.70674508766456,
    144.78767414895512
  ]
}