{
  "1": {
    "class_id": 1,
    "centroid": [
      294.59442138671875,
      149.9847869873047
    ],
    "length": [
      146.2109832763672,
      208.05447387695312
    ],
    "angle": 91.13238525390625
  },
  "2": {
    "class_id": 2,
    "centroid": [
      295.46978759765625,
      150.69871520996094
    ],
    "length": [
      98.65283966064453,
      129.98403930664062
    ],
    "angle": 94.32788848876953
  },
  "global_mov": [
    258.5162186945125,
    136.7718297235626
  ]
}