{
  "1": {
    "class_id": 1,
    "centroid": [
      273.6548156738281,
      176.98573303222656
    ],
    "length": [
      141.61492919921875,
      209.06698608398438
    ],
    "angle": 95.19868469238281
  },
  "2": {
    "class_id": 2,
    "centroid": [
      276.8821716308594,
      177.1989288330078
    ],
    "length": [
      95.18440246582031,
      134.28273010253906
    ],
    "angle": 95.55670166015625
  },
  "global_mov": [
    252.49020572854207,
    132.59253786176524
  ]
}