{
  "1": {
    "class_id": 1,
    "centroid": [
      285.62530517578125,
      153.24069213867188
    ],
    "length": [
      146.9261474609375,
      209.0653839111328
    ],
    "angle": 90.39205169677734
  },
  "2": {
    "class_id": 2,
    "centroid": [
      289.2228088378906,
      155.00160217285156
    ],
    "length": [
      102.33450317382812,
      135.3477325439453
    ],
    "angle": 94.1826400756836
  },
  "global_mov": [
    268.5991895349793,
    138.6729139384501
  ]
}