{
  "1": {
    "class_id": 1,
    "centroid": [
      267.4801940917969,
      138.13720703125
    ],
    "length": [
      146.69427490234375,
      207.24160766601562
    ],
    "angle": 91.36327362060547
  },
  "2": {
    "class_id": 2,
    "centroid": [
      269.3294982910156,
      140.19554138183594
    ],
    "length": [
      101.56759643554688,
      130.38755798339844
    ],
    "angle": 93.32318115234375
  },
  "global_mov": [
    230.4330030586976,
    126.52541595293803
  ]
}