{
  "1": {
    "class_id": 1,
    "centroid": [
      293.4913024902344,
      149.5180206298828
    ],
    "length": [
      146.40573120117188,
      207.94920349121094
    ],
    "angle": 91.24146270751953
  },
  "2": {
    "class_id": 2,
    "centroid": [
      294.2849426269531,
      150.34738159179688
    ],
    "length": [
      98.74466705322266,
      131.1875457763672
    ],
    "angle": 93.54075622558594
  },
  "global_mov": [
    260.4107900484898,
    137.0408458120072
  ]
}