{
  "1": {
    "class_id": 1,
    "centroid": [
      282.7579040527344,
      175.8721923828125
    ],
    "length": [
      141.700439453125,
      211.27200317382812
    ],
    "angle": 93.16996765136719
  },
  "2": {
    "class_id": 2,
    "centroid": [
      285.84466552734375,
      176.17222595214844
    ],
    "length": [
      95.72761535644531,
      136.4970703125
    ],
    "angle": 93.96591186523438
  },
  "global_mov": [
    254.68872866964395,
    133.8768337657029
  ]
}