{
  "1": {
    "class_id": 1,
    "centroid": [
      310.193359375,
      149.72280883789062
    ],
    "length": [
      146.4064483642578,
      208.4490203857422
    ],
    "angle": 88.91785430908203
  },
  "2": {
    "class_id": 2,
    "centroid": [
      310.9704284667969,
      150.89024353027344
    ],
    "length": [
      99.44694519042969,
      131.14395141601562
    ],
    "angle": 92.11515808105469
  },
  "global_mov": [
    257.8029803959161,
    138.00182148728635
  ]
}