{
  "1": {
    "class_id": 1,
    "centroid": [
      295.12994384765625,
      130.14202880859375
    ],
    "length": [
      145.48739624023438,
      206.92555236816406
    ],
    "angle": 91.29736328125
  },
  "2": {
    "class_id": 2,
    "centroid": [
      295.6260070800781,
      129.48390197753906
    ],
    "length": [
      96.775390625,
      126.00054168701172
    ],
    "angle": 92.33767700195312
  },
  "global_mov": [
    263.9581052478577,
    118.63078231317898
  ]
}