{
  "1": {
    "class_id": 1,
    "centroid": [
      334.4632568359375,
      157.3388214111328
    ],
    "length": [
      147.83755493164062,
      206.9290771484375
    ],
    "angle": 90.6287612915039
  },
  "2": {
    "class_id": 2,
    "centroid": [
      335.9761962890625,
      158.5650634765625
    ],
    "length": [
      99.93013000488281,
      131.4709930419922
    ],
    "angle": 92.18955993652344
  },
  "global_mov": [
    266.11360516911975,
    128.3671073243464
  ]
}