{
  "1": {
    "class_id": 1,
    "centroid": [
      279.85748291015625,
      179.62258911132812
    ],
    "length": [
      144.0342559814453,
      211.00015258789062
    ],
    "angle": 92.0749282836914
  },
  "2": {
    "class_id": 2,
    "centroid": [
      284.1454772949219,
      179.1092071533203
    ],
    "length": [
      95.52315521240234,
      133.5618438720703
    ],
    "angle": 93.42032623291016
  },
  "global_mov": [
    257.3936227148762,
    137.92727979426178
  ]
}