{
  "1": {
    "class_id": 1,
    "centroid": [
      285.02020263671875,
      156.446533203125
    ],
    "length": [
      134.26385498046875,
      198.88079833984375
    ],
    "angle": 90.74639892578125
  },
  "2": {
    "class_id": 2,
    "centroid": [
      287.994384765625,
      156.03118896484375
    ],
    "length": [
      101.57275390625,
      139.3625030517578
    ],
    "angle": 85.41004180908203
  },
  "global_mov": [
    258.4335639976943,
    142.8778605011662
  ]
}