{
  "1": {
    "class_id": 1,
    "centroid": [
      235.192138671875,
      162.57321166992188
    ],
    "length": [
      149.5437469482422,
      210.2826690673828
    ],
    "angle": 91.29401397705078
  },
  "2": {
    "class_id": 2,
    "centroid": [
      236.46484375,
      164.50146484375
    ],
    "length": [
      101.67265319824219,
      130.4081573486328
    ],
    "angle": 94.97727966308594
  },
  "global_mov": [
    243.88429761347643,
    153.83056572403413
  ]
}