{
  "1": {
    "class_id": 1,
    "centroid": [
      304.50225830078125,
      149.22714233398438
    ],
    "length": [
      147.4716339111328,
      208.4101104736328
    ],
    "angle": 90.70845031738281
  },
  "2": {
    "class_id": 2,
    "centroid": [
      307.18701171875,
      150.21408081054688
    ],
    "length": [
      103.00798797607422,
      134.5994873046875
    ],
    "angle": 94.67992401123047
  },
  "global_mov": [
    278.4888083007057,
    137.56054010838957
  ]
}