{
  "1": {
    "class_id": 1,
    "centroid": [
      231.4659423828125,
      143.26861572265625
    ],
    "length": [
      144.70376586914062,
      208.7230682373047
    ],
    "angle": 92.22534942626953
  },
  "2": {
    "class_id": 2,
    "centroid": [
      235.7718505859375,
      144.872802734375
    ],
    "length": [
      99.9063720703125,
      131.01036071777344
    ],
    "angle": 91.15084075927734
  },
  "global_mov": [
    231.62252852848022,
    127.25218728444713
  ]
}