{
  "1": {
    "class_id": 1,
    "centroid": [
      303.7064208984375,
      150.0670928955078
    ],
    "length": [
      147.46893310546875,
      208.02687072753906
    ],
    "angle": 90.98639678955078
  },
  "2": {
    "class_id": 2,
    "centroid": [
      306.7807312011719,
      151.31365966796875
    ],
    "length": [
      104.20613861083984,
      133.87269592285156
    ],
    "angle": 94.00666046142578
  },
  "global_mov": [
    276.8521963059817,
    137.95094547544255
  ]
}