{
  "1": {
    "class_id": 1,
    "centroid": [
      280.97967529296875,
      180.45010375976562
    ],
    "length": [
      140.78318786621094,
      209.51988220214844
    ],
    "angle": 94.36460876464844
  },
  "2": {
    "class_id": 2,
    "centroid": [
      283.8869934082031,
      180.7241668701172
    ],
    "length": [
      95.77660369873047,
      135.30960083007812
    ],
    "angle": 94.12767028808594
  },
  "global_mov": [
    256.3586903210637,
    136.50649608933637
  ]
}