{
  "1": {
    "class_id": 1,
    "centroid": [
      296.4200134277344,
      163.21800231933594
    ],
    "length": [
      144.60098266601562,
      206.0812530517578
    ],
    "angle": 91.99134826660156
  },
  "2": {
    "class_id": 2,
    "centroid": [
      296.5490417480469,
      164.28976440429688
    ],
    "length": [
      98.0267105102539,
      129.0487518310547
    ],
    "angle": 95.66976928710938
  },
  "global_mov": [
    253.9028330995611,
    144.48975425061514
  ]
}