{
  "1": {
    "class_id": 1,
    "centroid": [
      300.7368469238281,
      141.89895629882812
    ],
    "length": [
      135.20579528808594,
      195.8437042236328
    ],
    "angle": 90.6326904296875
  },
  "2": {
    "class_id": 2,
    "centroid": [
      300.8538818359375,
      140.60684204101562
    ],
    "length": [
      94.3916015625,
      131.3076934814453
    ],
    "angle": 89.98445892333984
  },
  "global_mov": [
    277.8265931227297,
    131.53527617912218
  ]
}