{
  "1": {
    "class_id": 1,
    "centroid": [
      277.0091552734375,
      183.81468200683594
    ],
    "length": [
      142.0719451904297,
      210.04441833496094
    ],
    "angle": 94.90692901611328
  },
  "2": {
    "class_id": 2,
    "centroid": [
      282.3288269042969,
      182.20281982421875
    ],
    "length": [
      95.54043579101562,
      133.4199676513672
    ],
    "angle": 94.66207885742188
  },
  "global_mov": [
    256.5077905019643,
    141.29215805705005
  ]
}