{
  "1": {
    "class_id": 1,
    "centroid": [
      264.2355651855469,
      157.7410888671875
    ],
    "length": [
      145.53684997558594,
      209.63563537597656
    ],
    "angle": 91.8862533569336
  },
  "2": {
    "class_id": 2,
    "centroid": [
      267.65521240234375,
      158.07522583007812
    ],
    "length": [
      99.15263366699219,
      131.1807403564453
    ],
    "angle": 93.3586196899414
  },
  "global_mov": [
    265.5859458604009,
    135.06857690309693
  ]
}