{
  "1": {
    "class_id": 1,
    "centroid": [
      292.0950012207031,
      153.7252655029297
    ],
    "length": [
      145.38841247558594,
      208.14828491210938
    ],
    "angle": 90.35037994384766
  },
  "2": {
    "class_id": 2,
    "centroid": [
      293.68267822265625,
      154.41094970703125
    ],
    "length": [
      99.25811767578125,
      131.02296447753906
    ],
    "angle": 94.3333969116211
  },
  "global_mov": [
    261.34691505793336,
    142.28565509569464
  ]
}