{
  "1": {
    "class_id": 1,
    "centroid": [
      299.16510009765625,
      155.49786376953125
    ],
    "length": [
      149.8871612548828,
      214.87840270996094
    ],
    "angle": 90.99337005615234
  },
  "2": {
    "class_id": 2,
    "centroid": [
      304.25579833984375,
      155.6270751953125
    ],
    "length": [
      99.55758666992188,
      133.01686096191406
    ],
    "angle": 93.21199798583984
  },
  "global_mov": [
    261.5832078910062,
    137.60718265117103
  ],
  "4": {
    "class_id": "slit knife",
    "tip": [
      220.49999918138974,
      228.5000008186103
    ],
    "length": 103.94469451904297,
    "angle": 45.0
  }
}