{
  "1": {
    "class_id": 1,
    "centroid": [
      285.0746154785156,
      150.95140075683594
    ],
    "length": [
      134.6056671142578,
      193.2384490966797
    ],
    "angle": 87.71344757080078
  },
  "2": {
    "class_id": 2,
    "centroid": [
      284.8578796386719,
      155.0165252685547
    ],
    "length": [
      96.53398132324219,
      127.35635375976562
    ],
    "angle": 83.34569549560547
  },
  "global_mov": [
    283.0561965858233,
    147.26957326950537
  ]
}