{
  "1": {
    "class_id": 1,
    "centroid": [
      300.9848937988281,
      154.47901916503906
    ],
    "length": [
      147.09613037109375,
      211.40602111816406
    ],
    "angle": 90.5931396484375
  },
  "2": {
    "class_id": 2,
    "centroid": [
      305.6404724121094,
      155.94007873535156
    ],
    "length": [
      108.11080932617188,
      140.13096618652344
    ],
    "angle": 90.51934814453125
  },
  "global_mov": [
    268.58361827272023,
    150.11773357000462
  ]
}