{
  "1": {
    "class_id": 1,
    "centroid": [
      288.6127624511719,
      139.2361297607422
    ],
    "length": [
      150.11769104003906,
      210.87745666503906
    ],
    "angle": 91.65147399902344
  },
  "2": {
    "class_id": 2,
    "centroid": [
      292.7215576171875,
      140.19955444335938
    ],
    "length": [
      101.419921875,
      131.5489501953125
    ],
    "angle": 95.128662109375
  },
  "global_mov": [
    270.1679502830206,
    125.56231829894689
  ]
}