{
  "1": {
    "class_id": 1,
    "centroid": [
      292.0526123046875,
      169.1896514892578
    ],
    "length": [
      148.54736328125,
      211.58148193359375
    ],
    "angle": 91.52310943603516
  },
  "2": {
    "class_id": 2,
    "centroid": [
      294.2259826660156,
      171.0205078125
    ],
    "length": [
      101.95408630371094,
      132.3822784423828
    ],
    "angle": 95.7101821899414
  },
  "global_mov": [
    264.66271368126786,
    157.2464930904426
  ]
}