{
  "1": {
    "class_id": 1,
    "centroid": [
      289.7931213378906,
      153.00865173339844
    ],
    "length": [
      144.49026489257812,
      206.3778076171875
    ],
    "angle": 91.59751892089844
  },
  "2": {
    "class_id": 2,
    "centroid": [
      290.5267639160156,
      153.94105529785156
    ],
    "length": [
      99.10030364990234,
      130.57598876953125
    ],
    "angle": 94.48731994628906
  },
  "global_mov": [
    262.0523922751691,
    139.15652339010487
  ]
}