{
  "1": {
    "class_id": 1,
    "centroid": [
      282.6551513671875,
      143.2786407470703
    ],
    "length": [
      144.21990966796875,
      205.56942749023438
    ],
    "angle": 92.56490325927734
  },
  "2": {
    "class_id": 2,
    "centroid": [
      282.646240234375,
      143.73410034179688
    ],
    "length": [
      96.65364837646484,
      129.39260864257812
    ],
    "angle": 92.33812713623047
  },
  "global_mov": [
    257.95602540198416,
    121.85853037595594
  ]
}