{
  "1": {
    "class_id": 1,
    "centroid": [
      293.70233154296875,
      150.31813049316406
    ],
    "length": [
      144.69715881347656,
      207.21788024902344
    ],
    "angle": 91.07962036132812
  },
  "2": {
    "class_id": 2,
    "centroid": [
      294.5364685058594,
      151.60379028320312
    ],
    "length": [
      99.31198120117188,
      130.34312438964844
    ],
    "angle": 94.65556335449219
  },
  "global_mov": [
    266.9813871256552,
    139.71849470463167
  ]
}