{
  "1": {
    "class_id": 1,
    "centroid": [
      284.338134765625,
      160.9213409423828
    ],
    "length": [
      132.0340118408203,
      193.6990509033203
    ],
    "angle": 91.27072143554688
  },
  "2": {
    "class_id": 2,
    "centroid": [
      290.4820556640625,
      159.49151611328125
    ],
    "length": [
      92.48117065429688,
      132.70774841308594
    ],
    "angle": 93.1389389038086
  },
  "global_mov": [
    272.83224686070224,
    143.48138789269402
  ]
}