{
  "1": {
    "class_id": 1,
    "centroid": [
      278.6255187988281,
      154.63070678710938
    ],
    "length": [
      141.23260498046875,
      210.49282836914062
    ],
    "angle": 93.36959075927734
  },
  "2": {
    "class_id": 2,
    "centroid": [
      281.6683044433594,
      156.44906616210938
    ],
    "length": [
      98.25122833251953,
      134.18032836914062
    ],
    "angle": 95.55889129638672
  },
  "global_mov": [
    254.78999138282077,
    119.57958476164949
  ]
}