{
  "1": {
    "class_id": 1,
    "centroid": [
      301.8475341796875,
      143.1029815673828
    ],
    "length": [
      146.55068969726562,
      209.33615112304688
    ],
    "angle": 90.64458465576172
  },
  "2": {
    "class_id": 2,
    "centroid": [
      304.67108154296875,
      144.20254516601562
    ],
    "length": [
      100.12681579589844,
      135.1156005859375
    ],
    "angle": 92.84859466552734
  },
  "global_mov": [
    279.10812104617963,
    132.58749636505198
  ]
}