{
  "1": {
    "class_id": 1,
    "centroid": [
      310.0687561035156,
      148.03182983398438
    ],
    "length": [
      146.21337890625,
      208.16001892089844
    ],
    "angle": 88.84910583496094
  },
  "2": {
    "class_id": 2,
    "centroid": [
      310.3840637207031,
      149.4113311767578
    ],
    "length": [
      99.44127655029297,
      131.2494354248047
    ],
    "angle": 92.5174560546875
  },
  "global_mov": [
    271.33367092902125,
    137.52533996409505
  ]
}