{
  "1": {
    "class_id": 1,
    "centroid": [
      305.6888732910156,
      160.96383666992188
    ],
    "length": [
      148.6928253173828,
      210.0888214111328
    ],
    "angle": 91.24281311035156
  },
  "2": {
    "class_id": 2,
    "centroid": [
      307.5536193847656,
      162.45242309570312
    ],
    "length": [
      100.91094970703125,
      132.9659881591797
    ],
    "angle": 93.79830932617188
  },
  "global_mov": [
    265.1272176929024,
    141.3828020614894
  ]
}