{
  "1": {
    "class_id": 1,
    "centroid": [
      296.8854675292969,
      150.7381134033203
    ],
    "length": [
      145.41493225097656,
      206.0009765625
    ],
    "angle": 91.22528839111328
  },
  "2": {
    "class_id": 2,
    "centroid": [
      297.4065856933594,
      151.7256622314453
    ],
    "length": [
      98.67716217041016,
      131.09890747070312
    ],
    "angle": 95.25463104248047
  },
  "global_mov": [
    271.6450587525251,
    137.15280466425963
  ]
}