{
  "1": {
    "class_id": 1,
    "centroid": [
      282.7152404785156,
      181.1453857421875
    ],
    "length": [
      142.73526000976562,
      212.1302947998047
    ],
    "angle": 93.29943084716797
  },
  "2": {
    "class_id": 2,
    "centroid": [
      285.8177795410156,
      181.36709594726562
    ],
    "length": [
      95.67206573486328,
      133.83775329589844
    ],
    "angle": 93.5029296875
  },
  "global_mov": [
    259.24089759893246,
    136.96920481329354
  ]
}