{
  "1": {
    "class_id": 1,
    "centroid": [
      288.18475341796875,
      151.75283813476562
    ],
    "length": [
      147.2968292236328,
      210.00778198242188
    ],
    "angle": 90.43187713623047
  },
  "2": {
    "class_id": 2,
    "centroid": [
      291.79913330078125,
      152.99465942382812
    ],
    "length": [
      102.65853118896484,
      135.0079803466797
    ],
    "angle": 94.59993743896484
  },
  "global_mov": [
    266.0364362243592,
    138.57839971084434
  ]
}