{
  "1": {
    "class_id": 1,
    "centroid": [
      277.528076171875,
      183.85572814941406
    ],
    "length": [
      142.27125549316406,
      210.851806640625
    ],
    "angle": 94.5780029296875
  },
  "2": {
    "class_id": 2,
    "centroid": [
      281.3682861328125,
      184.2303009033203
    ],
    "length": [
      95.98661804199219,
      133.5147705078125
    ],
    "angle": 94.56805419921875
  },
  "global_mov": [
    257.56222262443384,
    137.51627914047802
  ]
}