{
  "1": {
    "class_id": 1,
    "centroid": [
      281.3316955566406,
      159.46897888183594
    ],
    "length": [
      131.3330535888672,
      196.68939208984375
    ],
    "angle": 90.44403839111328
  },
  "2": {
    "class_id": 2,
    "centroid": [
      284.4776611328125,
      159.32618713378906
    ],
    "length": [
      99.5184326171875,
      136.9775390625
    ],
    "angle": 85.01651000976562
  },
  "global_mov": [
    258.2771335811189,
    144.9583888711011
  ]
}