{
  "1": {
    "class_id": 1,
    "centroid": [
      283.58282470703125,
      154.71278381347656
    ],
    "length": [
      133.08709716796875,
      197.22779846191406
    ],
    "angle": 91.3154525756836
  },
  "2": {
    "class_id": 2,
    "centroid": [
      285.8992919921875,
      154.3900604248047
    ],
    "length": [
      95.86853790283203,
      131.24676513671875
    ],
    "angle": 88.5642318725586
  },
  "global_mov": [
    267.02354256416,
    133.3133619495993
  ]
}