{
  "1": {
    "class_id": 1,
    "centroid": [
      296.93353271484375,
      125.13516998291016
    ],
    "length": [
      135.83126831054688,
      194.72763061523438
    ],
    "angle": 88.54788970947266
  },
  "2": {
    "class_id": 2,
    "centroid": [
      296.24957275390625,
      121.84882354736328
    ],
    "length": [
      93.06998443603516,
      127.12667083740234
    ],
    "angle": 90.41020202636719
  },
  "global_mov": [
    268.0997843114408,
    125.14000281789896
  ]
}