{
  "1": {
    "class_id": 1,
    "centroid": [
      299.7078552246094,
      154.56788635253906
    ],
    "length": [
      131.03517150878906,
      194.56700134277344
    ],
    "angle": 92.10990905761719
  },
  "2": {
    "class_id": 2,
    "centroid": [
      302.85443115234375,
      151.94680786132812
    ],
    "length": [
      91.26220703125,
      136.8978729248047
    ],
    "angle": 92.49226379394531
  },
  "global_mov": [
    274.30461823190143,
    129.37117675593677
  ]
}