{
  "1": {
    "class_id": 1,
    "centroid": [
      301.4618225097656,
      153.7183380126953
    ],
    "length": [
      150.67628479003906,
      214.41934204101562
    ],
    "angle": 90.69386291503906
  },
  "2": {
    "class_id": 2,
    "centroid": [
      306.0238952636719,
      154.28753662109375
    ],
    "length": [
      100.8387451171875,
      134.15121459960938
    ],
    "angle": 93.39372253417969
  },
  "global_mov": [
    259.6617119422718,
    138.79489712317815
  ],
  "4": {
    "class_id": "slit knife",
    "tip": [
      252.25003050735685,
      222.2500305277994
    ],
    "length": 113.1370849609375,
    "angle": 45.0
  }
}