{
  "1": {
    "class_id": 1,
    "centroid": [
      280.896728515625,
      137.52261352539062
    ],
    "length": [
      143.81275939941406,
      204.78123474121094
    ],
    "angle": 91.52423095703125
  },
  "2": {
    "class_id": 2,
    "centroid": [
      281.13201904296875,
      137.95858764648438
    ],
    "length": [
      96.00521850585938,
      131.29168701171875
    ],
    "angle": 92.13868713378906
  },
  "global_mov": [
    243.15331633233833,
    113.51098290016519
  ]
}