{
  "1": {
    "class_id": 1,
    "centroid": [
      280.455322265625,
      179.69287109375
    ],
    "length": [
      139.9506072998047,
      209.24891662597656
    ],
    "angle": 93.88932800292969
  },
  "2": {
    "class_id": 2,
    "centroid": [
      282.95379638671875,
      180.26963806152344
    ],
    "length": [
      95.67920684814453,
      135.76828002929688
    ],
    "angle": 94.67854309082031
  },
  "global_mov": [
    255.18106578676665,
    134.76620427695204
  ]
}