{
  "1": {
    "class_id": 1,
    "centroid": [
      275.67486572265625,
      139.3840789794922
    ],
    "length": [
      138.0359649658203,
      197.6377716064453
    ],
    "angle": 90.14595031738281
  },
  "2": {
    "class_id": 2,
    "centroid": [
      276.4519348144531,
      140.39662170410156
    ],
    "length": [
      100.08988189697266,
      131.0249786376953
    ],
    "angle": 91.12110900878906
  },
  "global_mov": [
    261.88222585952826,
    129.99539089106784
  ]
}