{
  "1": {
    "class_id": 1,
    "centroid": [
      285.165283203125,
      140.9770050048828
    ],
    "length": [
      134.442626953125,
      191.85304260253906
    ],
    "angle": 90.5146484375
  },
  "2": {
    "class_id": 2,
    "centroid": [
      285.1895446777344,
      140.7754364013672
    ],
    "length": [
      100.37564086914062,
      133.12872314453125
    ],
    "angle": 81.02389526367188
  },
  "global_mov": [
    274.22218130628136,
    130.49571328946274
  ]
}