{
  "1": {
    "class_id": 1,
    "centroid": [
      273.3443603515625,
      158.35855102539062
    ],
    "length": [
      143.40853881835938,
      209.78172302246094
    ],
    "angle": 94.1867446899414
  },
  "2": {
    "class_id": 2,
    "centroid": [
      277.0299377441406,
      160.21148681640625
    ],
    "length": [
      98.6887435913086,
      133.4516143798828
    ],
    "angle": 95.19084167480469
  },
  "global_mov": [
    253.54608461498864,
    132.3321865492792
  ]
}