{
  "1": {
    "class_id": 1,
    "centroid": [
      292.73980712890625,
      167.49452209472656
    ],
    "length": [
      148.7697296142578,
      212.20321655273438
    ],
    "angle": 91.5125503540039
  },
  "2": {
    "class_id": 2,
    "centroid": [
      294.4194030761719,
      169.1365966796875
    ],
    "length": [
      102.544677734375,
      132.26324462890625
    ],
    "angle": 95.94526672363281
  },
  "global_mov": [
    262.8515690971495,
    154.39952847354928
  ]
}