{
  "1": {
    "class_id": 1,
    "centroid": [
      293.4779357910156,
      164.03016662597656
    ],
    "length": [
      135.65512084960938,
      196.74000549316406
    ],
    "angle": 91.41959381103516
  },
  "2": {
    "class_id": 2,
    "centroid": [
      296.42431640625,
      162.737548828125
    ],
    "length": [
      101.84750366210938,
      141.33729553222656
    ],
    "angle": 88.84548950195312
  },
  "global_mov": [
    265.02849128983024,
    152.03328680363856
  ]
}