{
  "1": {
    "class_id": 1,
    "centroid": [
      304.6402282714844,
      146.35813903808594
    ],
    "length": [
      148.27308654785156,
      208.3310089111328
    ],
    "angle": 90.20356750488281
  },
  "2": {
    "class_id": 2,
    "centroid": [
      307.9967041015625,
      147.5747528076172
    ],
    "length": [
      103.52279663085938,
      134.24139404296875
    ],
    "angle": 94.32916259765625
  },
  "global_mov": [
    278.7230611771552,
    135.3619489840129
  ]
}