{
  "1": {
    "class_id": 1,
    "centroid": [
      343.734130859375,
      135.02676391601562
    ],
    "length": [
      151.0004425048828,
      212.7291259765625
    ],
    "angle": 90.35025024414062
  },
  "2": {
    "class_id": 2,
    "centroid": [
      346.1146240234375,
      134.44647216796875
    ],
    "length": [
      100.01508331298828,
      135.59959411621094
    ],
    "angle": 92.50119018554688
  },
  "global_mov": [
    283.69349544641426,
    118.54529113785463
  ]
}