{
  "1": {
    "class_id": 1,
    "centroid": [
      282.4800109863281,
      150.980224609375
    ],
    "length": [
      133.8111114501953,
      195.2085418701172
    ],
    "angle": 89.29499816894531
  },
  "2": {
    "class_id": 2,
    "centroid": [
      289.3705749511719,
      149.4980926513672
    ],
    "length": [
      94.2337646484375,
      128.2362823486328
    ],
    "angle": 88.93228912353516
  },
  "global_mov": [
    268.8354581923586,
    137.2852505187768
  ]
}