{
  "1": {
    "class_id": 1,
    "centroid": [
      274.4082336425781,
      180.7737579345703
    ],
    "length": [
      139.981689453125,
      209.35348510742188
    ],
    "angle": 94.98431396484375
  },
  "2": {
    "class_id": 2,
    "centroid": [
      277.5349426269531,
      181.29612731933594
    ],
    "length": [
      94.09526824951172,
      134.62371826171875
    ],
    "angle": 95.28719329833984
  },
  "global_mov": [
    251.54456444012234,
    134.03598720837664
  ]
}