{
  "1": {
    "class_id": 1,
    "centroid": [
      300.66094970703125,
      158.85121154785156
    ],
    "length": [
      136.21572875976562,
      198.37249755859375
    ],
    "angle": 89.8444595336914
  },
  "2": {
    "class_id": 2,
    "centroid": [
      305.3274841308594,
      160.13235473632812
    ],
    "length": [
      106.74162292480469,
      139.8870086669922
    ],
    "angle": 91.07611846923828
  },
  "global_mov": [
    270.42189098386973,
    153.42344689072624
  ]
}