{
  "1": {
    "class_id": 1,
    "centroid": [
      283.8730163574219,
      141.84677124023438
    ],
    "length": [
      150.05821228027344,
      210.29449462890625
    ],
    "angle": 91.67489624023438
  },
  "2": {
    "class_id": 2,
    "centroid": [
      287.3289794921875,
      142.98898315429688
    ],
    "length": [
      101.37826538085938,
      131.0722198486328
    ],
    "angle": 95.46611022949219
  },
  "global_mov": [
    264.4919132532363,
    128.5711333091143
  ]
}