{
  "1": {
    "class_id": 1,
    "centroid": [
      287.3469543457031,
      129.1245880126953
    ],
    "length": [
      150.37420654296875,
      209.55303955078125
    ],
    "angle": 89.4576187133789
  },
  "2": {
    "class_id": 2,
    "centroid": [
      290.8360595703125,
      129.7315673828125
    ],
    "length": [
      101.56362915039062,
      132.44151306152344
    ],
    "angle": 92.93327331542969
  },
  "global_mov": [
    267.8656376056346,
    128.40873444853983
  ]
}