{
  "1": {
    "class_id": 1,
    "centroid": [
      277.6160888671875,
      183.27032470703125
    ],
    "length": [
      142.1598358154297,
      211.45286560058594
    ],
    "angle": 93.92296600341797
  },
  "2": {
    "class_id": 2,
    "centroid": [
      281.14068603515625,
      183.5176239013672
    ],
    "length": [
      96.87627410888672,
      133.23338317871094
    ],
    "angle": 94.63009643554688
  },
  "global_mov": [
    256.879268311379,
    137.86310719480605
  ]
}