{
  "1": {
    "class_id": 1,
    "centroid": [
      303.1390075683594,
      122.1380615234375
    ],
    "length": [
      133.8601837158203,
      196.49725341796875
    ],
    "angle": 87.41199493408203
  },
  "2": {
    "class_id": 2,
    "centroid": [
      303.5745849609375,
      122.76309204101562
    ],
    "length": [
      91.85832214355469,
      119.70684051513672
    ],
    "angle": 84.82548522949219
  },
  "global_mov": [
    262.12564783133575,
    119.42857272727422
  ]
}