{
  "1": {
    "class_id": 1,
    "centroid": [
      321.0016174316406,
      142.52423095703125
    ],
    "length": [
      137.74859619140625,
      201.7089080810547
    ],
    "angle": 87.7383804321289
  },
  "2": {
    "class_id": 2,
    "centroid": [
      323.4860534667969,
      143.5440673828125
    ],
    "length": [
      103.56774139404297,
      131.64291381835938
    ],
    "angle": 88.66966247558594
  },
  "global_mov": [
    271.0793055341285,
    150.0502474456506
  ]
}