{
  "1": {
    "class_id": 1,
    "centroid": [
      297.9604187011719,
      169.5374298095703
    ],
    "length": [
      133.20745849609375,
      198.3870391845703
    ],
    "angle": 90.65196990966797
  },
  "2": {
    "class_id": 2,
    "centroid": [
      301.0210266113281,
      169.59783935546875
    ],
    "length": [
      98.85325622558594,
      134.7187957763672
    ],
    "angle": 90.11669921875
  },
  "global_mov": [
    279.55839229580147,
    151.5547061842364
  ]
}