{
  "1": {
    "class_id": 1,
    "centroid": [
      259.34075927734375,
      164.2997283935547
    ],
    "length": [
      128.56617736816406,
      189.10281372070312
    ],
    "angle": 95.02272033691406
  },
  "2": {
    "class_id": 2,
    "centroid": [
      264.9444274902344,
      164.67605590820312
    ],
    "length": [
      94.0958023071289,
      133.7830352783203
    ],
    "angle": 93.18315124511719
  },
  "global_mov": [
    258.8844460040628,
    144.9806324807506
  ]
}