{
  "1": {
    "class_id": 1,
    "centroid": [
      280.562255859375,
      183.72052001953125
    ],
    "length": [
      143.4940948486328,
      209.71014404296875
    ],
    "angle": 93.0237808227539
  },
  "2": {
    "class_id": 2,
    "centroid": [
      284.035400390625,
      183.7538299560547
    ],
    "length": [
      96.15642547607422,
      134.02101135253906
    ],
    "angle": 94.18594360351562
  },
  "global_mov": [
    257.33862362621403,
    138.23936294672458
  ]
}