{
  "1": {
    "class_id": 1,
    "centroid": [
      294.24945068359375,
      147.51040649414062
    ],
    "length": [
      144.41461181640625,
      206.8397674560547
    ],
    "angle": 91.61437225341797
  },
  "2": {
    "class_id": 2,
    "centroid": [
      294.4808044433594,
      148.925048828125
    ],
    "length": [
      99.20333862304688,
      130.9976806640625
    ],
    "angle": 96.683349609375
  },
  "global_mov": [
    271.2342540049193,
    137.4415299555302
  ]
}