{
  "1": {
    "class_id": 1,
    "centroid": [
      294.28997802734375,
      158.7252197265625
    ],
    "length": [
      143.64300537109375,
      207.38980102539062
    ],
    "angle": 91.9884033203125
  },
  "2": {
    "class_id": 2,
    "centroid": [
      294.8980407714844,
      160.01451110839844
    ],
    "length": [
      97.23202514648438,
      130.13150024414062
    ],
    "angle": 94.9172134399414
  },
  "global_mov": [
    253.26737038990188,
    141.560949102901
  ]
}