{
  "1": {
    "class_id": 1,
    "centroid": [
      280.93695068359375,
      179.8536834716797
    ],
    "length": [
      139.66424560546875,
      209.22866821289062
    ],
    "angle": 94.080322265625
  },
  "2": {
    "class_id": 2,
    "centroid": [
      283.6217041015625,
      180.5660400390625
    ],
    "length": [
      95.39119720458984,
      135.20652770996094
    ],
    "angle": 94.05026245117188
  },
  "global_mov": [
    255.34601733165914,
    134.8888977508002
  ]
}