{
  "1": {
    "class_id": 1,
    "centroid": [
      277.7862854003906,
      180.29534912109375
    ],
    "length": [
      144.8494110107422,
      212.31703186035156
    ],
    "angle": 91.77554321289062
  },
  "2": {
    "class_id": 2,
    "centroid": [
      281.2160339355469,
      179.37548828125
    ],
    "length": [
      95.67394256591797,
      134.26443481445312
    ],
    "angle": 92.24684143066406
  },
  "global_mov": [
    256.0310645893855,
    137.91533834540195
  ]
}