{
  "1": {
    "class_id": 1,
    "centroid": [
      284.7810974121094,
      182.74778747558594
    ],
    "length": [
      142.19493103027344,
      212.07350158691406
    ],
    "angle": 93.0923080444336
  },
  "2": {
    "class_id": 2,
    "centroid": [
      288.3219909667969,
      182.9645538330078
    ],
    "length": [
      96.79747772216797,
      133.73052978515625
    ],
    "angle": 93.30976104736328
  },
  "global_mov": [
    260.04542661694217,
    136.86001908285226
  ]
}