{
  "1": {
    "class_id": 1,
    "centroid": [
      309.9703674316406,
      151.4510498046875
    ],
    "length": [
      146.36636352539062,
      209.8369598388672
    ],
    "angle": 88.5927963256836
  },
  "2": {
    "class_id": 2,
    "centroid": [
      310.3994445800781,
      152.66903686523438
    ],
    "length": [
      98.68971252441406,
      132.33558654785156
    ],
    "angle": 93.1340560913086
  },
  "global_mov": [
    267.7143024815739,
    144.50651428952304
  ]
}