{
  "1": {
    "class_id": 1,
    "centroid": [
      301.4466247558594,
      154.2569122314453
    ],
    "length": [
      132.8038787841797,
      194.64927673339844
    ],
    "angle": 91.12876892089844
  },
  "2": {
    "class_id": 2,
    "centroid": [
      302.1109313964844,
      151.79177856445312
    ],
    "length": [
      90.57859802246094,
      132.79954528808594
    ],
    "angle": 92.41545104980469
  },
  "global_mov": [
    274.7855977288685,
    131.27597149382336
  ]
}