{
  "1": {
    "class_id": 1,
    "centroid": [
      287.5020751953125,
      178.27955627441406
    ],
    "length": [
      142.444091796875,
      211.7964324951172
    ],
    "angle": 92.50682067871094
  },
  "2": {
    "class_id": 2,
    "centroid": [
      291.14190673828125,
      179.15017700195312
    ],
    "length": [
      98.1598129272461,
      135.222900390625
    ],
    "angle": 94.05686950683594
  },
  "global_mov": [
    257.5774056097553,
    139.10887467966168
  ]
}