{
  "1": {
    "class_id": 1,
    "centroid": [
      293.69354248046875,
      150.4706573486328
    ],
    "length": [
      144.47198486328125,
      206.70729064941406
    ],
    "angle": 91.22318267822266
  },
  "2": {
    "class_id": 2,
    "centroid": [
      294.48602294921875,
      151.75059509277344
    ],
    "length": [
      99.50157928466797,
      130.31085205078125
    ],
    "angle": 95.10969543457031
  },
  "global_mov": [
    269.52141032677554,
    139.74004681004405
  ]
}