{
  "1": {
    "class_id": 1,
    "centroid": [
      317.3741149902344,
      164.810791015625
    ],
    "length": [
      149.80648803710938,
      212.6986846923828
    ],
    "angle": 90.9227523803711
  },
  "2": {
    "class_id": 2,
    "centroid": [
      319.06280517578125,
      166.0357208251953
    ],
    "length": [
      101.10757446289062,
      132.3272247314453
    ],
    "angle": 93.5995101928711
  },
  "global_mov": [
    261.6826833611055,
    139.63412516336516
  ]
}