{
  "1": {
    "class_id": 1,
    "centroid": [
      303.22357177734375,
      141.71380615234375
    ],
    "length": [
      136.91744995117188,
      197.0429229736328
    ],
    "angle": 85.94461822509766
  },
  "2": {
    "class_id": 2,
    "centroid": [
      302.9627685546875,
      145.001953125
    ],
    "length": [
      99.2748031616211,
      127.87362670898438
    ],
    "angle": 94.76435852050781
  },
  "global_mov": [
    270.8800694128519,
    153.47662124070476
  ]
}