{
  "1": {
    "class_id": 1,
    "centroid": [
      270.4566955566406,
      169.50686645507812
    ],
    "length": [
      129.10122680664062,
      190.83689880371094
    ],
    "angle": 94.6255874633789
  },
  "2": {
    "class_id": 2,
    "centroid": [
      274.6727600097656,
      170.76756286621094
    ],
    "length": [
      94.66534423828125,
      130.3429412841797
    ],
    "angle": 96.98296356201172
  },
  "global_mov": [
    287.3735356172662,
    143.78979182600693
  ]
}