{
  "1": {
    "class_id": 1,
    "centroid": [
      270.592041015625,
      182.0082244873047
    ],
    "length": [
      142.98414611816406,
      212.21897888183594
    ],
    "angle": 91.66693115234375
  },
  "2": {
    "class_id": 2,
    "centroid": [
      273.608154296875,
      181.7984619140625
    ],
    "length": [
      97.63916778564453,
      132.30007934570312
    ],
    "angle": 91.38130950927734
  },
  "global_mov": [
    250.6812032328833,
    138.96584545848975
  ]
}