{
  "1": {
    "class_id": 1,
    "centroid": [
      304.5703125,
      155.67318725585938
    ],
    "length": [
      132.27943420410156,
      195.7073974609375
    ],
    "angle": 92.5682144165039
  },
  "2": {
    "class_id": 2,
    "centroid": [
      304.7725524902344,
      155.1995849609375
    ],
    "length": [
      91.8603744506836,
      132.24476623535156
    ],
    "angle": 90.76431274414062
  },
  "global_mov": [
    274.66082811982125,
    133.224280057074
  ]
}