{
  "1": {
    "class_id": 1,
    "centroid": [
      302.8465576171875,
      140.84263610839844
    ],
    "length": [
      146.9190673828125,
      209.06997680664062
    ],
    "angle": 90.12391662597656
  },
  "2": {
    "class_id": 2,
    "centroid": [
      305.2249755859375,
      142.8668975830078
    ],
    "length": [
      102.65658569335938,
      135.67822265625
    ],
    "angle": 91.85749053955078
  },
  "global_mov": [
    280.0374751127003,
    133.00174514046094
  ]
}