{
  "1": {
    "class_id": 1,
    "centroid": [
      289.89959716796875,
      168.76708984375
    ],
    "length": [
      142.56614685058594,
      207.6870574951172
    ],
    "angle": 92.36905670166016
  },
  "2": {
    "class_id": 2,
    "centroid": [
      294.7035827636719,
      171.25698852539062
    ],
    "length": [
      100.76420593261719,
      133.43746948242188
    ],
    "angle": 96.95916748046875
  },
  "global_mov": [
    279.59587652241805,
    145.78647781495695
  ]
}