{
  "1": {
    "class_id": 1,
    "centroid": [
      294.07757568359375,
      147.91769409179688
    ],
    "length": [
      144.43038940429688,
      207.3693084716797
    ],
    "angle": 91.25704956054688
  },
  "2": {
    "class_id": 2,
    "centroid": [
      294.638671875,
      149.37973022460938
    ],
    "length": [
      99.3152847290039,
      131.10882568359375
    ],
    "angle": 95.23211669921875
  },
  "global_mov": [
    270.72550828538084,
    137.62611660148818
  ]
}