{
  "1": {
    "class_id": 1,
    "centroid": [
      294.76153564453125,
      155.96800231933594
    ],
    "length": [
      151.28533935546875,
      214.24618530273438
    ],
    "angle": 91.2241439819336
  },
  "2": {
    "class_id": 2,
    "centroid": [
      300.0331115722656,
      155.79225158691406
    ],
    "length": [
      99.34664916992188,
      132.0291748046875
    ],
    "angle": 93.3983383178711
  },
  "global_mov": [
    260.8951917010816,
    136.49191210338833
  ],
  "4": {
    "class_id": "slit knife",
    "tip": [
      248.50001039503957,
      235.5000048637495
    ],
    "length": 93.33808135986328,
    "angle": 45.0
  }
}