{
  "1": {
    "class_id": 1,
    "centroid": [
      281.15728759765625,
      151.01077270507812
    ],
    "length": [
      134.41226196289062,
      194.19639587402344
    ],
    "angle": 89.9052963256836
  },
  "2": {
    "class_id": 2,
    "centroid": [
      288.2791748046875,
      149.8010711669922
    ],
    "length": [
      94.81306457519531,
      128.36781311035156
    ],
    "angle": 87.27069091796875
  },
  "global_mov": [
    270.3915844681524,
    137.28713848193402
  ]
}