{
  "1": {
    "class_id": 1,
    "centroid": [
      272.4572448730469,
      158.7578887939453
    ],
    "length": [
      131.06053161621094,
      193.3067169189453
    ],
    "angle": 91.675048828125
  },
  "2": {
    "class_id": 2,
    "centroid": [
      277.1287536621094,
      158.5560302734375
    ],
    "length": [
      94.73992919921875,
      126.44049072265625
    ],
    "angle": 94.40142822265625
  },
  "global_mov": [
    290.63451229116544,
    146.51262923564073
  ]
}