{
  "1": {
    "class_id": 1,
    "centroid": [
      295.6828308105469,
      160.4434051513672
    ],
    "length": [
      146.54322814941406,
      210.73574829101562
    ],
    "angle": 91.20878601074219
  },
  "2": {
    "class_id": 2,
    "centroid": [
      300.2378234863281,
      161.5602264404297
    ],
    "length": [
      106.94746398925781,
      140.5841827392578
    ],
    "angle": 90.79487609863281
  },
  "global_mov": [
    266.6529538543601,
    152.85580586353686
  ]
}