{
  "1": {
    "class_id": 1,
    "centroid": [
      298.4762878417969,
      150.30316162109375
    ],
    "length": [
      145.21109008789062,
      206.40707397460938
    ],
    "angle": 91.64039611816406
  },
  "2": {
    "class_id": 2,
    "centroid": [
      299.3331298828125,
      151.28733825683594
    ],
    "length": [
      98.83206939697266,
      131.55703735351562
    ],
    "angle": 95.01335144042969
  },
  "global_mov": [
    271.6450315755702,
    136.62411861879252
  ]
}