{
  "1": {
    "class_id": 1,
    "centroid": [
      305.3857727050781,
      149.25729370117188
    ],
    "length": [
      134.9357452392578,
      195.90786743164062
    ],
    "angle": 91.33447265625
  },
  "2": {
    "class_id": 2,
    "centroid": [
      307.65869140625,
      150.3994598388672
    ],
    "length": [
      98.53638458251953,
      132.672607421875
    ],
    "angle": 94.5439453125
  },
  "global_mov": [
    276.1759932104322,
    133.94925433532768
  ]
}