{
  "1": {
    "class_id": 1,
    "centroid": [
      290.32940673828125,
      177.83975219726562
    ],
    "length": [
      143.0113067626953,
      211.91934204101562
    ],
    "angle": 93.14189147949219
  },
  "2": {
    "class_id": 2,
    "centroid": [
      294.0956726074219,
      179.15260314941406
    ],
    "length": [
      97.86961364746094,
      133.80751037597656
    ],
    "angle": 94.89578247070312
  },
  "global_mov": [
    257.933278170571,
    138.98208993348487
  ]
}