{
  "1": {
    "class_id": 1,
    "centroid": [
      273.245849609375,
      177.92947387695312
    ],
    "length": [
      140.13340759277344,
      209.03207397460938
    ],
    "angle": 94.75558471679688
  },
  "2": {
    "class_id": 2,
    "centroid": [
      276.59332275390625,
      177.95262145996094
    ],
    "length": [
      94.30103302001953,
      135.11795043945312
    ],
    "angle": 95.20115661621094
  },
  "global_mov": [
    251.960560417329,
    133.98192102305532
  ]
}