{
  "1": {
    "class_id": 1,
    "centroid": [
      275.4671325683594,
      183.6414337158203
    ],
    "length": [
      143.40652465820312,
      211.3851776123047
    ],
    "angle": 92.58910369873047
  },
  "2": {
    "class_id": 2,
    "centroid": [
      279.036376953125,
      183.3823699951172
    ],
    "length": [
      97.30258178710938,
      133.45997619628906
    ],
    "angle": 93.34002685546875
  },
  "global_mov": [
    251.85541948356703,
    140.25742859810853
  ]
}