{
  "1": {
    "class_id": 1,
    "centroid": [
      284.4031677246094,
      146.9092254638672
    ],
    "length": [
      134.1531524658203,
      193.11605834960938
    ],
    "angle": 87.22698211669922
  },
  "2": {
    "class_id": 2,
    "centroid": [
      287.6534729003906,
      148.14553833007812
    ],
    "length": [
      98.29679107666016,
      126.13664245605469
    ],
    "angle": 82.45000457763672
  },
  "global_mov": [
    256.58091455297614,
    144.5144518532337
  ]
}