{
  "1": {
    "class_id": 1,
    "centroid": [
      286.2232360839844,
      155.1827850341797
    ],
    "length": [
      133.15509033203125,
      198.4969482421875
    ],
    "angle": 91.63916015625
  },
  "2": {
    "class_id": 2,
    "centroid": [
      289.4466247558594,
      155.49594116210938
    ],
    "length": [
      97.39429473876953,
      132.3837890625
    ],
    "angle": 92.40945434570312
  },
  "global_mov": [
    268.9017435900003,
    133.19057730607426
  ]
}