{
  "1": {
    "class_id": 1,
    "centroid": [
      271.0320129394531,
      151.97952270507812
    ],
    "length": [
      131.79507446289062,
      193.35247802734375
    ],
    "angle": 89.69867706298828
  },
  "2": {
    "class_id": 2,
    "centroid": [
      276.4957580566406,
      151.97450256347656
    ],
    "length": [
      94.81790161132812,
      133.26756286621094
    ],
    "angle": 83.27590942382812
  },
  "global_mov": [
    257.0269824466438,
    144.07545183807704
  ]
}