{
  "1": {
    "class_id": 1,
    "centroid": [
      305.9692077636719,
      145.07479858398438
    ],
    "length": [
      147.13385009765625,
      211.6465606689453
    ],
    "angle": 91.28523254394531
  },
  "2": {
    "class_id": 2,
    "centroid": [
      307.99334716796875,
      146.19235229492188
    ],
    "length": [
      102.35073852539062,
      135.16412353515625
    ],
    "angle": 90.85197448730469
  },
  "global_mov": [
    280.4711722836605,
    135.42313247251283
  ]
}