{
  "1": {
    "class_id": 1,
    "centroid": [
      276.02435302734375,
      139.11463928222656
    ],
    "length": [
      137.7707977294922,
      198.0052490234375
    ],
    "angle": 90.2391357421875
  },
  "2": {
    "class_id": 2,
    "centroid": [
      276.5232849121094,
      139.74993896484375
    ],
    "length": [
      98.63104248046875,
      132.3188018798828
    ],
    "angle": 90.16461181640625
  },
  "global_mov": [
    262.2511548106746,
    129.75777310548094
  ]
}