{
  "1": {
    "class_id": 1,
    "centroid": [
      232.38803100585938,
      125.7673110961914
    ],
    "length": [
      136.1314697265625,
      196.510986328125
    ],
    "angle": 88.06582641601562
  },
  "2": {
    "class_id": 2,
    "centroid": [
      237.67727661132812,
      128.0620880126953
    ],
    "length": [
      103.90055847167969,
      128.4576416015625
    ],
    "angle": 87.76725006103516
  },
  "global_mov": [
    235.29688349831622,
    129.00163674828903
  ]
}