{
  "1": {
    "class_id": 1,
    "centroid": [
      278.9326171875,
      140.59344482421875
    ],
    "length": [
      149.4091796875,
      208.4607391357422
    ],
    "angle": 91.40918731689453
  },
  "2": {
    "class_id": 2,
    "centroid": [
      280.1373291015625,
      141.6416473388672
    ],
    "length": [
      100.99626159667969,
      131.5145721435547
    ],
    "angle": 93.37987518310547
  },
  "global_mov": [
    266.72837277293974,
    133.4605829117277
  ]
}