{
  "1": {
    "class_id": 1,
    "centroid": [
      308.7033386230469,
      149.06040954589844
    ],
    "length": [
      148.3960723876953,
      214.69041442871094
    ],
    "angle": 92.21745300292969
  },
  "2": {
    "class_id": 2,
    "centroid": [
      312.544677734375,
      150.9738311767578
    ],
    "length": [
      100.95280456542969,
      133.07504272460938
    ],
    "angle": 94.10285949707031
  },
  "global_mov": [
    260.3860169961324,
    140.52073151723155
  ],
  "4": {
    "class_id": "slit knife",
    "tip": [
      273.59448769736554,
      203.6183366491354
    ],
    "length": 135.6593780517578,
    "angle": 46.7357063293457
  }
}