{
  "1": {
    "class_id": 1,
    "centroid": [
      289.8034362792969,
      156.3805389404297
    ],
    "length": [
      143.83004760742188,
      207.38046264648438
    ],
    "angle": 91.24089813232422
  },
  "2": {
    "class_id": 2,
    "centroid": [
      290.49267578125,
      157.26719665527344
    ],
    "length": [
      98.01258850097656,
      131.50209045410156
    ],
    "angle": 94.885009765625
  },
  "global_mov": [
    259.9907235546759,
    142.70743758080067
  ]
}