{
  "1": {
    "class_id": 1,
    "centroid": [
      295.09271240234375,
      160.5868682861328
    ],
    "length": [
      144.30215454101562,
      206.77581787109375
    ],
    "angle": 91.9209976196289
  },
  "2": {
    "class_id": 2,
    "centroid": [
      295.7666931152344,
      161.57733154296875
    ],
    "length": [
      97.68910217285156,
      129.3718719482422
    ],
    "angle": 94.3747787475586
  },
  "global_mov": [
    250.53687268176114,
    141.1453881205796
  ]
}