{
  "1": {
    "class_id": 1,
    "centroid": [
      296.45465087890625,
      144.3580322265625
    ],
    "length": [
      134.27011108398438,
      194.691650390625
    ],
    "angle": 89.98998260498047
  },
  "2": {
    "class_id": 2,
    "centroid": [
      298.55615234375,
      143.6468963623047
    ],
    "length": [
      95.5374526977539,
      133.20872497558594
    ],
    "angle": 94.78434753417969
  },
  "global_mov": [
    272.03914942180245,
    139.11922677231348
  ]
}