{
  "1": {
    "class_id": 1,
    "centroid": [
      305.7751770019531,
      149.96536254882812
    ],
    "length": [
      134.78759765625,
      195.47227478027344
    ],
    "angle": 91.39136505126953
  },
  "2": {
    "class_id": 2,
    "centroid": [
      308.0414123535156,
      150.67420959472656
    ],
    "length": [
      97.4123306274414,
      132.62295532226562
    ],
    "angle": 92.36235046386719
  },
  "global_mov": [
    273.4486235630517,
    132.78557726523843
  ]
}