{
  "1": {
    "class_id": 1,
    "centroid": [
      303.7319030761719,
      140.4304656982422
    ],
    "length": [
      137.16236877441406,
      196.6678924560547
    ],
    "angle": 86.6912841796875
  },
  "2": {
    "class_id": 2,
    "centroid": [
      301.9296569824219,
      145.14828491210938
    ],
    "length": [
      99.90859985351562,
      123.34319305419922
    ],
    "angle": 91.29654693603516
  },
  "global_mov": [
    277.10399273670856,
    147.39726510067953
  ]
}