{
  "1": {
    "class_id": 1,
    "centroid": [
      280.7598571777344,
      146.9257049560547
    ],
    "length": [
      133.07012939453125,
      193.00421142578125
    ],
    "angle": 87.67090606689453
  },
  "2": {
    "class_id": 2,
    "centroid": [
      281.8766174316406,
      147.67767333984375
    ],
    "length": [
      97.76488494873047,
      132.89183044433594
    ],
    "angle": 77.99372100830078
  },
  "global_mov": [
    261.7377392021864,
    143.22527576794454
  ]
}