{
  "1": {
    "class_id": 1,
    "centroid": [
      298.25567626953125,
      147.5648651123047
    ],
    "length": [
      145.5869140625,
      206.1987762451172
    ],
    "angle": 91.16120910644531
  },
  "2": {
    "class_id": 2,
    "centroid": [
      299.3301696777344,
      148.63157653808594
    ],
    "length": [
      98.62191772460938,
      131.5986785888672
    ],
    "angle": 94.92833709716797
  },
  "global_mov": [
    272.4136730111365,
    137.25509163611272
  ]
}