{
  "1": {
    "class_id": 1,
    "centroid": [
      275.8255920410156,
      137.7953338623047
    ],
    "length": [
      142.3145294189453,
      201.85328674316406
    ],
    "angle": 91.4462890625
  },
  "2": {
    "class_id": 2,
    "centroid": [
      275.5061950683594,
      137.9083251953125
    ],
    "length": [
      94.59551239013672,
      128.4563446044922
    ],
    "angle": 91.89358520507812
  },
  "global_mov": [
    248.53231581814762,
    114.80674103034262
  ]
}