{
  "1": {
    "class_id": 1,
    "centroid": [
      284.9578857421875,
      155.52125549316406
    ],
    "length": [
      132.54156494140625,
      195.02255249023438
    ],
    "angle": 90.48641967773438
  },
  "2": {
    "class_id": 2,
    "centroid": [
      292.3798828125,
      153.79161071777344
    ],
    "length": [
      94.1858901977539,
      130.28456115722656
    ],
    "angle": 91.38341522216797
  },
  "global_mov": [
    271.0767849112076,
    142.05379010231545
  ]
}