{
  "1": {
    "class_id": 1,
    "centroid": [
      316.79669189453125,
      158.05628967285156
    ],
    "length": [
      138.32159423828125,
      199.31251525878906
    ],
    "angle": 88.97235107421875
  },
  "2": {
    "class_id": 2,
    "centroid": [
      320.2410888671875,
      158.9027099609375
    ],
    "length": [
      102.40618896484375,
      135.81436157226562
    ],
    "angle": 90.29362487792969
  },
  "global_mov": [
    280.4153583314801,
    150.8345316734254
  ]
}