{
  "1": {
    "class_id": 1,
    "centroid": [
      304.66357421875,
      137.27561950683594
    ],
    "length": [
      137.02581787109375,
      197.31898498535156
    ],
    "angle": 86.1147689819336
  },
  "2": {
    "class_id": 2,
    "centroid": [
      304.6755676269531,
      140.57180786132812
    ],
    "length": [
      101.44418334960938,
      127.33089447021484
    ],
    "angle": 94.66130065917969
  },
  "global_mov": [
    273.1517446326892,
    151.5419047245703
  ]
}