{
  "1": {
    "class_id": 1,
    "centroid": [
      298.30841064453125,
      143.22183227539062
    ],
    "length": [
      136.86880493164062,
      193.9822540283203
    ],
    "angle": 87.28389739990234
  },
  "2": {
    "class_id": 2,
    "centroid": [
      299.38934326171875,
      144.047607421875
    ],
    "length": [
      101.54611206054688,
      130.40054321289062
    ],
    "angle": 79.60176086425781
  },
  "global_mov": [
    275.6897106522467,
    143.23543487099496
  ]
}