{
  "1": {
    "class_id": 1,
    "centroid": [
      285.4164123535156,
      144.9805145263672
    ],
    "length": [
      132.302978515625,
      190.79180908203125
    ],
    "angle": 92.10933685302734
  },
  "2": {
    "class_id": 2,
    "centroid": [
      285.33740234375,
      144.95111083984375
    ],
    "length": [
      98.27884674072266,
      133.23074340820312
    ],
    "angle": 82.5690689086914
  },
  "global_mov": [
    274.0092350622735,
    130.66697437509484
  ]
}