{
  "1": {
    "class_id": 1,
    "centroid": [
      318.5566101074219,
      155.40081787109375
    ],
    "length": [
      138.55039978027344,
      200.3753204345703
    ],
    "angle": 88.71795654296875
  },
  "2": {
    "class_id": 2,
    "centroid": [
      322.2877502441406,
      156.18621826171875
    ],
    "length": [
      103.17992401123047,
      134.60377502441406
    ],
    "angle": 89.49369812011719
  },
  "global_mov": [
    280.32853548082005,
    150.89142286485335
  ]
}