{
  "1": {
    "class_id": 1,
    "centroid": [
      302.40802001953125,
      143.29934692382812
    ],
    "length": [
      135.30030822753906,
      196.04537963867188
    ],
    "angle": 90.23960876464844
  },
  "2": {
    "class_id": 2,
    "centroid": [
      302.8033447265625,
      143.47251892089844
    ],
    "length": [
      96.0344467163086,
      131.0060272216797
    ],
    "angle": 90.9678726196289
  },
  "global_mov": [
    278.38928540111607,
    131.59157998370105
  ]
}