{
  "1": {
    "class_id": 1,
    "centroid": [
      316.1808166503906,
      160.86663818359375
    ],
    "length": [
      137.35299682617188,
      199.64202880859375
    ],
    "angle": 88.97917938232422
  },
  "2": {
    "class_id": 2,
    "centroid": [
      319.2115173339844,
      161.55792236328125
    ],
    "length": [
      101.64098358154297,
      134.79156494140625
    ],
    "angle": 89.1964340209961
  },
  "global_mov": [
    279.936340895122,
    147.8164321828768
  ]
}