{
  "1": {
    "class_id": 1,
    "centroid": [
      268.4122314453125,
      153.02679443359375
    ],
    "length": [
      132.59210205078125,
      193.8928680419922
    ],
    "angle": 90.93279266357422
  },
  "2": {
    "class_id": 2,
    "centroid": [
      273.6176452636719,
      152.92617797851562
    ],
    "length": [
      96.86316680908203,
      131.68946838378906
    ],
    "angle": 84.4666519165039
  },
  "global_mov": [
    256.2414899661997,
    144.16939284381135
  ]
}