{
  "1": {
    "class_id": 1,
    "centroid": [
      290.8750305175781,
      176.56683349609375
    ],
    "length": [
      143.33255004882812,
      211.22315979003906
    ],
    "angle": 93.82576751708984
  },
  "2": {
    "class_id": 2,
    "centroid": [
      293.6632080078125,
      175.9434814453125
    ],
    "length": [
      96.31597137451172,
      131.22203063964844
    ],
    "angle": 94.0324478149414
  },
  "global_mov": [
    261.59448121229866,
    130.08219099728504
  ]
}