{
  "1": {
    "class_id": 1,
    "centroid": [
      274.11883544921875,
      156.4053497314453
    ],
    "length": [
      141.4450225830078,
      209.312744140625
    ],
    "angle": 94.25794219970703
  },
  "2": {
    "class_id": 2,
    "centroid": [
      277.53521728515625,
      158.59674072265625
    ],
    "length": [
      98.60662841796875,
      133.294189453125
    ],
    "angle": 96.05882263183594
  },
  "global_mov": [
    255.23954175453,
    129.01148749227556
  ]
}