{
  "1": {
    "class_id": 1,
    "centroid": [
      283.13092041015625,
      164.89614868164062
    ],
    "length": [
      130.64312744140625,
      191.99864196777344
    ],
    "angle": 92.38795471191406
  },
  "2": {
    "class_id": 2,
    "centroid": [
      289.78607177734375,
      164.00357055664062
    ],
    "length": [
      93.46406555175781,
      132.5612335205078
    ],
    "angle": 93.95584106445312
  },
  "global_mov": [
    273.3487286162628,
    145.01233802030083
  ]
}