{
  "1": {
    "class_id": 1,
    "centroid": [
      295.3492736816406,
      154.63279724121094
    ],
    "length": [
      150.6342315673828,
      214.5854034423828
    ],
    "angle": 91.10336303710938
  },
  "2": {
    "class_id": 2,
    "centroid": [
      300.97314453125,
      154.74462890625
    ],
    "length": [
      99.88223266601562,
      131.70663452148438
    ],
    "angle": 93.0677719116211
  },
  "global_mov": [
    259.67183063566176,
    136.36411316961016
  ],
  "4": {
    "class_id": "slit knife",
    "tip": [
      217.5603220856186,
      233.57726435571993
    ],
    "length": 96.75797271728516,
    "angle": 46.12330627441406
  }
}