{
  "1": {
    "class_id": 1,
    "centroid": [
      263.6700439453125,
      158.0232391357422
    ],
    "length": [
      145.63853454589844,
      210.1057586669922
    ],
    "angle": 92.2814712524414
  },
  "2": {
    "class_id": 2,
    "centroid": [
      267.2706298828125,
      158.4903106689453
    ],
    "length": [
      99.5641860961914,
      131.69625854492188
    ],
    "angle": 93.2029800415039
  },
  "global_mov": [
    260.8498453399025,
    134.5749226675456
  ]
}