{
  "1": {
    "class_id": 1,
    "centroid": [
      301.7745666503906,
      142.29803466796875
    ],
    "length": [
      145.2190399169922,
      209.3253936767578
    ],
    "angle": 89.91448974609375
  },
  "2": {
    "class_id": 2,
    "centroid": [
      304.40301513671875,
      142.78317260742188
    ],
    "length": [
      99.86814880371094,
      135.2477264404297
    ],
    "angle": 91.25566101074219
  },
  "global_mov": [
    277.9555292572041,
    131.81505856436544
  ]
}