{
  "1": {
    "class_id": 1,
    "centroid": [
      296.3871765136719,
      166.0676727294922
    ],
    "length": [
      149.52981567382812,
      211.3160400390625
    ],
    "angle": 91.67942810058594
  },
  "2": {
    "class_id": 2,
    "centroid": [
      298.11468505859375,
      167.70346069335938
    ],
    "length": [
      102.95391845703125,
      132.99661254882812
    ],
    "angle": 93.76564025878906
  },
  "global_mov": [
    267.4532172200517,
    151.35697692088368
  ]
}