{
  "1": {
    "class_id": 1,
    "centroid": [
      287.3172912597656,
      154.31961059570312
    ],
    "length": [
      145.18157958984375,
      212.02760314941406
    ],
    "angle": 91.95384979248047
  },
  "2": {
    "class_id": 2,
    "centroid": [
      291.5902404785156,
      155.46177673339844
    ],
    "length": [
      100.07549285888672,
      133.96917724609375
    ],
    "angle": 93.90555572509766
  },
  "global_mov": [
    271.3933104780986,
    131.19349300291256
  ]
}