{
  "1": {
    "class_id": 1,
    "centroid": [
      281.7550048828125,
      148.80177307128906
    ],
    "length": [
      136.24966430664062,
      192.9984893798828
    ],
    "angle": 88.68161010742188
  },
  "2": {
    "class_id": 2,
    "centroid": [
      284.1949768066406,
      148.95167541503906
    ],
    "length": [
      100.01936340332031,
      133.3349151611328
    ],
    "angle": 82.54244232177734
  },
  "global_mov": [
    264.8883237389782,
    144.51858108967093
  ]
}