{
  "1": {
    "class_id": 1,
    "centroid": [
      288.3697204589844,
      136.9450225830078
    ],
    "length": [
      149.70574951171875,
      211.15774536132812
    ],
    "angle": 91.88650512695312
  },
  "2": {
    "class_id": 2,
    "centroid": [
      291.9148254394531,
      137.70938110351562
    ],
    "length": [
      100.89717102050781,
      132.12814331054688
    ],
    "angle": 96.66197967529297
  },
  "global_mov": [
    271.584068084363,
    124.00250839434939
  ]
}