{
  "1": {
    "class_id": 1,
    "centroid": [
      304.9307861328125,
      156.41940307617188
    ],
    "length": [
      146.0558319091797,
      209.1781768798828
    ],
    "angle": 90.95723724365234
  },
  "2": {
    "class_id": 2,
    "centroid": [
      305.531494140625,
      157.57762145996094
    ],
    "length": [
      100.15193939208984,
      133.5465850830078
    ],
    "angle": 94.4609375
  },
  "global_mov": [
    257.3377235815489,
    138.59464722380247
  ]
}