{
  "1": {
    "class_id": 1,
    "centroid": [
      307.1076354980469,
      151.8949737548828
    ],
    "length": [
      147.2144012451172,
      207.5763397216797
    ],
    "angle": 89.01654815673828
  },
  "2": {
    "class_id": 2,
    "centroid": [
      307.70062255859375,
      153.25779724121094
    ],
    "length": [
      98.88038635253906,
      131.94894409179688
    ],
    "angle": 91.79521942138672
  },
  "global_mov": [
    269.60237212612947,
    144.08208611066593
  ]
}