{
  "1": {
    "class_id": 1,
    "centroid": [
      280.6742858886719,
      179.8224639892578
    ],
    "length": [
      144.15167236328125,
      211.2528533935547
    ],
    "angle": 92.26107788085938
  },
  "2": {
    "class_id": 2,
    "centroid": [
      285.04022216796875,
      179.3330535888672
    ],
    "length": [
      95.61149597167969,
      132.9560089111328
    ],
    "angle": 92.73921966552734
  },
  "global_mov": [
    257.3576355530666,
    137.99095313682253
  ]
}