{
  "1": {
    "class_id": 1,
    "centroid": [
      301.7547302246094,
      152.80897521972656
    ],
    "length": [
      149.74513244628906,
      213.97047424316406
    ],
    "angle": 91.121337890625
  },
  "2": {
    "class_id": 2,
    "centroid": [
      306.3128967285156,
      153.6609649658203
    ],
    "length": [
      100.15200805664062,
      134.076904296875
    ],
    "angle": 93.83079528808594
  },
  "global_mov": [
    261.856689162314,
    139.87223985820987
  ],
  "4": {
    "class_id": "slit knife",
    "tip": [
      246.92462584561548,
      217.88690264295138
    ],
    "length": 116.67389678955078,
    "angle": 45.567264556884766
  }
}