{
  "1": {
    "class_id": 1,
    "centroid": [
      306.11419677734375,
      161.9352264404297
    ],
    "length": [
      147.13259887695312,
      211.3794708251953
    ],
    "angle": 90.47917938232422
  },
  "2": {
    "class_id": 2,
    "centroid": [
      310.5998229980469,
      163.31439208984375
    ],
    "length": [
      105.6270751953125,
      141.98757934570312
    ],
    "angle": 89.6022720336914
  },
  "global_mov": [
    279.12794363645634,
    154.6416865312534
  ]
}