{
  "1": {
    "class_id": 1,
    "centroid": [
      300.6681213378906,
      163.41943359375
    ],
    "length": [
      148.7972412109375,
      211.5966033935547
    ],
    "angle": 90.69641876220703
  },
  "2": {
    "class_id": 2,
    "centroid": [
      302.8243408203125,
      165.9943389892578
    ],
    "length": [
      102.92444610595703,
      133.73495483398438
    ],
    "angle": 93.93245697021484
  },
  "global_mov": [
    267.87770715763764,
    150.336874949414
  ]
}