{
  "1": {
    "class_id": 1,
    "centroid": [
      291.26300048828125,
      150.4954376220703
    ],
    "length": [
      144.857177734375,
      206.09515380859375
    ],
    "angle": 91.30824279785156
  },
  "2": {
    "class_id": 2,
    "centroid": [
      292.2889099121094,
      151.64031982421875
    ],
    "length": [
      99.23116302490234,
      129.94049072265625
    ],
    "angle": 93.49198913574219
  },
  "global_mov": [
    267.76539869249456,
    139.1490150277033
  ]
}