{
  "1": {
    "class_id": 1,
    "centroid": [
      302.17254638671875,
      173.38145446777344
    ],
    "length": [
      133.60267639160156,
      197.75601196289062
    ],
    "angle": 90.76704406738281
  },
  "2": {
    "class_id": 2,
    "centroid": [
      305.05889892578125,
      173.75436401367188
    ],
    "length": [
      98.35167694091797,
      135.1992645263672
    ],
    "angle": 89.87152099609375
  },
  "global_mov": [
    280.35879314098344,
    152.60304419330552
  ]
}