{
  "1": {
    "class_id": 1,
    "centroid": [
      308.0288391113281,
      148.37950134277344
    ],
    "length": [
      148.38168334960938,
      214.25741577148438
    ],
    "angle": 92.18212890625
  },
  "2": {
    "class_id": 2,
    "centroid": [
      311.68157958984375,
      150.182861328125
    ],
    "length": [
      101.15570831298828,
      133.20394897460938
    ],
    "angle": 94.38568115234375
  },
  "global_mov": [
    260.9609263914305,
    139.719499804803
  ],
  "4": {
    "class_id": "slit knife",
    "tip": [
      268.9101823207511,
      206.87876758977944
    ],
    "length": 132.89080810546875,
    "angle": 46.00508499145508
  }
}