{
  "1": {
    "class_id": 1,
    "centroid": [
      296.9010009765625,
      143.0625457763672
    ],
    "length": [
      135.34767150878906,
      195.90438842773438
    ],
    "angle": 90.0684585571289
  },
  "2": {
    "class_id": 2,
    "centroid": [
      294.13525390625,
      142.72691345214844
    ],
    "length": [
      95.22854614257812,
      124.72770690917969
    ],
    "angle": 89.4339599609375
  },
  "global_mov": [
    273.4402325733792,
    132.8926929074348
  ]
}