{
  "1": {
    "class_id": 1,
    "centroid": [
      297.0423583984375,
      154.58518981933594
    ],
    "length": [
      150.8203582763672,
      215.38070678710938
    ],
    "angle": 90.55191802978516
  },
  "2": {
    "class_id": 2,
    "centroid": [
      301.9535827636719,
      154.8751220703125
    ],
    "length": [
      99.59019470214844,
      132.09375
    ],
    "angle": 93.39789581298828
  },
  "global_mov": [
    259.7523518336601,
    136.79561413894407
  ],
  "4": {
    "class_id": "slit knife",
    "tip": [
      215.70411250795377,
      230.74371923071726
    ],
    "length": 101.8491439819336,
    "angle": 44.341453552246094
  }
}