{
  "1": {
    "class_id": 1,
    "centroid": [
      277.9872131347656,
      178.25502014160156
    ],
    "length": [
      141.8254852294922,
      209.91864013671875
    ],
    "angle": 93.53034210205078
  },
  "2": {
    "class_id": 2,
    "centroid": [
      280.45379638671875,
      178.3121337890625
    ],
    "length": [
      95.20675659179688,
      134.5426483154297
    ],
    "angle": 94.09733581542969
  },
  "global_mov": [
    251.47473238359441,
    134.28284567823275
  ]
}