{
  "1": {
    "class_id": 1,
    "centroid": [
      307.9873962402344,
      164.62379455566406
    ],
    "length": [
      150.64430236816406,
      212.43544006347656
    ],
    "angle": 91.29029846191406
  },
  "2": {
    "class_id": 2,
    "centroid": [
      309.1824035644531,
      166.05836486816406
    ],
    "length": [
      102.00220489501953,
      132.80487060546875
    ],
    "angle": 94.1957778930664
  },
  "global_mov": [
    256.081962437237,
    141.237875754815
  ]
}