{
  "1": {
    "class_id": 1,
    "centroid": [
      300.16973876953125,
      155.35618591308594
    ],
    "length": [
      131.08892822265625,
      195.04896545410156
    ],
    "angle": 92.260498046875
  },
  "2": {
    "class_id": 2,
    "centroid": [
      302.39288330078125,
      152.9694366455078
    ],
    "length": [
      93.09557342529297,
      136.89707946777344
    ],
    "angle": 91.30412292480469
  },
  "global_mov": [
    275.02609717591446,
    130.2720557429154
  ]
}