{
  "1": {
    "class_id": 1,
    "centroid": [
      295.1770935058594,
      152.55995178222656
    ],
    "length": [
      150.74127197265625,
      215.61830139160156
    ],
    "angle": 91.54144287109375
  },
  "2": {
    "class_id": 2,
    "centroid": [
      299.7698974609375,
      152.61029052734375
    ],
    "length": [
      101.237548828125,
      133.6787872314453
    ],
    "angle": 93.81794738769531
  },
  "global_mov": [
    254.32745326219288,
    136.42023882494053
  ]
}