{
  "1": {
    "class_id": 1,
    "centroid": [
      294.3479919433594,
      161.60952758789062
    ],
    "length": [
      144.77035522460938,
      207.06759643554688
    ],
    "angle": 91.69011688232422
  },
  "2": {
    "class_id": 2,
    "centroid": [
      295.0296936035156,
      162.3330841064453
    ],
    "length": [
      97.77046203613281,
      129.6029510498047
    ],
    "angle": 94.53691101074219
  },
  "global_mov": [
    253.69340809352272,
    143.042664861418
  ]
}