{
  "1": {
    "class_id": 1,
    "centroid": [
      297.2847900390625,
      164.57627868652344
    ],
    "length": [
      136.13870239257812,
      196.71432495117188
    ],
    "angle": 92.08679962158203
  },
  "2": {
    "class_id": 2,
    "centroid": [
      301.1822509765625,
      163.562255859375
    ],
    "length": [
      104.55536651611328,
      143.69712829589844
    ],
    "angle": 88.25657653808594
  },
  "global_mov": [
    267.0759293994907,
    153.16199689699934
  ]
}