{
  "1": {
    "class_id": 1,
    "centroid": [
      295.9405212402344,
      177.4900360107422
    ],
    "length": [
      143.9711456298828,
      211.68809509277344
    ],
    "angle": 94.14244079589844
  },
  "2": {
    "class_id": 2,
    "centroid": [
      299.3197326660156,
      177.17945861816406
    ],
    "length": [
      96.89128112792969,
      133.01202392578125
    ],
    "angle": 95.14324188232422
  },
  "global_mov": [
    263.80360371206376,
    131.02736598345825
  ]
}