{
  "1": {
    "class_id": 1,
    "centroid": [
      300.9798889160156,
      148.28359985351562
    ],
    "length": [
      137.3834228515625,
      196.7958221435547
    ],
    "angle": 87.36767578125
  },
  "2": {
    "class_id": 2,
    "centroid": [
      300.76171875,
      151.2420196533203
    ],
    "length": [
      102.79993438720703,
      127.31956481933594
    ],
    "angle": 93.63568878173828
  },
  "global_mov": [
    264.9642691548142,
    148.48955623240786
  ]
}