{
  "1": {
    "class_id": 1,
    "centroid": [
      278.1275939941406,
      183.61373901367188
    ],
    "length": [
      142.7926025390625,
      210.2746124267578
    ],
    "angle": 94.07469940185547
  },
  "2": {
    "class_id": 2,
    "centroid": [
      281.5477294921875,
      184.15286254882812
    ],
    "length": [
      96.26876068115234,
      133.3899688720703
    ],
    "angle": 94.30321502685547
  },
  "global_mov": [
    257.56569426466166,
    136.9251162962696
  ]
}