{
  "1": {
    "class_id": 1,
    "centroid": [
      299.97003173828125,
      155.79104614257812
    ],
    "length": [
      130.87428283691406,
      195.35801696777344
    ],
    "angle": 92.67315673828125
  },
  "2": {
    "class_id": 2,
    "centroid": [
      300.1114196777344,
      155.92001342773438
    ],
    "length": [
      93.44109344482422,
      131.85650634765625
    ],
    "angle": 91.3905258178711
  },
  "global_mov": [
    273.14292888848337,
    131.64500061973
  ]
}