{
  "1": {
    "class_id": 1,
    "centroid": [
      282.5683288574219,
      142.97142028808594
    ],
    "length": [
      150.0435028076172,
      210.544677734375
    ],
    "angle": 91.69074249267578
  },
  "2": {
    "class_id": 2,
    "centroid": [
      286.1683044433594,
      143.65476989746094
    ],
    "length": [
      101.69671630859375,
      131.08203125
    ],
    "angle": 94.81695556640625
  },
  "global_mov": [
    264.8260904258608,
    128.73835304999193
  ]
}