{
  "1": {
    "class_id": 1,
    "centroid": [
      298.22589111328125,
      135.5244140625
    ],
    "length": [
      146.9022216796875,
      206.76300048828125
    ],
    "angle": 88.74636840820312
  },
  "2": {
    "class_id": 2,
    "centroid": [
      300.564697265625,
      135.56687927246094
    ],
    "length": [
      99.705322265625,
      135.07814025878906
    ],
    "angle": 86.4253158569336
  },
  "global_mov": [
    278.2558729145192,
    130.8570106645315
  ]
}