{
  "1": {
    "class_id": 1,
    "centroid": [
      289.06103515625,
      175.94082641601562
    ],
    "length": [
      148.795166015625,
      214.20155334472656
    ],
    "angle": 93.43464660644531
  },
  "2": {
    "class_id": 2,
    "centroid": [
      292.72674560546875,
      175.982177734375
    ],
    "length": [
      100.28473663330078,
      134.84776306152344
    ],
    "angle": 94.70563507080078
  },
  "global_mov": [
    265.8507583714465,
    144.73745310147845
  ]
}