{
  "1": {
    "class_id": 1,
    "centroid": [
      287.7458801269531,
      155.40036010742188
    ],
    "length": [
      144.40040588378906,
      212.3402099609375
    ],
    "angle": 92.55670928955078
  },
  "2": {
    "class_id": 2,
    "centroid": [
      291.8006591796875,
      156.1204071044922
    ],
    "length": [
      100.16605377197266,
      134.31619262695312
    ],
    "angle": 95.18745422363281
  },
  "global_mov": [
    271.6170620725771,
    131.48124359724878
  ]
}