{
  "1": {
    "class_id": 1,
    "centroid": [
      291.3833312988281,
      128.86265563964844
    ],
    "length": [
      145.81619262695312,
      207.51797485351562
    ],
    "angle": 90.39180755615234
  },
  "2": {
    "class_id": 2,
    "centroid": [
      292.6164855957031,
      128.69175720214844
    ],
    "length": [
      96.459716796875,
      127.4051513671875
    ],
    "angle": 91.23857116699219
  },
  "global_mov": [
    263.111748904581,
    116.75141799737764
  ]
}