{
  "1": {
    "class_id": 1,
    "centroid": [
      303.4574279785156,
      154.9977264404297
    ],
    "length": [
      145.45791625976562,
      209.68304443359375
    ],
    "angle": 91.22805786132812
  },
  "2": {
    "class_id": 2,
    "centroid": [
      304.47955322265625,
      156.44644165039062
    ],
    "length": [
      100.07946014404297,
      133.70094299316406
    ],
    "angle": 94.33804321289062
  },
  "global_mov": [
    256.0046113181035,
    134.4123525612293
  ]
}