{
  "1": {
    "class_id": 1,
    "centroid": [
      307.0339050292969,
      151.3966064453125
    ],
    "length": [
      133.7805938720703,
      195.2293701171875
    ],
    "angle": 90.90391540527344
  },
  "2": {
    "class_id": 2,
    "centroid": [
      308.2702331542969,
      152.34283447265625
    ],
    "length": [
      95.9250259399414,
      132.9904022216797
    ],
    "angle": 91.81488037109375
  },
  "global_mov": [
    272.46774799359696,
    132.46511973434033
  ]
}