{
  "1": {
    "class_id": 1,
    "centroid": [
      288.5899658203125,
      156.16494750976562
    ],
    "length": [
      145.26560974121094,
      212.03814697265625
    ],
    "angle": 92.78213500976562
  },
  "2": {
    "class_id": 2,
    "centroid": [
      293.1934814453125,
      157.12646484375
    ],
    "length": [
      100.70683288574219,
      133.53224182128906
    ],
    "angle": 94.27407836914062
  },
  "global_mov": [
    272.04056716934696,
    132.95556121305944
  ]
}