{
  "1": {
    "class_id": 1,
    "centroid": [
      271.4356384277344,
      147.58871459960938
    ],
    "length": [
      143.9738311767578,
      208.6561737060547
    ],
    "angle": 91.93563079833984
  },
  "2": {
    "class_id": 2,
    "centroid": [
      274.4244079589844,
      148.1470184326172
    ],
    "length": [
      97.00061798095703,
      132.6155548095703
    ],
    "angle": 92.792724609375
  },
  "global_mov": [
    269.8035972609318,
    128.5455247610606
  ]
}