{
  "1": {
    "class_id": 1,
    "centroid": [
      295.9892272949219,
      154.31866455078125
    ],
    "length": [
      150.61239624023438,
      211.1009521484375
    ],
    "angle": 90.49507141113281
  },
  "2": {
    "class_id": 2,
    "centroid": [
      297.6762390136719,
      155.3267364501953
    ],
    "length": [
      101.81944274902344,
      131.67340087890625
    ],
    "angle": 94.9532699584961
  },
  "global_mov": [
    277.2294879679412,
    147.56079092086347
  ]
}