{
  "1": {
    "class_id": 1,
    "centroid": [
      294.7718505859375,
      149.3224334716797
    ],
    "length": [
      137.35826110839844,
      197.77520751953125
    ],
    "angle": 88.38981628417969
  },
  "2": {
    "class_id": 2,
    "centroid": [
      299.0714111328125,
      149.26695251464844
    ],
    "length": [
      100.64259338378906,
      134.90280151367188
    ],
    "angle": 87.59234619140625
  },
  "global_mov": [
    274.0928254757778,
    145.421950798713
  ]
}