{
  "1": {
    "class_id": 1,
    "centroid": [
      303.6744689941406,
      143.5871124267578
    ],
    "length": [
      136.4553680419922,
      197.6160888671875
    ],
    "angle": 87.34847259521484
  },
  "2": {
    "class_id": 2,
    "centroid": [
      302.6103515625,
      146.32386779785156
    ],
    "length": [
      99.8133544921875,
      124.76942443847656
    ],
    "angle": 87.88749694824219
  },
  "global_mov": [
    277.5570409167888,
    145.1603002790703
  ]
}