{
  "1": {
    "class_id": 1,
    "centroid": [
      284.92431640625,
      179.2878875732422
    ],
    "length": [
      143.579345703125,
      211.2628631591797
    ],
    "angle": 92.51419067382812
  },
  "2": {
    "class_id": 2,
    "centroid": [
      288.95166015625,
      179.83059692382812
    ],
    "length": [
      96.95346069335938,
      134.3883514404297
    ],
    "angle": 92.89895629882812
  },
  "global_mov": [
    261.69059952095785,
    135.75031160730154
  ]
}