{
  "1": {
    "class_id": 1,
    "centroid": [
      300.1398620605469,
      125.81306457519531
    ],
    "length": [
      134.17352294921875,
      196.12890625
    ],
    "angle": 88.73654174804688
  },
  "2": {
    "class_id": 2,
    "centroid": [
      298.9375915527344,
      124.73384857177734
    ],
    "length": [
      92.55210876464844,
      121.1990966796875
    ],
    "angle": 86.7602767944336
  },
  "global_mov": [
    261.7603166319525,
    120.23669030514266
  ]
}