{
  "1": {
    "class_id": 1,
    "centroid": [
      322.4617919921875,
      142.97984313964844
    ],
    "length": [
      137.9883270263672,
      202.41787719726562
    ],
    "angle": 88.10575866699219
  },
  "2": {
    "class_id": 2,
    "centroid": [
      324.8975830078125,
      144.32302856445312
    ],
    "length": [
      102.9700698852539,
      132.92384338378906
    ],
    "angle": 89.09095001220703
  },
  "global_mov": [
    272.9138149624439,
    149.91401465284721
  ]
}