{
  "1": {
    "class_id": 1,
    "centroid": [
      284.9475402832031,
      152.63775634765625
    ],
    "length": [
      133.53671264648438,
      195.06773376464844
    ],
    "angle": 88.16619873046875
  },
  "2": {
    "class_id": 2,
    "centroid": [
      288.2122802734375,
      152.8056182861328
    ],
    "length": [
      97.95055389404297,
      135.7156219482422
    ],
    "angle": 83.75836944580078
  },
  "global_mov": [
    261.77845500548636,
    143.92515415584663
  ]
}