{
  "1": {
    "class_id": 1,
    "centroid": [
      291.2543640136719,
      143.85777282714844
    ],
    "length": [
      134.8369598388672,
      195.4855499267578
    ],
    "angle": 86.56175231933594
  },
  "2": {
    "class_id": 2,
    "centroid": [
      290.1432800292969,
      147.83700561523438
    ],
    "length": [
      99.13338470458984,
      122.51918029785156
    ],
    "angle": 85.8919677734375
  },
  "global_mov": [
    281.9497522894036,
    145.27007215180058
  ]
}