{
  "1": {
    "class_id": 1,
    "centroid": [
      297.70745849609375,
      141.10540771484375
    ],
    "length": [
      137.73831176757812,
      193.54148864746094
    ],
    "angle": 86.96027374267578
  },
  "2": {
    "class_id": 2,
    "centroid": [
      300.2969665527344,
      141.63192749023438
    ],
    "length": [
      102.5748062133789,
      131.47500610351562
    ],
    "angle": 81.77255249023438
  },
  "global_mov": [
    275.2012517344704,
    142.18036949515593
  ]
}