{
  "1": {
    "class_id": 1,
    "centroid": [
      288.18060302734375,
      162.77188110351562
    ],
    "length": [
      133.7486114501953,
      195.44529724121094
    ],
    "angle": 90.067138671875
  },
  "2": {
    "class_id": 2,
    "centroid": [
      290.27020263671875,
      162.52835083007812
    ],
    "length": [
      98.5693588256836,
      134.4556121826172
    ],
    "angle": 86.78466796875
  },
  "global_mov": [
    270.72077696422554,
    149.81816551408988
  ]
}