{
  "1": {
    "class_id": 1,
    "centroid": [
      280.21484375,
      147.14744567871094
    ],
    "length": [
      136.54745483398438,
      194.93353271484375
    ],
    "angle": 88.26749420166016
  },
  "2": {
    "class_id": 2,
    "centroid": [
      281.8689270019531,
      146.51669311523438
    ],
    "length": [
      100.26818084716797,
      134.23036193847656
    ],
    "angle": 82.58917999267578
  },
  "global_mov": [
    262.9757858048606,
    144.91966739693257
  ]
}