{
  "1": {
    "class_id": 1,
    "centroid": [
      302.5041198730469,
      149.6935272216797
    ],
    "length": [
      150.0242919921875,
      213.9370880126953
    ],
    "angle": 91.57343292236328
  },
  "2": {
    "class_id": 2,
    "centroid": [
      307.1598815917969,
      151.09796142578125
    ],
    "length": [
      100.65375518798828,
      133.88523864746094
    ],
    "angle": 93.53597259521484
  },
  "global_mov": [
    258.50393181189037,
    138.91535513590978
  ],
  "4": {
    "class_id": "slit knife",
    "tip": [
      259.32017550211026,
      214.33347111471105
    ],
    "length": 122.28845977783203,
    "angle": 45.567264556884766
  }
}