{
  "1": {
    "class_id": 1,
    "centroid": [
      281.8688659667969,
      140.98190307617188
    ],
    "length": [
      136.9708709716797,
      191.89695739746094
    ],
    "angle": 90.4518051147461
  },
  "2": {
    "class_id": 2,
    "centroid": [
      283.4970397949219,
      141.03121948242188
    ],
    "length": [
      94.77982330322266,
      125.1366958618164
    ],
    "angle": 92.89358520507812
  },
  "global_mov": [
    268.7579871649145,
    133.12891469179735
  ]
}