{
  "1": {
    "class_id": 1,
    "centroid": [
      307.75653076171875,
      163.0872802734375
    ],
    "length": [
      134.61302185058594,
      196.99807739257812
    ],
    "angle": 91.30075073242188
  },
  "2": {
    "class_id": 2,
    "centroid": [
      308.68060302734375,
      162.71827697753906
    ],
    "length": [
      97.7624740600586,
      133.6804962158203
    ],
    "angle": 91.7655029296875
  },
  "global_mov": [
    273.6592936702054,
    142.482076029971
  ]
}