{
  "1": {
    "class_id": 1,
    "centroid": [
      300.3551025390625,
      147.574951171875
    ],
    "length": [
      132.67129516601562,
      195.57667541503906
    ],
    "angle": 90.8305435180664
  },
  "2": {
    "class_id": 2,
    "centroid": [
      297.9018249511719,
      147.8967742919922
    ],
    "length": [
      94.95899200439453,
      126.50192260742188
    ],
    "angle": 88.83686828613281
  },
  "global_mov": [
    277.42029003395413,
    132.20960807361604
  ]
}