{
  "1": {
    "class_id": 1,
    "centroid": [
      295.5331115722656,
      129.91065979003906
    ],
    "length": [
      145.80027770996094,
      207.10194396972656
    ],
    "angle": 91.05736541748047
  },
  "2": {
    "class_id": 2,
    "centroid": [
      295.93670654296875,
      129.63369750976562
    ],
    "length": [
      97.27210235595703,
      126.38887023925781
    ],
    "angle": 93.09542846679688
  },
  "global_mov": [
    263.16397948455847,
    117.34854017080715
  ]
}