{
  "1": {
    "class_id": 1,
    "centroid": [
      301.2679443359375,
      162.43783569335938
    ],
    "length": [
      146.16815185546875,
      211.7166290283203
    ],
    "angle": 89.93902587890625
  },
  "2": {
    "class_id": 2,
    "centroid": [
      306.64697265625,
      164.07028198242188
    ],
    "length": [
      105.9314956665039,
      140.79840087890625
    ],
    "angle": 91.55333709716797
  },
  "global_mov": [
    273.43012691889544,
    155.14522384226942
  ]
}