{
  "1": {
    "class_id": 1,
    "centroid": [
      295.2891845703125,
      141.41415405273438
    ],
    "length": [
      136.04112243652344,
      195.38864135742188
    ],
    "angle": 90.4039535522461
  },
  "2": {
    "class_id": 2,
    "centroid": [
      297.55828857421875,
      141.6500244140625
    ],
    "length": [
      97.24210357666016,
      133.3898162841797
    ],
    "angle": 95.74992370605469
  },
  "global_mov": [
    264.6493769649224,
    128.85671056867758
  ]
}