{
  "1": {
    "class_id": 1,
    "centroid": [
      289.9402770996094,
      166.476318359375
    ],
    "length": [
      148.86483764648438,
      210.6543731689453
    ],
    "angle": 90.98194122314453
  },
  "2": {
    "class_id": 2,
    "centroid": [
      291.3936767578125,
      168.5948028564453
    ],
    "length": [
      102.4133071899414,
      133.66175842285156
    ],
    "angle": 94.88032531738281
  },
  "global_mov": [
    263.27869430190515,
    146.34443322211303
  ]
}