{
  "1": {
    "class_id": 1,
    "centroid": [
      281.0643615722656,
      184.237060546875
    ],
    "length": [
      143.0294952392578,
      209.57852172851562
    ],
    "angle": 93.47576141357422
  },
  "2": {
    "class_id": 2,
    "centroid": [
      284.8110656738281,
      184.4785614013672
    ],
    "length": [
      96.57722473144531,
      133.6338348388672
    ],
    "angle": 93.50619506835938
  },
  "global_mov": [
    258.30539179727526,
    138.20047870601266
  ]
}