{
  "1": {
    "class_id": 1,
    "centroid": [
      292.3038330078125,
      163.1443328857422
    ],
    "length": [
      135.65782165527344,
      197.3856964111328
    ],
    "angle": 92.0277328491211
  },
  "2": {
    "class_id": 2,
    "centroid": [
      295.75311279296875,
      161.99168395996094
    ],
    "length": [
      99.72162628173828,
      130.49339294433594
    ],
    "angle": 90.45923614501953
  },
  "global_mov": [
    263.657942451633,
    150.2126184929413
  ]
}