{
  "1": {
    "class_id": 1,
    "centroid": [
      278.800537109375,
      137.73228454589844
    ],
    "length": [
      138.3164825439453,
      197.74911499023438
    ],
    "angle": 89.99957275390625
  },
  "2": {
    "class_id": 2,
    "centroid": [
      278.6910400390625,
      138.8206024169922
    ],
    "length": [
      100.38621520996094,
      131.96307373046875
    ],
    "angle": 89.628662109375
  },
  "global_mov": [
    263.4218921146468,
    127.35000673695045
  ]
}