{
  "1": {
    "class_id": 1,
    "centroid": [
      280.5662536621094,
      184.3936767578125
    ],
    "length": [
      142.5142059326172,
      209.81887817382812
    ],
    "angle": 93.34284973144531
  },
  "2": {
    "class_id": 2,
    "centroid": [
      283.9732360839844,
      184.35081481933594
    ],
    "length": [
      95.29365539550781,
      133.5803680419922
    ],
    "angle": 93.69022369384766
  },
  "global_mov": [
    259.11661849285525,
    137.7681784045312
  ]
}