{
  "1": {
    "class_id": 1,
    "centroid": [
      287.16876220703125,
      151.32228088378906
    ],
    "length": [
      136.6956329345703,
      197.79481506347656
    ],
    "angle": 89.76348114013672
  },
  "2": {
    "class_id": 2,
    "centroid": [
      290.3765869140625,
      151.48109436035156
    ],
    "length": [
      104.86003112792969,
      138.4390869140625
    ],
    "angle": 87.27644348144531
  },
  "global_mov": [
    264.13198339163125,
    146.8619277879485
  ]
}