{
  "1": {
    "class_id": 1,
    "centroid": [
      294.0174865722656,
      156.226318359375
    ],
    "length": [
      151.87013244628906,
      214.3035430908203
    ],
    "angle": 91.56908416748047
  },
  "2": {
    "class_id": 2,
    "centroid": [
      298.71661376953125,
      155.94793701171875
    ],
    "length": [
      99.6522445678711,
      131.84341430664062
    ],
    "angle": 92.21977996826172
  },
  "global_mov": [
    259.6094045787054,
    136.27822313725653
  ],
  "4": {
    "class_id": "slit knife",
    "tip": [
      261.9643761632663,
      251.9616571809621
    ],
    "length": 73.75042724609375,
    "angle": 42.878902435302734
  }
}