{
  "1": {
    "class_id": 1,
    "centroid": [
      291.56280517578125,
      152.4000701904297
    ],
    "length": [
      144.08322143554688,
      206.25392150878906
    ],
    "angle": 91.46341705322266
  },
  "2": {
    "class_id": 2,
    "centroid": [
      292.8897705078125,
      153.41488647460938
    ],
    "length": [
      98.57112121582031,
      129.90133666992188
    ],
    "angle": 94.70730590820312
  },
  "global_mov": [
    273.29720541897274,
    142.42179992531297
  ]
}