{
  "1": {
    "class_id": 1,
    "centroid": [
      304.2421569824219,
      149.76953125
    ],
    "length": [
      137.5960235595703,
      197.58383178710938
    ],
    "angle": 87.99486541748047
  },
  "2": {
    "class_id": 2,
    "centroid": [
      304.17578125,
      152.2288818359375
    ],
    "length": [
      103.40947723388672,
      127.2183837890625
    ],
    "angle": 92.26947784423828
  },
  "global_mov": [
    266.5500526432241,
    149.215697388989
  ]
}