{
  "1": {
    "class_id": 1,
    "centroid": [
      280.5021057128906,
      140.45278930664062
    ],
    "length": [
      137.64987182617188,
      192.15028381347656
    ],
    "angle": 90.68069458007812
  },
  "2": {
    "class_id": 2,
    "centroid": [
      281.4877014160156,
      139.9185028076172
    ],
    "length": [
      94.49018096923828,
      124.43376922607422
    ],
    "angle": 91.96385955810547
  },
  "global_mov": [
    266.80653291848785,
    132.87863389351503
  ]
}