{
  "1": {
    "class_id": 1,
    "centroid": [
      281.39898681640625,
      141.17201232910156
    ],
    "length": [
      137.63133239746094,
      192.54383850097656
    ],
    "angle": 90.0347900390625
  },
  "2": {
    "class_id": 2,
    "centroid": [
      282.99664306640625,
      141.14295959472656
    ],
    "length": [
      95.0533447265625,
      124.30785369873047
    ],
    "angle": 93.52072143554688
  },
  "global_mov": [
    267.9653950987184,
    132.8645768616468
  ]
}