{
  "1": {
    "class_id": 1,
    "centroid": [
      274.7532043457031,
      175.91064453125
    ],
    "length": [
      129.034912109375,
      189.35952758789062
    ],
    "angle": 94.79166412353516
  },
  "2": {
    "class_id": 2,
    "centroid": [
      277.8201599121094,
      177.65650939941406
    ],
    "length": [
      95.06532287597656,
      135.24612426757812
    ],
    "angle": 94.55282592773438
  },
  "global_mov": [
    281.81203519431386,
    146.94959755685872
  ]
}