{
  "1": {
    "class_id": 1,
    "centroid": [
      282.18109130859375,
      182.950927734375
    ],
    "length": [
      141.81362915039062,
      211.54981994628906
    ],
    "angle": 93.12850952148438
  },
  "2": {
    "class_id": 2,
    "centroid": [
      285.44342041015625,
      183.4021759033203
    ],
    "length": [
      96.42699432373047,
      133.5504913330078
    ],
    "angle": 93.70905303955078
  },
  "global_mov": [
    259.3878766628554,
    137.13111340464462
  ]
}