{
  "1": {
    "class_id": 1,
    "centroid": [
      303.4974365234375,
      149.5266876220703
    ],
    "length": [
      146.62843322753906,
      213.1313018798828
    ],
    "angle": 89.02155303955078
  },
  "2": {
    "class_id": 2,
    "centroid": [
      306.0085754394531,
      150.52322387695312
    ],
    "length": [
      97.30219268798828,
      133.5768585205078
    ],
    "angle": 94.2882308959961
  },
  "global_mov": [
    264.688915967501,
    138.99552204539143
  ]
}