{
  "1": {
    "class_id": 1,
    "centroid": [
      278.6319885253906,
      138.74862670898438
    ],
    "length": [
      144.76519775390625,
      204.54771423339844
    ],
    "angle": 91.98248291015625
  },
  "2": {
    "class_id": 2,
    "centroid": [
      277.8211669921875,
      139.2317352294922
    ],
    "length": [
      95.93762969970703,
      129.81307983398438
    ],
    "angle": 93.04409790039062
  },
  "global_mov": [
    254.49091189960404,
    116.73680104066172
  ]
}