{
  "1": {
    "class_id": 1,
    "centroid": [
      286.5511779785156,
      153.2198944091797
    ],
    "length": [
      132.38755798339844,
      196.7985382080078
    ],
    "angle": 88.62812042236328
  },
  "2": {
    "class_id": 2,
    "centroid": [
      289.6274108886719,
      153.77197265625
    ],
    "length": [
      97.86449432373047,
      135.7915802001953
    ],
    "angle": 82.9951171875
  },
  "global_mov": [
    260.98173031920373,
    141.49873668986504
  ]
}