{
  "1": {
    "class_id": 1,
    "centroid": [
      305.6927490234375,
      157.99423217773438
    ],
    "length": [
      145.34567260742188,
      208.68983459472656
    ],
    "angle": 90.77932739257812
  },
  "2": {
    "class_id": 2,
    "centroid": [
      306.5007019042969,
      159.10882568359375
    ],
    "length": [
      99.84651184082031,
      133.0928955078125
    ],
    "angle": 94.58329010009766
  },
  "global_mov": [
    259.7698094024582,
    142.13035311200244
  ]
}