{
  "1": {
    "class_id": 1,
    "centroid": [
      410.41351318359375,
      186.5969696044922
    ],
    "length": [
      147.84107971191406,
      217.89154052734375
    ],
    "angle": 88.09345245361328
  },
  "2": {
    "class_id": 2,
    "centroid": [
      412.4680480957031,
      188.88150024414062
    ],
    "length": [
      103.56526184082031,
      140.1725616455078
    ],
    "angle": 87.42422485351562
  },
  "global_mov": [
    279.9864359665962,
    163.42077596168653
  ]
}