{
  "1": {
    "class_id": 1,
    "centroid": [
      226.20330810546875,
      127.96466064453125
    ],
    "length": [
      137.90972900390625,
      196.603515625
    ],
    "angle": 90.2061996459961
  },
  "2": {
    "class_id": 2,
    "centroid": [
      228.9667510986328,
      129.09100341796875
    ],
    "length": [
      99.15128326416016,
      127.75743865966797
    ],
    "angle": 81.99715423583984
  },
  "global_mov": [
    230.6133868802323,
    128.40382452046552
  ]
}