{
  "1": {
    "class_id": 1,
    "centroid": [
      295.6787109375,
      165.34030151367188
    ],
    "length": [
      136.15267944335938,
      196.74383544921875
    ],
    "angle": 91.77372741699219
  },
  "2": {
    "class_id": 2,
    "centroid": [
      299.3047180175781,
      163.8679656982422
    ],
    "length": [
      100.65696716308594,
      140.4447021484375
    ],
    "angle": 87.48194885253906
  },
  "global_mov": [
    264.57952537291686,
    151.6687734565896
  ]
}