{
  "1": {
    "class_id": 1,
    "centroid": [
      296.98876953125,
      127.58137512207031
    ],
    "length": [
      135.15635681152344,
      193.878662109375
    ],
    "angle": 88.54039764404297
  },
  "2": {
    "class_id": 2,
    "centroid": [
      298.5820007324219,
      126.68720245361328
    ],
    "length": [
      91.87654876708984,
      116.4571304321289
    ],
    "angle": 82.71292877197266
  },
  "global_mov": [
    259.5978255872362,
    119.67642625330207
  ]
}