{
  "1": {
    "class_id": 1,
    "centroid": [
      290.6371154785156,
      170.6354217529297
    ],
    "length": [
      130.7000274658203,
      194.3162384033203
    ],
    "angle": 92.95062255859375
  },
  "2": {
    "class_id": 2,
    "centroid": [
      294.7574768066406,
      169.62371826171875
    ],
    "length": [
      93.58213806152344,
      136.04029846191406
    ],
    "angle": 92.68104553222656
  },
  "global_mov": [
    279.17817804514146,
    146.53493025069582
  ]
}