{
  "1": {
    "class_id": 1,
    "centroid": [
      304.46014404296875,
      149.91372680664062
    ],
    "length": [
      137.7157440185547,
      198.40391540527344
    ],
    "angle": 87.71907806396484
  },
  "2": {
    "class_id": 2,
    "centroid": [
      305.1199951171875,
      151.03675842285156
    ],
    "length": [
      103.63150787353516,
      129.4180908203125
    ],
    "angle": 89.29496765136719
  },
  "global_mov": [
    269.2032872008891,
    150.35876546846853
  ]
}