{
  "1": {
    "class_id": 1,
    "centroid": [
      309.1918640136719,
      148.90078735351562
    ],
    "length": [
      146.4816436767578,
      210.927978515625
    ],
    "angle": 88.158935546875
  },
  "2": {
    "class_id": 2,
    "centroid": [
      310.5240783691406,
      150.16224670410156
    ],
    "length": [
      99.04159545898438,
      132.2927703857422
    ],
    "angle": 92.85316467285156
  },
  "global_mov": [
    269.2648862920221,
    143.62375908861392
  ]
}