{
  "1": {
    "class_id": 1,
    "centroid": [
      304.397705078125,
      143.5728759765625
    ],
    "length": [
      136.31729125976562,
      194.9485321044922
    ],
    "angle": 90.62590789794922
  },
  "2": {
    "class_id": 2,
    "centroid": [
      305.55224609375,
      144.27182006835938
    ],
    "length": [
      98.96892547607422,
      132.40086364746094
    ],
    "angle": 93.15504455566406
  },
  "global_mov": [
    274.48921553986884,
    132.21564321789666
  ]
}