{
  "1": {
    "class_id": 1,
    "centroid": [
      272.4784851074219,
      142.5015411376953
    ],
    "length": [
      148.88363647460938,
      208.4698944091797
    ],
    "angle": 90.66475677490234
  },
  "2": {
    "class_id": 2,
    "centroid": [
      276.95391845703125,
      143.96658325195312
    ],
    "length": [
      101.28923797607422,
      132.89439392089844
    ],
    "angle": 95.1268081665039
  },
  "global_mov": [
    256.47686559314445,
    132.34552995233793
  ]
}