{
  "1": {
    "class_id": 1,
    "centroid": [
      305.0584716796875,
      141.0793914794922
    ],
    "length": [
      136.72113037109375,
      197.82537841796875
    ],
    "angle": 87.13138580322266
  },
  "2": {
    "class_id": 2,
    "centroid": [
      303.6784973144531,
      145.44459533691406
    ],
    "length": [
      99.41934967041016,
      125.93260955810547
    ],
    "angle": 91.3467788696289
  },
  "global_mov": [
    277.70410121278513,
    146.7173518013336
  ]
}