{
  "1": {
    "class_id": 1,
    "centroid": [
      300.3050231933594,
      158.4823455810547
    ],
    "length": [
      146.9860382080078,
      210.96820068359375
    ],
    "angle": 90.7162857055664
  },
  "2": {
    "class_id": 2,
    "centroid": [
      304.7674560546875,
      159.3874969482422
    ],
    "length": [
      107.17871856689453,
      140.1498260498047
    ],
    "angle": 90.43658447265625
  },
  "global_mov": [
    268.3572493944527,
    151.24564032570984
  ]
}