{
  "1": {
    "class_id": 1,
    "centroid": [
      283.5413513183594,
      142.36276245117188
    ],
    "length": [
      144.1885223388672,
      202.14805603027344
    ],
    "angle": 91.85855865478516
  },
  "2": {
    "class_id": 2,
    "centroid": [
      284.4390869140625,
      143.09573364257812
    ],
    "length": [
      96.7405014038086,
      128.6490478515625
    ],
    "angle": 94.1958236694336
  },
  "global_mov": [
    248.38941620982112,
    115.44980536101905
  ]
}