{
  "1": {
    "class_id": 1,
    "centroid": [
      263.02313232421875,
      159.6871337890625
    ],
    "length": [
      145.18777465820312,
      210.0067901611328
    ],
    "angle": 92.0693359375
  },
  "2": {
    "class_id": 2,
    "centroid": [
      266.2905578613281,
      160.35269165039062
    ],
    "length": [
      98.97503662109375,
      132.9888916015625
    ],
    "angle": 93.57788848876953
  },
  "global_mov": [
    260.97386760872814,
    135.35828671753055
  ]
}