{
  "1": {
    "class_id": 1,
    "centroid": [
      286.7846984863281,
      176.98121643066406
    ],
    "length": [
      142.88414001464844,
      211.13192749023438
    ],
    "angle": 92.35145568847656
  },
  "2": {
    "class_id": 2,
    "centroid": [
      290.5471496582031,
      177.80271911621094
    ],
    "length": [
      97.03250885009766,
      135.89358520507812
    ],
    "angle": 93.25473022460938
  },
  "global_mov": [
    258.0181551281871,
    139.3732962121414
  ]
}