{
  "1": {
    "class_id": 1,
    "centroid": [
      294.9517822265625,
      161.9539031982422
    ],
    "length": [
      137.11744689941406,
      196.37338256835938
    ],
    "angle": 90.57238006591797
  },
  "2": {
    "class_id": 2,
    "centroid": [
      295.6263732910156,
      161.83534240722656
    ],
    "length": [
      99.05912780761719,
      132.56668090820312
    ],
    "angle": 88.19867706298828
  },
  "global_mov": [
    268.4956912705879,
    151.73276893431336
  ]
}