{
  "1": {
    "class_id": 1,
    "centroid": [
      299.2008972167969,
      118.64861297607422
    ],
    "length": [
      135.45516967773438,
      196.9172821044922
    ],
    "angle": 88.28205871582031
  },
  "2": {
    "class_id": 2,
    "centroid": [
      299.7798767089844,
      113.8067855834961
    ],
    "length": [
      94.75748443603516,
      122.85717010498047
    ],
    "angle": 84.72419738769531
  },
  "global_mov": [
    266.4578845325495,
    122.7028388099706
  ]
}