{
  "1": {
    "class_id": 1,
    "centroid": [
      300.2056579589844,
      157.2428741455078
    ],
    "length": [
      146.79185485839844,
      210.7890625
    ],
    "angle": 91.04135131835938
  },
  "2": {
    "class_id": 2,
    "centroid": [
      304.3995666503906,
      157.89166259765625
    ],
    "length": [
      106.9775390625,
      140.24359130859375
    ],
    "angle": 90.12014770507812
  },
  "global_mov": [
    268.39549317379175,
    151.3259916239911
  ]
}