{
  "1": {
    "class_id": 1,
    "centroid": [
      284.0517272949219,
      151.0626983642578
    ],
    "length": [
      133.36270141601562,
      194.52264404296875
    ],
    "angle": 88.04159545898438
  },
  "2": {
    "class_id": 2,
    "centroid": [
      282.599609375,
      154.09388732910156
    ],
    "length": [
      96.37649536132812,
      125.15044403076172
    ],
    "angle": 80.24469757080078
  },
  "global_mov": [
    284.4997584533085,
    148.1605907539592
  ]
}