{
  "1": {
    "class_id": 1,
    "centroid": [
      292.394775390625,
      149.2379608154297
    ],
    "length": [
      145.01956176757812,
      207.2417449951172
    ],
    "angle": 91.23893737792969
  },
  "2": {
    "class_id": 2,
    "centroid": [
      293.4774475097656,
      150.31170654296875
    ],
    "length": [
      98.7735595703125,
      130.7126007080078
    ],
    "angle": 94.18104553222656
  },
  "global_mov": [
    268.0977047234352,
    139.17592724675785
  ]
}