{
  "1": {
    "class_id": 1,
    "centroid": [
      288.15277099609375,
      136.2308807373047
    ],
    "length": [
      134.99295043945312,
      193.93748474121094
    ],
    "angle": 89.98646545410156
  },
  "2": {
    "class_id": 2,
    "centroid": [
      288.431640625,
      135.9119415283203
    ],
    "length": [
      99.1500015258789,
      133.15286254882812
    ],
    "angle": 84.14761352539062
  },
  "global_mov": [
    275.67030332954715,
    130.66023432363093
  ]
}