{
  "1": {
    "class_id": 1,
    "centroid": [
      295.25048828125,
      150.05889892578125
    ],
    "length": [
      131.49513244628906,
      194.89480590820312
    ],
    "angle": 91.09793853759766
  },
  "2": {
    "class_id": 2,
    "centroid": [
      298.5875244140625,
      147.4581756591797
    ],
    "length": [
      90.565185546875,
      133.49969482421875
    ],
    "angle": 94.30945587158203
  },
  "global_mov": [
    270.0416702158966,
    129.23770645565045
  ]
}