{
  "1": {
    "class_id": 1,
    "centroid": [
      291.5827941894531,
      153.0749969482422
    ],
    "length": [
      144.84326171875,
      207.6212158203125
    ],
    "angle": 91.04894256591797
  },
  "2": {
    "class_id": 2,
    "centroid": [
      292.7324523925781,
      153.99180603027344
    ],
    "length": [
      99.45677185058594,
      130.16937255859375
    ],
    "angle": 94.7581558227539
  },
  "global_mov": [
    266.5045807755592,
    140.88545844779517
  ]
}