{
  "1": {
    "class_id": 1,
    "centroid": [
      288.58721923828125,
      149.29786682128906
    ],
    "length": [
      144.8192901611328,
      205.5513153076172
    ],
    "angle": 91.029296875
  },
  "2": {
    "class_id": 2,
    "centroid": [
      289.32489013671875,
      150.1984100341797
    ],
    "length": [
      98.27072143554688,
      130.65383911132812
    ],
    "angle": 93.89534759521484
  },
  "global_mov": [
    259.4525633432479,
    136.64945316658515
  ]
}