{
  "1": {
    "class_id": 1,
    "centroid": [
      292.07427978515625,
      144.7818603515625
    ],
    "length": [
      135.60800170898438,
      196.0984344482422
    ],
    "angle": 88.59471130371094
  },
  "2": {
    "class_id": 2,
    "centroid": [
      297.058349609375,
      143.61917114257812
    ],
    "length": [
      96.3121337890625,
      132.6781768798828
    ],
    "angle": 87.87157440185547
  },
  "global_mov": [
    276.0112129537285,
    138.54600687980817
  ]
}