{
  "1": {
    "class_id": 1,
    "centroid": [
      251.55125427246094,
      150.26698303222656
    ],
    "length": [
      143.59658813476562,
      208.38580322265625
    ],
    "angle": 90.26494598388672
  },
  "2": {
    "class_id": 2,
    "centroid": [
      257.31842041015625,
      153.14111328125
    ],
    "length": [
      98.92414093017578,
      132.88626098632812
    ],
    "angle": 90.84501647949219
  },
  "global_mov": [
    238.44171054585922,
    132.28777930092093
  ]
}