{
  "1": {
    "class_id": 1,
    "centroid": [
      296.91278076171875,
      153.94297790527344
    ],
    "length": [
      150.82150268554688,
      214.89297485351562
    ],
    "angle": 90.53246307373047
  },
  "2": {
    "class_id": 2,
    "centroid": [
      302.5791015625,
      154.58132934570312
    ],
    "length": [
      100.7249984741211,
      133.2316131591797
    ],
    "angle": 93.20417022705078
  },
  "global_mov": [
    258.3304501150328,
    136.8993277733133
  ],
  "4": {
    "class_id": "slit knife",
    "tip": [
      257.00001093439147,
      236.0000043243976
    ],
    "length": 94.7522964477539,
    "angle": 45.0
  }
}