{
  "1": {
    "class_id": 1,
    "centroid": [
      288.38848876953125,
      152.5037841796875
    ],
    "length": [
      144.10507202148438,
      206.39842224121094
    ],
    "angle": 91.26499938964844
  },
  "2": {
    "class_id": 2,
    "centroid": [
      289.2195129394531,
      153.5107879638672
    ],
    "length": [
      98.690673828125,
      130.96241760253906
    ],
    "angle": 93.86510467529297
  },
  "global_mov": [
    258.5434765745536,
    139.32763077196907
  ]
}