{
  "1": {
    "class_id": 1,
    "centroid": [
      269.544921875,
      143.48617553710938
    ],
    "length": [
      148.38421630859375,
      210.34683227539062
    ],
    "angle": 91.38085174560547
  },
  "2": {
    "class_id": 2,
    "centroid": [
      274.0014343261719,
      145.1378936767578
    ],
    "length": [
      102.68309783935547,
      132.55892944335938
    ],
    "angle": 94.54125213623047
  },
  "global_mov": [
    254.1398944087604,
    132.37501456845672
  ]
}