{
  "1": {
    "class_id": 1,
    "centroid": [
      278.8775634765625,
      180.44149780273438
    ],
    "length": [
      144.0446014404297,
      211.6564178466797
    ],
    "angle": 92.27619171142578
  },
  "2": {
    "class_id": 2,
    "centroid": [
      282.3421325683594,
      179.85604858398438
    ],
    "length": [
      96.52787780761719,
      134.09927368164062
    ],
    "angle": 93.32415771484375
  },
  "global_mov": [
    256.8531282912863,
    137.91150948723592
  ]
}