{
  "1": {
    "class_id": 1,
    "centroid": [
      286.8896179199219,
      157.8042755126953
    ],
    "length": [
      134.23773193359375,
      199.19183349609375
    ],
    "angle": 90.89662170410156
  },
  "2": {
    "class_id": 2,
    "centroid": [
      289.2710266113281,
      156.8173828125
    ],
    "length": [
      101.69917297363281,
      138.8816680908203
    ],
    "angle": 85.30412292480469
  },
  "global_mov": [
    259.3276127819223,
    143.8814071791028
  ]
}