{
  "1": {
    "class_id": 1,
    "centroid": [
      277.73455810546875,
      179.36233520507812
    ],
    "length": [
      139.87554931640625,
      209.9829864501953
    ],
    "angle": 93.76943969726562
  },
  "2": {
    "class_id": 2,
    "centroid": [
      280.4195556640625,
      179.44583129882812
    ],
    "length": [
      93.71395111083984,
      135.40228271484375
    ],
    "angle": 94.47926330566406
  },
  "global_mov": [
    253.09470190453575,
    133.99855578447554
  ]
}