{
  "1": {
    "class_id": 1,
    "centroid": [
      274.51055908203125,
      146.8399658203125
    ],
    "length": [
      135.2283935546875,
      196.2084197998047
    ],
    "angle": 89.6424331665039
  },
  "2": {
    "class_id": 2,
    "centroid": [
      277.74212646484375,
      146.27162170410156
    ],
    "length": [
      102.70061492919922,
      139.8414764404297
    ],
    "angle": 85.374267578125
  },
  "global_mov": [
    256.28386981193177,
    141.48514138126126
  ]
}