{
  "1": {
    "class_id": 1,
    "centroid": [
      288.1082763671875,
      145.90184020996094
    ],
    "length": [
      134.6597900390625,
      194.3826904296875
    ],
    "angle": 86.78665161132812
  },
  "2": {
    "class_id": 2,
    "centroid": [
      287.13543701171875,
      149.8206024169922
    ],
    "length": [
      97.94673919677734,
      125.55813598632812
    ],
    "angle": 83.44847106933594
  },
  "global_mov": [
    282.2655174738054,
    144.75249848484924
  ]
}