{
  "1": {
    "class_id": 1,
    "centroid": [
      292.7609558105469,
      163.7104949951172
    ],
    "length": [
      136.1680450439453,
      198.33250427246094
    ],
    "angle": 92.20375061035156
  },
  "2": {
    "class_id": 2,
    "centroid": [
      296.4579772949219,
      162.9498748779297
    ],
    "length": [
      99.34646606445312,
      128.55592346191406
    ],
    "angle": 89.72210693359375
  },
  "global_mov": [
    263.2929688394227,
    149.96838935260675
  ]
}