{
  "1": {
    "class_id": 1,
    "centroid": [
      263.61932373046875,
      159.3438262939453
    ],
    "length": [
      145.27272033691406,
      209.61703491210938
    ],
    "angle": 92.53800201416016
  },
  "2": {
    "class_id": 2,
    "centroid": [
      266.5947265625,
      160.15985107421875
    ],
    "length": [
      99.30604553222656,
      132.6585693359375
    ],
    "angle": 93.33904266357422
  },
  "global_mov": [
    262.3219390064172,
    135.6529547796091
  ]
}