{
  "1": {
    "class_id": 1,
    "centroid": [
      294.08154296875,
      153.9097442626953
    ],
    "length": [
      145.46649169921875,
      208.4325714111328
    ],
    "angle": 90.99375915527344
  },
  "2": {
    "class_id": 2,
    "centroid": [
      294.7240295410156,
      154.22239685058594
    ],
    "length": [
      99.04720306396484,
      130.2841796875
    ],
    "angle": 93.52780151367188
  },
  "global_mov": [
    256.2338767198358,
    140.01915897668223
  ]
}