{
  "1": {
    "class_id": 1,
    "centroid": [
      278.6200866699219,
      156.24346923828125
    ],
    "length": [
      132.31521606445312,
      193.93185424804688
    ],
    "angle": 91.00843811035156
  },
  "2": {
    "class_id": 2,
    "centroid": [
      282.8023376464844,
      155.9912109375
    ],
    "length": [
      97.0234146118164,
      125.54768371582031
    ],
    "angle": 91.43816375732422
  },
  "global_mov": [
    269.79050164822615,
    147.81825803465193
  ]
}