{
  "1": {
    "class_id": 1,
    "centroid": [
      280.36187744140625,
      183.97622680664062
    ],
    "length": [
      142.75889587402344,
      211.68289184570312
    ],
    "angle": 94.73495483398438
  },
  "2": {
    "class_id": 2,
    "centroid": [
      282.67596435546875,
      184.39154052734375
    ],
    "length": [
      96.55131530761719,
      134.92059326171875
    ],
    "angle": 94.74288940429688
  },
  "global_mov": [
    256.01707799503237,
    139.27212460315528
  ]
}