{
  "1": {
    "class_id": 1,
    "centroid": [
      300.3146667480469,
      141.2789306640625
    ],
    "length": [
      137.37550354003906,
      195.4801483154297
    ],
    "angle": 91.86268615722656
  },
  "2": {
    "class_id": 2,
    "centroid": [
      300.43194580078125,
      139.97064208984375
    ],
    "length": [
      95.7010726928711,
      132.41204833984375
    ],
    "angle": 90.5023422241211
  },
  "global_mov": [
    275.7933412668461,
    130.89484230638365
  ]
}