{
  "1": {
    "class_id": 1,
    "centroid": [
      298.4610290527344,
      142.4478302001953
    ],
    "length": [
      146.87762451171875,
      207.41091918945312
    ],
    "angle": 89.75480651855469
  },
  "2": {
    "class_id": 2,
    "centroid": [
      300.5273742675781,
      142.78717041015625
    ],
    "length": [
      102.12718200683594,
      130.92897033691406
    ],
    "angle": 90.37419891357422
  },
  "global_mov": [
    276.3518286090686,
    133.6392100532563
  ]
}