{
  "1": {
    "class_id": 1,
    "centroid": [
      294.52984619140625,
      148.8722381591797
    ],
    "length": [
      144.60223388671875,
      207.14210510253906
    ],
    "angle": 91.41053771972656
  },
  "2": {
    "class_id": 2,
    "centroid": [
      294.95428466796875,
      150.05699157714844
    ],
    "length": [
      98.88621520996094,
      130.56787109375
    ],
    "angle": 94.0079345703125
  },
  "global_mov": [
    272.6427004757158,
    139.0708656953685
  ]
}