{
  "1": {
    "class_id": 1,
    "centroid": [
      270.4293518066406,
      158.86463928222656
    ],
    "length": [
      131.11276245117188,
      192.29067993164062
    ],
    "angle": 92.0365219116211
  },
  "2": {
    "class_id": 2,
    "centroid": [
      274.6980285644531,
      159.2135467529297
    ],
    "length": [
      95.58512115478516,
      127.17959594726562
    ],
    "angle": 93.14564514160156
  },
  "global_mov": [
    290.93780754125737,
    144.8471349034961
  ]
}