{
  "1": {
    "class_id": 1,
    "centroid": [
      304.9967956542969,
      149.1431121826172
    ],
    "length": [
      148.2465057373047,
      213.72610473632812
    ],
    "angle": 92.06962585449219
  },
  "2": {
    "class_id": 2,
    "centroid": [
      309.6640319824219,
      150.6572265625
    ],
    "length": [
      100.67015838623047,
      134.44342041015625
    ],
    "angle": 93.6269302368164
  },
  "global_mov": [
    259.3164631521291,
    139.18084687506177
  ],
  "4": {
    "class_id": "slit knife",
    "tip": [
      266.0889596804069,
      210.05230019021067
    ],
    "length": 128.68838500976562,
    "angle": 45.50702667236328
  }
}