{
  "1": {
    "class_id": 1,
    "centroid": [
      293.4241027832031,
      155.27618408203125
    ],
    "length": [
      152.46066284179688,
      213.92230224609375
    ],
    "angle": 91.02252197265625
  },
  "2": {
    "class_id": 2,
    "centroid": [
      298.22821044921875,
      155.01004028320312
    ],
    "length": [
      99.49223327636719,
      131.42587280273438
    ],
    "angle": 92.669677734375
  },
  "global_mov": [
    259.43385546778046,
    136.00147056095003
  ],
  "4": {
    "class_id": "slit knife",
    "tip": [
      250.55256818369563,
      254.4566886096182
    ],
    "length": 71.97114562988281,
    "angle": 39.47245788574219
  }
}