{
  "1": {
    "class_id": 1,
    "centroid": [
      297.0009765625,
      141.99493408203125
    ],
    "length": [
      135.4466094970703,
      195.87806701660156
    ],
    "angle": 91.02027130126953
  },
  "2": {
    "class_id": 2,
    "centroid": [
      299.6537780761719,
      142.12164306640625
    ],
    "length": [
      97.33142852783203,
      133.51478576660156
    ],
    "angle": 95.28562927246094
  },
  "global_mov": [
    264.3768004715937,
    128.65745743747274
  ]
}