{
  "1": {
    "class_id": 1,
    "centroid": [
      271.83453369140625,
      174.981689453125
    ],
    "length": [
      128.08609008789062,
      189.90020751953125
    ],
    "angle": 94.92122650146484
  },
  "2": {
    "class_id": 2,
    "centroid": [
      275.15203857421875,
      176.14520263671875
    ],
    "length": [
      93.25689697265625,
      133.61700439453125
    ],
    "angle": 94.73587036132812
  },
  "global_mov": [
    289.42723243318045,
    147.02136434409798
  ]
}