{
  "1": {
    "class_id": 1,
    "centroid": [
      298.2768859863281,
      137.5863037109375
    ],
    "length": [
      135.54574584960938,
      197.3076171875
    ],
    "angle": 86.63398742675781
  },
  "2": {
    "class_id": 2,
    "centroid": [
      298.9683837890625,
      141.70054626464844
    ],
    "length": [
      95.78069305419922,
      127.81267547607422
    ],
    "angle": 82.93809509277344
  },
  "global_mov": [
    276.48594800899724,
    145.01269549572663
  ]
}