{
  "1": {
    "class_id": 1,
    "centroid": [
      315.711181640625,
      139.00881958007812
    ],
    "length": [
      137.4768829345703,
      199.08094787597656
    ],
    "angle": 85.591064453125
  },
  "2": {
    "class_id": 2,
    "centroid": [
      315.8987731933594,
      140.836669921875
    ],
    "length": [
      103.26427459716797,
      126.77252960205078
    ],
    "angle": 90.72283935546875
  },
  "global_mov": [
    274.8603567197092,
    151.85662737696552
  ]
}