{
  "1": {
    "class_id": 1,
    "centroid": [
      296.2226257324219,
      148.7302703857422
    ],
    "length": [
      144.87274169921875,
      205.58673095703125
    ],
    "angle": 91.47534942626953
  },
  "2": {
    "class_id": 2,
    "centroid": [
      296.405029296875,
      149.7663116455078
    ],
    "length": [
      99.09636688232422,
      129.55252075195312
    ],
    "angle": 95.44691467285156
  },
  "global_mov": [
    273.11627454256507,
    138.69972056863773
  ]
}