{
  "1": {
    "class_id": 1,
    "centroid": [
      285.0324401855469,
      146.04640197753906
    ],
    "length": [
      145.68728637695312,
      205.75210571289062
    ],
    "angle": 92.06229400634766
  },
  "2": {
    "class_id": 2,
    "centroid": [
      285.05352783203125,
      146.76580810546875
    ],
    "length": [
      96.66463470458984,
      129.0772705078125
    ],
    "angle": 92.36531066894531
  },
  "global_mov": [
    260.0068758897391,
    122.12455188652645
  ]
}