{
  "1": {
    "class_id": 1,
    "centroid": [
      306.2295837402344,
      160.95913696289062
    ],
    "length": [
      135.37306213378906,
      198.61550903320312
    ],
    "angle": 89.85467529296875
  },
  "2": {
    "class_id": 2,
    "centroid": [
      308.9029846191406,
      160.29713439941406
    ],
    "length": [
      98.5796127319336,
      136.5514678955078
    ],
    "angle": 88.0831069946289
  },
  "global_mov": [
    279.81998631698406,
    143.8821462780007
  ]
}