{
  "1": {
    "class_id": 1,
    "centroid": [
      284.47808837890625,
      180.74864196777344
    ],
    "length": [
      143.4139404296875,
      212.33224487304688
    ],
    "angle": 92.94977569580078
  },
  "2": {
    "class_id": 2,
    "centroid": [
      288.2747802734375,
      181.3587188720703
    ],
    "length": [
      97.49867248535156,
      135.3457489013672
    ],
    "angle": 93.7318115234375
  },
  "global_mov": [
    262.818773342944,
    135.92265254274827
  ]
}