{
  "1": {
    "class_id": 1,
    "centroid": [
      318.66619873046875,
      157.1749267578125
    ],
    "length": [
      138.07858276367188,
      200.44662475585938
    ],
    "angle": 87.64095306396484
  },
  "2": {
    "class_id": 2,
    "centroid": [
      320.0738525390625,
      157.5364532470703
    ],
    "length": [
      103.66075897216797,
      130.87559509277344
    ],
    "angle": 86.30191802978516
  },
  "global_mov": [
    282.481309356438,
    159.15568688485402
  ]
}