{
  "1": {
    "class_id": 1,
    "centroid": [
      265.2134094238281,
      160.98951721191406
    ],
    "length": [
      145.17784118652344,
      210.21543884277344
    ],
    "angle": 92.34358978271484
  },
  "2": {
    "class_id": 2,
    "centroid": [
      268.2739562988281,
      161.45245361328125
    ],
    "length": [
      97.17440795898438,
      131.8746795654297
    ],
    "angle": 94.39344024658203
  },
  "global_mov": [
    247.97375978021606,
    118.79211269343004
  ]
}