{
  "1": {
    "class_id": 1,
    "centroid": [
      298.137451171875,
      141.67044067382812
    ],
    "length": [
      148.3138427734375,
      207.15834045410156
    ],
    "angle": 90.1151351928711
  },
  "2": {
    "class_id": 2,
    "centroid": [
      302.3483581542969,
      143.2100830078125
    ],
    "length": [
      103.74769592285156,
      134.27101135253906
    ],
    "angle": 93.01760864257812
  },
  "global_mov": [
    277.3726855186066,
    132.7146813260682
  ]
}