{
  "1": {
    "class_id": 1,
    "centroid": [
      273.9287414550781,
      176.40504455566406
    ],
    "length": [
      129.5747833251953,
      188.5467529296875
    ],
    "angle": 94.13280487060547
  },
  "2": {
    "class_id": 2,
    "centroid": [
      277.3596496582031,
      177.49522399902344
    ],
    "length": [
      95.12464141845703,
      135.0153350830078
    ],
    "angle": 94.74147033691406
  },
  "global_mov": [
    286.9492691091859,
    147.72295132516206
  ]
}