{
  "1": {
    "class_id": 1,
    "centroid": [
      301.8808898925781,
      163.93475341796875
    ],
    "length": [
      149.2903594970703,
      211.79428100585938
    ],
    "angle": 91.34286499023438
  },
  "2": {
    "class_id": 2,
    "centroid": [
      303.3348083496094,
      166.13711547851562
    ],
    "length": [
      102.18830108642578,
      134.45530700683594
    ],
    "angle": 94.22901153564453
  },
  "global_mov": [
    268.0319510630216,
    150.69847860196282
  ]
}