{
  "1": {
    "class_id": 1,
    "centroid": [
      297.6438903808594,
      142.50852966308594
    ],
    "length": [
      135.39285278320312,
      194.44290161132812
    ],
    "angle": 90.13040161132812
  },
  "2": {
    "class_id": 2,
    "centroid": [
      295.76898193359375,
      141.98904418945312
    ],
    "length": [
      97.2657241821289,
      126.51494598388672
    ],
    "angle": 84.6594467163086
  },
  "global_mov": [
    272.97730663321613,
    132.61397630565367
  ]
}