{
  "1": {
    "class_id": 1,
    "centroid": [
      295.3977966308594,
      121.37350463867188
    ],
    "length": [
      135.76516723632812,
      196.07418823242188
    ],
    "angle": 88.77658081054688
  },
  "2": {
    "class_id": 2,
    "centroid": [
      295.145263671875,
      118.52706146240234
    ],
    "length": [
      94.49927520751953,
      126.54412841796875
    ],
    "angle": 89.92909240722656
  },
  "global_mov": [
    267.4697917970989,
    123.9747128119946
  ]
}