{
  "1": {
    "class_id": 1,
    "centroid": [
      285.76837158203125,
      181.02032470703125
    ],
    "length": [
      142.9796142578125,
      211.3174591064453
    ],
    "angle": 92.66638946533203
  },
  "2": {
    "class_id": 2,
    "centroid": [
      289.5657043457031,
      181.58200073242188
    ],
    "length": [
      96.96302795410156,
      134.4568328857422
    ],
    "angle": 93.60906219482422
  },
  "global_mov": [
    262.02778557943844,
    136.60720961302104
  ]
}