{
  "1": {
    "class_id": 1,
    "centroid": [
      296.6552429199219,
      147.73126220703125
    ],
    "length": [
      145.2666015625,
      205.4700469970703
    ],
    "angle": 91.37926483154297
  },
  "2": {
    "class_id": 2,
    "centroid": [
      297.5354309082031,
      148.6260986328125
    ],
    "length": [
      99.12177276611328,
      130.85670471191406
    ],
    "angle": 94.81781768798828
  },
  "global_mov": [
    271.7631526999705,
    138.09036944252713
  ]
}