{
  "1": {
    "class_id": 1,
    "centroid": [
      315.82513427734375,
      140.9427947998047
    ],
    "length": [
      149.39793395996094,
      212.15550231933594
    ],
    "angle": 91.29657745361328
  },
  "2": {
    "class_id": 2,
    "centroid": [
      318.9501037597656,
      139.86422729492188
    ],
    "length": [
      99.82418060302734,
      133.21888732910156
    ],
    "angle": 93.41646575927734
  },
  "global_mov": [
    273.8552601662447,
    117.24234942946389
  ]
}