{
  "1": {
    "class_id": 1,
    "centroid": [
      276.9100341796875,
      140.48162841796875
    ],
    "length": [
      144.02357482910156,
      203.32737731933594
    ],
    "angle": 92.26646423339844
  },
  "2": {
    "class_id": 2,
    "centroid": [
      276.26239013671875,
      140.84376525878906
    ],
    "length": [
      96.3031234741211,
      128.846923828125
    ],
    "angle": 94.14572143554688
  },
  "global_mov": [
    254.5498765720804,
    119.87577956190948
  ]
}