{
  "1": {
    "class_id": 1,
    "centroid": [
      288.01116943359375,
      177.21408081054688
    ],
    "length": [
      139.89317321777344,
      213.3833770751953
    ],
    "angle": 93.20486450195312
  },
  "2": {
    "class_id": 2,
    "centroid": [
      291.4156188964844,
      179.4996337890625
    ],
    "length": [
      97.21449279785156,
      135.52725219726562
    ],
    "angle": 93.94862365722656
  },
  "global_mov": [
    254.59453334441056,
    139.61424188508033
  ]
}