{
  "1": {
    "class_id": 1,
    "centroid": [
      289.0531005859375,
      174.4114990234375
    ],
    "length": [
      141.72232055664062,
      210.80859375
    ],
    "angle": 94.02191925048828
  },
  "2": {
    "class_id": 2,
    "centroid": [
      291.6557922363281,
      174.06900024414062
    ],
    "length": [
      94.70051574707031,
      132.60812377929688
    ],
    "angle": 94.36024475097656
  },
  "global_mov": [
    254.694168242772,
    125.7356490737506
  ]
}