{
  "1": {
    "class_id": 1,
    "centroid": [
      278.9813537597656,
      137.78663635253906
    ],
    "length": [
      144.92018127441406,
      203.67002868652344
    ],
    "angle": 91.92816162109375
  },
  "2": {
    "class_id": 2,
    "centroid": [
      278.7446594238281,
      138.10342407226562
    ],
    "length": [
      95.45551300048828,
      129.215087890625
    ],
    "angle": 92.61988830566406
  },
  "global_mov": [
    254.4160994837508,
    116.89902676157688
  ]
}