{
  "1": {
    "class_id": 1,
    "centroid": [
      312.5955810546875,
      137.41000366210938
    ],
    "length": [
      136.8142852783203,
      198.44667053222656
    ],
    "angle": 85.61376190185547
  },
  "2": {
    "class_id": 2,
    "centroid": [
      312.1679382324219,
      139.6347198486328
    ],
    "length": [
      102.77511596679688,
      127.5423812866211
    ],
    "angle": 91.60030364990234
  },
  "global_mov": [
    274.8620860927442,
    152.0098883973223
  ]
}