{
  "1": {
    "class_id": 1,
    "centroid": [
      308.1440734863281,
      147.05331420898438
    ],
    "length": [
      147.58010864257812,
      216.73133850097656
    ],
    "angle": 92.77613830566406
  },
  "2": {
    "class_id": 2,
    "centroid": [
      312.09881591796875,
      149.04466247558594
    ],
    "length": [
      100.75517272949219,
      133.36068725585938
    ],
    "angle": 93.54866027832031
  },
  "global_mov": [
    259.88493132062956,
    140.02753431245648
  ],
  "4": {
    "class_id": "slit knife",
    "tip": [
      279.9526008390853,
      195.86770417422227
    ],
    "length": 147.07333374023438,
    "angle": 46.27302932739258
  }
}