{
  "1": {
    "class_id": 1,
    "centroid": [
      299.3072204589844,
      156.53958129882812
    ],
    "length": [
      134.7899169921875,
      193.0126495361328
    ],
    "angle": 90.51554107666016
  },
  "2": {
    "class_id": 2,
    "centroid": [
      301.05316162109375,
      157.36416625976562
    ],
    "length": [
      99.60626983642578,
      132.59544372558594
    ],
    "angle": 93.00591278076172
  },
  "global_mov": [
    272.8768078834451,
    143.63506698744163
  ]
}