{
  "1": {
    "class_id": 1,
    "centroid": [
      294.4519958496094,
      149.0115203857422
    ],
    "length": [
      130.4685821533203,
      195.1011199951172
    ],
    "angle": 91.06139373779297
  },
  "2": {
    "class_id": 2,
    "centroid": [
      297.5365295410156,
      147.22486877441406
    ],
    "length": [
      90.77902221679688,
      133.06309509277344
    ],
    "angle": 94.12918090820312
  },
  "global_mov": [
    266.28846037694575,
    128.44972219420765
  ]
}