{
  "1": {
    "class_id": 1,
    "centroid": [
      297.6501159667969,
      147.2698211669922
    ],
    "length": [
      145.3728790283203,
      206.73080444335938
    ],
    "angle": 91.2062759399414
  },
  "2": {
    "class_id": 2,
    "centroid": [
      298.5311584472656,
      148.38601684570312
    ],
    "length": [
      99.31523895263672,
      131.27325439453125
    ],
    "angle": 94.52769470214844
  },
  "global_mov": [
    271.7112796817124,
    137.4386279302753
  ]
}