{
  "1": {
    "class_id": 1,
    "centroid": [
      280.9779968261719,
      182.95474243164062
    ],
    "length": [
      142.2465057373047,
      210.5074005126953
    ],
    "angle": 93.18639373779297
  },
  "2": {
    "class_id": 2,
    "centroid": [
      284.3028869628906,
      183.14938354492188
    ],
    "length": [
      96.6817398071289,
      133.28321838378906
    ],
    "angle": 94.44784545898438
  },
  "global_mov": [
    258.11014297464936,
    138.1625757597613
  ]
}