{
  "1": {
    "class_id": 1,
    "centroid": [
      295.7718811035156,
      152.34349060058594
    ],
    "length": [
      150.93194580078125,
      213.88211059570312
    ],
    "angle": 91.13801574707031
  },
  "2": {
    "class_id": 2,
    "centroid": [
      301.3128967285156,
      152.77784729003906
    ],
    "length": [
      99.4109115600586,
      132.51083374023438
    ],
    "angle": 93.22293853759766
  },
  "global_mov": [
    257.0115678255289,
    136.5177928268044
  ],
  "4": {
    "class_id": "slit knife",
    "tip": [
      255.25003104798643,
      232.25002998716985
    ],
    "length": 100.40916442871094,
    "angle": 45.0
  }
}