{
  "1": {
    "class_id": 1,
    "centroid": [
      304.3190612792969,
      147.88058471679688
    ],
    "length": [
      148.39869689941406,
      208.1949005126953
    ],
    "angle": 90.9813003540039
  },
  "2": {
    "class_id": 2,
    "centroid": [
      307.1597900390625,
      148.9984588623047
    ],
    "length": [
      103.90046691894531,
      134.34634399414062
    ],
    "angle": 94.33028411865234
  },
  "global_mov": [
    279.3175485309876,
    136.51534344910172
  ]
}