{
  "1": {
    "class_id": 1,
    "centroid": [
      254.63864135742188,
      134.3475799560547
    ],
    "length": [
      148.23133850097656,
      207.59024047851562
    ],
    "angle": 89.46329498291016
  },
  "2": {
    "class_id": 2,
    "centroid": [
      259.00335693359375,
      136.49594116210938
    ],
    "length": [
      102.08527374267578,
      131.56320190429688
    ],
    "angle": 91.95747375488281
  },
  "global_mov": [
    246.59665894958925,
    132.00834889186638
  ]
}