{
  "1": {
    "class_id": 1,
    "centroid": [
      292.5170593261719,
      165.44854736328125
    ],
    "length": [
      149.3450927734375,
      211.40257263183594
    ],
    "angle": 91.17398071289062
  },
  "2": {
    "class_id": 2,
    "centroid": [
      294.0690612792969,
      166.66314697265625
    ],
    "length": [
      102.2783203125,
      132.3480987548828
    ],
    "angle": 94.78620910644531
  },
  "global_mov": [
    262.22226694378486,
    154.90785123859985
  ]
}