{
  "1": {
    "class_id": 1,
    "centroid": [
      227.3970489501953,
      127.02198028564453
    ],
    "length": [
      137.37351989746094,
      196.84130859375
    ],
    "angle": 89.57482147216797
  },
  "2": {
    "class_id": 2,
    "centroid": [
      232.92056274414062,
      128.2015838623047
    ],
    "length": [
      101.78215026855469,
      127.43116760253906
    ],
    "angle": 88.09712219238281
  },
  "global_mov": [
    228.91004935516267,
    128.77109110095037
  ]
}