{
  "1": {
    "class_id": 1,
    "centroid": [
      288.9394836425781,
      177.9671173095703
    ],
    "length": [
      140.396484375,
      212.6922607421875
    ],
    "angle": 93.2036361694336
  },
  "2": {
    "class_id": 2,
    "centroid": [
      292.5321960449219,
      180.3050994873047
    ],
    "length": [
      97.34017181396484,
      135.81231689453125
    ],
    "angle": 94.31688690185547
  },
  "global_mov": [
    256.6719003774263,
    138.79820198819016
  ]
}