{
  "1": {
    "class_id": 1,
    "centroid": [
      283.6471252441406,
      176.0254364013672
    ],
    "length": [
      141.27658081054688,
      210.89791870117188
    ],
    "angle": 93.20790100097656
  },
  "2": {
    "class_id": 2,
    "centroid": [
      286.6076965332031,
      176.35641479492188
    ],
    "length": [
      95.82520294189453,
      136.02133178710938
    ],
    "angle": 94.46764373779297
  },
  "global_mov": [
    255.59359248697362,
    134.0996339420674
  ]
}