{
  "1": {
    "class_id": 1,
    "centroid": [
      289.5000305175781,
      154.2378692626953
    ],
    "length": [
      148.21719360351562,
      210.49392700195312
    ],
    "angle": 90.93495178222656
  },
  "2": {
    "class_id": 2,
    "centroid": [
      291.147705078125,
      155.6817169189453
    ],
    "length": [
      102.99739074707031,
      132.4318084716797
    ],
    "angle": 92.8272705078125
  },
  "global_mov": [
    267.8678781469744,
    142.18723515194264
  ]
}