{
  "1": {
    "class_id": 1,
    "centroid": [
      301.85186767578125,
      138.51210021972656
    ],
    "length": [
      146.864990234375,
      209.4076690673828
    ],
    "angle": 90.37544250488281
  },
  "2": {
    "class_id": 2,
    "centroid": [
      303.909423828125,
      138.99319458007812
    ],
    "length": [
      100.886962890625,
      134.46795654296875
    ],
    "angle": 88.10479736328125
  },
  "global_mov": [
    280.73855274522407,
    132.46454315306883
  ]
}