{
  "1": {
    "class_id": 1,
    "centroid": [
      273.8177490234375,
      157.03907775878906
    ],
    "length": [
      132.18299865722656,
      192.63674926757812
    ],
    "angle": 89.69776916503906
  },
  "2": {
    "class_id": 2,
    "centroid": [
      278.8240661621094,
      156.65304565429688
    ],
    "length": [
      94.11911010742188,
      128.79412841796875
    ],
    "angle": 83.45284271240234
  },
  "global_mov": [
    284.9399975399832,
    149.5141483864835
  ]
}