{
  "1": {
    "class_id": 1,
    "centroid": [
      318.7417907714844,
      141.75186157226562
    ],
    "length": [
      137.0830078125,
      199.61854553222656
    ],
    "angle": 86.23369598388672
  },
  "2": {
    "class_id": 2,
    "centroid": [
      319.5020446777344,
      143.0108642578125
    ],
    "length": [
      102.86331176757812,
      128.19615173339844
    ],
    "angle": 88.53998565673828
  },
  "global_mov": [
    276.2053322178055,
    153.4588419005676
  ]
}