{
  "1": {
    "class_id": 1,
    "centroid": [
      228.33688354492188,
      158.94129943847656
    ],
    "length": [
      148.2870635986328,
      209.73956298828125
    ],
    "angle": 91.69475555419922
  },
  "2": {
    "class_id": 2,
    "centroid": [
      229.5359344482422,
      161.16265869140625
    ],
    "length": [
      100.89970397949219,
      132.2327423095703
    ],
    "angle": 93.80712890625
  },
  "global_mov": [
    239.3372270431429,
    149.62893671726144
  ]
}