{
  "1": {
    "class_id": 1,
    "centroid": [
      308.14569091796875,
      151.13832092285156
    ],
    "length": [
      146.9716339111328,
      214.89163208007812
    ],
    "angle": 86.92267608642578
  },
  "2": {
    "class_id": 2,
    "centroid": [
      310.54766845703125,
      152.2172088623047
    ],
    "length": [
      98.57170104980469,
      133.57713317871094
    ],
    "angle": 93.18984985351562
  },
  "global_mov": [
    270.18912412898493,
    144.2823570294898
  ]
}