{
  "1": {
    "class_id": 1,
    "centroid": [
      227.17710876464844,
      123.59042358398438
    ],
    "length": [
      136.3316192626953,
      196.7062225341797
    ],
    "angle": 87.87732696533203
  },
  "2": {
    "class_id": 2,
    "centroid": [
      233.56369018554688,
      125.97313690185547
    ],
    "length": [
      103.35172271728516,
      128.2122802734375
    ],
    "angle": 85.78649139404297
  },
  "global_mov": [
    231.82350359109918,
    128.350254322424
  ]
}