{
  "1": {
    "class_id": 1,
    "centroid": [
      285.317626953125,
      151.60691833496094
    ],
    "length": [
      144.15286254882812,
      204.8031463623047
    ],
    "angle": 91.76457214355469
  },
  "2": {
    "class_id": 2,
    "centroid": [
      285.7719421386719,
      152.76480102539062
    ],
    "length": [
      98.09855651855469,
      130.7824249267578
    ],
    "angle": 94.91148376464844
  },
  "global_mov": [
    257.57879617898055,
    139.1529286578445
  ]
}