{
  "1": {
    "class_id": 1,
    "centroid": [
      315.8263244628906,
      161.6061553955078
    ],
    "length": [
      137.18727111816406,
      201.42723083496094
    ],
    "angle": 88.71871185302734
  },
  "2": {
    "class_id": 2,
    "centroid": [
      316.98638916015625,
      162.4560089111328
    ],
    "length": [
      103.30891418457031,
      132.0552520751953
    ],
    "angle": 88.02661895751953
  },
  "global_mov": [
    282.6791330148399,
    156.7796914950048
  ]
}