{
  "1": {
    "class_id": 1,
    "centroid": [
      303.8235778808594,
      144.48228454589844
    ],
    "length": [
      136.61183166503906,
      197.85475158691406
    ],
    "angle": 86.87789916992188
  },
  "2": {
    "class_id": 2,
    "centroid": [
      303.6275329589844,
      146.73504638671875
    ],
    "length": [
      101.21401977539062,
      127.93919372558594
    ],
    "angle": 95.65804290771484
  },
  "global_mov": [
    264.43242341111153,
    148.1933619188932
  ]
}