{
  "1": {
    "class_id": 1,
    "centroid": [
      284.0411682128906,
      184.2120361328125
    ],
    "length": [
      143.26351928710938,
      210.63479614257812
    ],
    "angle": 93.16053009033203
  },
  "2": {
    "class_id": 2,
    "centroid": [
      286.93951416015625,
      184.4885711669922
    ],
    "length": [
      97.18489837646484,
      134.04808044433594
    ],
    "angle": 93.98112487792969
  },
  "global_mov": [
    261.51518091889653,
    137.62988290232104
  ]
}