{
  "1": {
    "class_id": 1,
    "centroid": [
      279.288818359375,
      179.95645141601562
    ],
    "length": [
      140.8617706298828,
      210.3453369140625
    ],
    "angle": 93.78205108642578
  },
  "2": {
    "class_id": 2,
    "centroid": [
      282.4315490722656,
      180.27281188964844
    ],
    "length": [
      95.26915740966797,
      134.7901611328125
    ],
    "angle": 95.34516906738281
  },
  "global_mov": [
    252.69473812446458,
    136.06514219481974
  ]
}