{
  "1": {
    "class_id": 1,
    "centroid": [
      278.23822021484375,
      183.26925659179688
    ],
    "length": [
      141.72557067871094,
      210.67755126953125
    ],
    "angle": 93.20374298095703
  },
  "2": {
    "class_id": 2,
    "centroid": [
      281.4111633300781,
      183.25772094726562
    ],
    "length": [
      95.59066772460938,
      133.57424926757812
    ],
    "angle": 94.03317260742188
  },
  "global_mov": [
    256.35297113505874,
    137.11709947869483
  ]
}