{
  "1": {
    "class_id": 1,
    "centroid": [
      303.05157470703125,
      146.40789794921875
    ],
    "length": [
      133.37042236328125,
      195.53555297851562
    ],
    "angle": 91.23721313476562
  },
  "2": {
    "class_id": 2,
    "centroid": [
      300.8440246582031,
      146.9222412109375
    ],
    "length": [
      95.69062042236328,
      126.70325469970703
    ],
    "angle": 89.07766723632812
  },
  "global_mov": [
    277.6267213943156,
    132.19886938792942
  ]
}