{
  "1": {
    "class_id": 1,
    "centroid": [
      276.1719970703125,
      158.11083984375
    ],
    "length": [
      144.70263671875,
      211.2495880126953
    ],
    "angle": 93.1473617553711
  },
  "2": {
    "class_id": 2,
    "centroid": [
      279.97894287109375,
      158.89585876464844
    ],
    "length": [
      99.97010803222656,
      135.5908203125
    ],
    "angle": 94.85440826416016
  },
  "global_mov": [
    266.3851885932376,
    138.10736273480117
  ]
}