{
  "1": {
    "class_id": 1,
    "centroid": [
      275.6723327636719,
      182.93214416503906
    ],
    "length": [
      141.97203063964844,
      211.0084991455078
    ],
    "angle": 94.12977600097656
  },
  "2": {
    "class_id": 2,
    "centroid": [
      279.0587463378906,
      183.61618041992188
    ],
    "length": [
      97.61299133300781,
      134.0773468017578
    ],
    "angle": 94.19988250732422
  },
  "global_mov": [
    256.15120315143025,
    137.49309169745948
  ]
}