{
  "1": {
    "class_id": 1,
    "centroid": [
      298.06097412109375,
      141.52764892578125
    ],
    "length": [
      147.96241760253906,
      206.9449005126953
    ],
    "angle": 90.24308013916016
  },
  "2": {
    "class_id": 2,
    "centroid": [
      302.3431396484375,
      143.11764526367188
    ],
    "length": [
      104.12580108642578,
      133.72117614746094
    ],
    "angle": 93.1130142211914
  },
  "global_mov": [
    277.7506894775898,
    133.24515973028514
  ]
}