{
  "1": {
    "class_id": 1,
    "centroid": [
      259.0121154785156,
      165.9132537841797
    ],
    "length": [
      129.3622283935547,
      189.13507080078125
    ],
    "angle": 96.02294921875
  },
  "2": {
    "class_id": 2,
    "centroid": [
      264.7693786621094,
      166.0655975341797
    ],
    "length": [
      94.94859313964844,
      133.19090270996094
    ],
    "angle": 94.06396484375
  },
  "global_mov": [
    258.9354421161814,
    145.3155696395822
  ]
}