{
  "1": {
    "class_id": 1,
    "centroid": [
      297.30596923828125,
      130.89407348632812
    ],
    "length": [
      136.4927978515625,
      193.73199462890625
    ],
    "angle": 89.1317367553711
  },
  "2": {
    "class_id": 2,
    "centroid": [
      298.90679931640625,
      126.87208557128906
    ],
    "length": [
      90.1226577758789,
      124.14761352539062
    ],
    "angle": 93.85958099365234
  },
  "global_mov": [
    266.5946663334457,
    124.44373925458022
  ]
}