{
  "1": {
    "class_id": 1,
    "centroid": [
      302.9645690917969,
      142.3600311279297
    ],
    "length": [
      147.0057373046875,
      209.31642150878906
    ],
    "angle": 90.17224884033203
  },
  "2": {
    "class_id": 2,
    "centroid": [
      305.93994140625,
      143.20411682128906
    ],
    "length": [
      101.84032440185547,
      134.79464721679688
    ],
    "angle": 91.71060943603516
  },
  "global_mov": [
    278.0595189623679,
    134.32614331894226
  ]
}