{
  "1": {
    "class_id": 1,
    "centroid": [
      287.2916259765625,
      137.91322326660156
    ],
    "length": [
      144.2588348388672,
      204.77130126953125
    ],
    "angle": 91.43159484863281
  },
  "2": {
    "class_id": 2,
    "centroid": [
      287.40618896484375,
      138.2469024658203
    ],
    "length": [
      96.44624328613281,
      128.59864807128906
    ],
    "angle": 93.46710205078125
  },
  "global_mov": [
    248.22357685925962,
    114.69772250716493
  ]
}