{
  "1": {
    "class_id": 1,
    "centroid": [
      300.3271179199219,
      140.4472198486328
    ],
    "length": [
      151.4989471435547,
      212.96749877929688
    ],
    "angle": 92.03804016113281
  },
  "2": {
    "class_id": 2,
    "centroid": [
      303.64605712890625,
      139.93115234375
    ],
    "length": [
      99.59542083740234,
      133.15480041503906
    ],
    "angle": 95.14983367919922
  },
  "global_mov": [
    277.4928236555333,
    124.7351139298562
  ]
}