{
  "1": {
    "class_id": 1,
    "centroid": [
      305.1806945800781,
      166.41061401367188
    ],
    "length": [
      135.3786163330078,
      196.73837280273438
    ],
    "angle": 92.03742218017578
  },
  "2": {
    "class_id": 2,
    "centroid": [
      309.0464172363281,
      166.27467346191406
    ],
    "length": [
      97.28185272216797,
      137.32797241210938
    ],
    "angle": 91.48761749267578
  },
  "global_mov": [
    281.73188944328444,
    145.75962384476156
  ]
}