{
  "1": {
    "class_id": 1,
    "centroid": [
      269.83685302734375,
      149.3079833984375
    ],
    "length": [
      142.91075134277344,
      208.93133544921875
    ],
    "angle": 91.48783874511719
  },
  "2": {
    "class_id": 2,
    "centroid": [
      272.955078125,
      149.2314453125
    ],
    "length": [
      96.76262664794922,
      132.9699249267578
    ],
    "angle": 92.20240783691406
  },
  "global_mov": [
    270.6186135518586,
    128.06493610736268
  ]
}