{
  "1": {
    "class_id": 1,
    "centroid": [
      288.284423828125,
      155.88198852539062
    ],
    "length": [
      143.6561279296875,
      212.46731567382812
    ],
    "angle": 91.27218627929688
  },
  "2": {
    "class_id": 2,
    "centroid": [
      293.6976013183594,
      157.2162322998047
    ],
    "length": [
      100.02510070800781,
      132.21351623535156
    ],
    "angle": 94.79777526855469
  },
  "global_mov": [
    270.2962445380908,
    131.65328824660162
  ]
}