{
  "1": {
    "class_id": 1,
    "centroid": [
      283.3664245605469,
      139.99761962890625
    ],
    "length": [
      146.0286865234375,
      204.33566284179688
    ],
    "angle": 91.6149673461914
  },
  "2": {
    "class_id": 2,
    "centroid": [
      283.8001708984375,
      140.40940856933594
    ],
    "length": [
      96.7632827758789,
      128.8804473876953
    ],
    "angle": 92.10667419433594
  },
  "global_mov": [
    256.9308706364679,
    122.09604579007805
  ]
}