{
  "1": {
    "class_id": 1,
    "centroid": [
      281.45355224609375,
      148.39083862304688
    ],
    "length": [
      133.58203125,
      193.56292724609375
    ],
    "angle": 88.15489196777344
  },
  "2": {
    "class_id": 2,
    "centroid": [
      284.9048156738281,
      149.00030517578125
    ],
    "length": [
      97.31737518310547,
      131.628173828125
    ],
    "angle": 79.82450103759766
  },
  "global_mov": [
    260.8217717813954,
    142.86302577396395
  ]
}