{
  "1": {
    "class_id": 1,
    "centroid": [
      301.5340270996094,
      149.76979064941406
    ],
    "length": [
      150.57943725585938,
      214.227294921875
    ],
    "angle": 91.03235626220703
  },
  "2": {
    "class_id": 2,
    "centroid": [
      306.2427673339844,
      150.96975708007812
    ],
    "length": [
      100.67283630371094,
      134.68325805664062
    ],
    "angle": 93.8442611694336
  },
  "global_mov": [
    259.16386089477146,
    138.60691573504127
  ],
  "4": {
    "class_id": "slit knife",
    "tip": [
      256.2557475067645,
      216.2499655377403
    ],
    "length": 120.16768646240234,
    "angle": 45.65854263305664
  }
}