{
  "1": {
    "class_id": 1,
    "centroid": [
      301.58349609375,
      139.4119415283203
    ],
    "length": [
      150.628662109375,
      211.09396362304688
    ],
    "angle": 91.20816802978516
  },
  "2": {
    "class_id": 2,
    "centroid": [
      306.19189453125,
      138.7670135498047
    ],
    "length": [
      100.59659576416016,
      134.05311584472656
    ],
    "angle": 94.55890655517578
  },
  "global_mov": [
    277.74312289872165,
    122.25213297560788
  ]
}