{
  "1": {
    "class_id": 1,
    "centroid": [
      330.27276611328125,
      144.60012817382812
    ],
    "length": [
      146.3447265625,
      203.26052856445312
    ],
    "angle": 89.8628921508789
  },
  "2": {
    "class_id": 2,
    "centroid": [
      331.1372985839844,
      145.68862915039062
    ],
    "length": [
      99.30899047851562,
      129.23448181152344
    ],
    "angle": 92.42396545410156
  },
  "global_mov": [
    266.75537947369713,
    118.26948910702295
  ]
}