{
  "1": {
    "class_id": 1,
    "centroid": [
      300.67364501953125,
      155.03378295898438
    ],
    "length": [
      150.30349731445312,
      212.01718139648438
    ],
    "angle": 90.01248168945312
  },
  "2": {
    "class_id": 2,
    "centroid": [
      302.253173828125,
      156.34263610839844
    ],
    "length": [
      102.14962005615234,
      131.88148498535156
    ],
    "angle": 92.73744201660156
  },
  "global_mov": [
    278.019092615418,
    152.21010812814015
  ]
}