{
  "1": {
    "class_id": 1,
    "centroid": [
      283.1083679199219,
      183.36923217773438
    ],
    "length": [
      142.20997619628906,
      210.26434326171875
    ],
    "angle": 92.74359130859375
  },
  "2": {
    "class_id": 2,
    "centroid": [
      286.95819091796875,
      183.77870178222656
    ],
    "length": [
      95.81175994873047,
      134.23521423339844
    ],
    "angle": 93.11487579345703
  },
  "global_mov": [
    261.727746180763,
    137.6566472839083
  ]
}