{
  "1": {
    "class_id": 1,
    "centroid": [
      314.15155029296875,
      140.7793426513672
    ],
    "length": [
      137.91534423828125,
      201.1922149658203
    ],
    "angle": 87.48947143554688
  },
  "2": {
    "class_id": 2,
    "centroid": [
      314.8883056640625,
      142.5558319091797
    ],
    "length": [
      104.09358978271484,
      129.19094848632812
    ],
    "angle": 92.25365447998047
  },
  "global_mov": [
    267.8289601574451,
    149.38844709518162
  ]
}