{
  "1": {
    "class_id": 1,
    "centroid": [
      302.64361572265625,
      153.9214324951172
    ],
    "length": [
      146.16558837890625,
      209.55319213867188
    ],
    "angle": 90.96453094482422
  },
  "2": {
    "class_id": 2,
    "centroid": [
      303.4491271972656,
      155.462890625
    ],
    "length": [
      99.61493682861328,
      132.9153289794922
    ],
    "angle": 94.51966094970703
  },
  "global_mov": [
    255.64646434669055,
    133.385388099432
  ]
}