{
  "1": {
    "class_id": 1,
    "centroid": [
      297.1151428222656,
      144.36663818359375
    ],
    "length": [
      150.91383361816406,
      212.79092407226562
    ],
    "angle": 91.56187438964844
  },
  "2": {
    "class_id": 2,
    "centroid": [
      300.4718017578125,
      144.11529541015625
    ],
    "length": [
      99.73701477050781,
      134.0007781982422
    ],
    "angle": 94.31607818603516
  },
  "global_mov": [
    280.10258354416663,
    122.56334864377497
  ]
}