{
  "1": {
    "class_id": 1,
    "centroid": [
      288.65252685546875,
      152.01905822753906
    ],
    "length": [
      146.94606018066406,
      209.5952911376953
    ],
    "angle": 90.01080322265625
  },
  "2": {
    "class_id": 2,
    "centroid": [
      292.4222412109375,
      153.55804443359375
    ],
    "length": [
      102.79117584228516,
      134.19699096679688
    ],
    "angle": 93.94441986083984
  },
  "global_mov": [
    265.69151129281073,
    138.9246779918915
  ]
}