{
  "1": {
    "class_id": 1,
    "centroid": [
      275.3660583496094,
      183.15318298339844
    ],
    "length": [
      141.5115509033203,
      211.68638610839844
    ],
    "angle": 93.80033874511719
  },
  "2": {
    "class_id": 2,
    "centroid": [
      280.5838317871094,
      181.8641815185547
    ],
    "length": [
      94.95489501953125,
      133.5038604736328
    ],
    "angle": 94.50808715820312
  },
  "global_mov": [
    257.4422405612067,
    139.5377563330904
  ]
}