{
  "1": {
    "class_id": 1,
    "centroid": [
      298.4024353027344,
      146.52047729492188
    ],
    "length": [
      134.89178466796875,
      193.88299560546875
    ],
    "angle": 89.8927230834961
  },
  "2": {
    "class_id": 2,
    "centroid": [
      300.2039794921875,
      144.99098205566406
    ],
    "length": [
      93.3121566772461,
      134.73023986816406
    ],
    "angle": 93.93648529052734
  },
  "global_mov": [
    271.0116974206297,
    133.77635619021945
  ]
}