{
  "1": {
    "class_id": 1,
    "centroid": [
      277.89630126953125,
      155.51812744140625
    ],
    "length": [
      149.82083129882812,
      209.7572784423828
    ],
    "angle": 91.17001342773438
  },
  "2": {
    "class_id": 2,
    "centroid": [
      279.4892272949219,
      156.96493530273438
    ],
    "length": [
      101.66517639160156,
      132.88729858398438
    ],
    "angle": 94.18412780761719
  },
  "global_mov": [
    268.20588473789905,
    151.09686590696882
  ]
}