{
  "1": {
    "class_id": 1,
    "centroid": [
      287.07977294921875,
      148.25296020507812
    ],
    "length": [
      134.96629333496094,
      193.49688720703125
    ],
    "angle": 87.34410858154297
  },
  "2": {
    "class_id": 2,
    "centroid": [
      286.53515625,
      152.09117126464844
    ],
    "length": [
      97.56669616699219,
      125.01673126220703
    ],
    "angle": 83.78719329833984
  },
  "global_mov": [
    281.4549541121019,
    144.78900970965887
  ]
}