{
  "1": {
    "class_id": 1,
    "centroid": [
      298.7330017089844,
      153.60519409179688
    ],
    "length": [
      151.19595336914062,
      214.96824645996094
    ],
    "angle": 91.26461791992188
  },
  "2": {
    "class_id": 2,
    "centroid": [
      303.768310546875,
      154.1814422607422
    ],
    "length": [
      100.50920867919922,
      133.20242309570312
    ],
    "angle": 93.08061218261719
  },
  "global_mov": [
    260.00294130912795,
    137.2364492726664
  ],
  "4": {
    "class_id": "slit knife",
    "tip": [
      222.05961637077243,
      224.0192435444135
    ],
    "length": 108.18903350830078,
    "angle": 45.567264556884766
  }
}