{
  "1": {
    "class_id": 1,
    "centroid": [
      274.4827575683594,
      182.62109375
    ],
    "length": [
      142.69573974609375,
      209.68641662597656
    ],
    "angle": 94.38834381103516
  },
  "2": {
    "class_id": 2,
    "centroid": [
      277.9583740234375,
      183.0179901123047
    ],
    "length": [
      97.04420471191406,
      133.62255859375
    ],
    "angle": 93.95455169677734
  },
  "global_mov": [
    256.7374654690618,
    138.0977819526157
  ]
}