{
  "1": {
    "class_id": 1,
    "centroid": [
      276.0390319824219,
      179.08828735351562
    ],
    "length": [
      141.28256225585938,
      210.08531188964844
    ],
    "angle": 93.74696350097656
  },
  "2": {
    "class_id": 2,
    "centroid": [
      279.0145263671875,
      179.803955078125
    ],
    "length": [
      96.29082489013672,
      134.33567810058594
    ],
    "angle": 94.65435028076172
  },
  "global_mov": [
    251.85722246586093,
    134.69548177478214
  ]
}