{
  "1": {
    "class_id": 1,
    "centroid": [
      301.9098205566406,
      138.5308380126953
    ],
    "length": [
      147.62567138671875,
      208.05735778808594
    ],
    "angle": 89.41409301757812
  },
  "2": {
    "class_id": 2,
    "centroid": [
      304.19329833984375,
      139.21017456054688
    ],
    "length": [
      101.02676391601562,
      133.94334411621094
    ],
    "angle": 88.40550994873047
  },
  "global_mov": [
    280.8506916552102,
    132.84479248917265
  ]
}