{
  "1": {
    "class_id": 1,
    "centroid": [
      294.3370666503906,
      152.7722625732422
    ],
    "length": [
      144.55262756347656,
      208.18006896972656
    ],
    "angle": 91.29216766357422
  },
  "2": {
    "class_id": 2,
    "centroid": [
      294.8746337890625,
      153.90878295898438
    ],
    "length": [
      98.882080078125,
      130.65499877929688
    ],
    "angle": 94.99469757080078
  },
  "global_mov": [
    269.96099202080535,
    138.87242292047654
  ]
}