{
  "1": {
    "class_id": 1,
    "centroid": [
      302.1537780761719,
      143.0933074951172
    ],
    "length": [
      145.4209442138672,
      209.2407684326172
    ],
    "angle": 90.32078552246094
  },
  "2": {
    "class_id": 2,
    "centroid": [
      305.1601867675781,
      144.01747131347656
    ],
    "length": [
      100.61898803710938,
      134.73159790039062
    ],
    "angle": 92.4707260131836
  },
  "global_mov": [
    277.8758765640609,
    132.20861303443323
  ]
}