{
  "1": {
    "class_id": 1,
    "centroid": [
      301.84820556640625,
      168.192626953125
    ],
    "length": [
      144.46266174316406,
      211.50160217285156
    ],
    "angle": 93.98216247558594
  },
  "2": {
    "class_id": 2,
    "centroid": [
      304.1183166503906,
      168.28793334960938
    ],
    "length": [
      96.76431274414062,
      133.30397033691406
    ],
    "angle": 94.65487670898438
  },
  "global_mov": [
    272.1306316920533,
    131.3590335576451
  ]
}