{
  "1": {
    "class_id": 1,
    "centroid": [
      307.44622802734375,
      141.530517578125
    ],
    "length": [
      150.072509765625,
      209.92462158203125
    ],
    "angle": 91.57939910888672
  },
  "2": {
    "class_id": 2,
    "centroid": [
      310.947265625,
      140.98114013671875
    ],
    "length": [
      100.34375762939453,
      132.84567260742188
    ],
    "angle": 95.97463989257812
  },
  "global_mov": [
    281.9083723186637,
    123.9310571216666
  ]
}