{
  "1": {
    "class_id": 1,
    "centroid": [
      290.4032897949219,
      155.24722290039062
    ],
    "length": [
      143.5533905029297,
      206.63839721679688
    ],
    "angle": 91.55970001220703
  },
  "2": {
    "class_id": 2,
    "centroid": [
      291.1256103515625,
      156.22401428222656
    ],
    "length": [
      99.27394104003906,
      131.20314025878906
    ],
    "angle": 94.88967895507812
  },
  "global_mov": [
    262.87796978527854,
    139.95987449481365
  ]
}