{
  "1": {
    "class_id": 1,
    "centroid": [
      310.2274475097656,
      151.30056762695312
    ],
    "length": [
      146.612548828125,
      206.80210876464844
    ],
    "angle": 89.79271697998047
  },
  "2": {
    "class_id": 2,
    "centroid": [
      309.998779296875,
      153.2568359375
    ],
    "length": [
      98.67881774902344,
      130.7830352783203
    ],
    "angle": 93.01599884033203
  },
  "global_mov": [
    267.2107461080234,
    141.85376853448068
  ]
}