{
  "1": {
    "class_id": 1,
    "centroid": [
      305.2229309082031,
      174.94912719726562
    ],
    "length": [
      133.80545043945312,
      197.14410400390625
    ],
    "angle": 90.75098419189453
  },
  "2": {
    "class_id": 2,
    "centroid": [
      308.1494445800781,
      175.39590454101562
    ],
    "length": [
      98.37799835205078,
      134.39743041992188
    ],
    "angle": 88.76470947265625
  },
  "global_mov": [
    281.97116627854047,
    153.3730212586505
  ]
}