{
  "1": {
    "class_id": 1,
    "centroid": [
      263.661865234375,
      140.9449920654297
    ],
    "length": [
      148.37451171875,
      210.33314514160156
    ],
    "angle": 90.81861114501953
  },
  "2": {
    "class_id": 2,
    "centroid": [
      268.506103515625,
      142.95709228515625
    ],
    "length": [
      102.59322357177734,
      131.7637481689453
    ],
    "angle": 94.7103500366211
  },
  "global_mov": [
    249.90757799224403,
    132.6444819187037
  ]
}