{
  "1": {
    "class_id": 1,
    "centroid": [
      410.5545349121094,
      142.98965454101562
    ],
    "length": [
      148.5265655517578,
      217.40432739257812
    ],
    "angle": 89.54930877685547
  },
  "2": {
    "class_id": 2,
    "centroid": [
      414.03729248046875,
      143.9361572265625
    ],
    "length": [
      102.04303741455078,
      140.53079223632812
    ],
    "angle": 92.44882202148438
  },
  "global_mov": [
    274.1543477376302,
    120.75013971328735
  ]
}