{
  "1": {
    "class_id": 1,
    "centroid": [
      238.42918395996094,
      127.97761535644531
    ],
    "length": [
      135.99705505371094,
      197.38543701171875
    ],
    "angle": 87.53509521484375
  },
  "2": {
    "class_id": 2,
    "centroid": [
      244.26638793945312,
      130.4241485595703
    ],
    "length": [
      102.4808120727539,
      129.80999755859375
    ],
    "angle": 90.47694396972656
  },
  "global_mov": [
    238.75988688360744,
    128.9654154071455
  ]
}