{
  "1": {
    "class_id": 1,
    "centroid": [
      292.4249267578125,
      153.3077392578125
    ],
    "length": [
      144.7447509765625,
      207.73045349121094
    ],
    "angle": 90.78700256347656
  },
  "2": {
    "class_id": 2,
    "centroid": [
      293.6294860839844,
      154.16734313964844
    ],
    "length": [
      99.3677749633789,
      130.9735107421875
    ],
    "angle": 95.03443145751953
  },
  "global_mov": [
    265.0611874840708,
    140.1652263817675
  ]
}