{
  "1": {
    "class_id": 1,
    "centroid": [
      286.69110107421875,
      181.5739288330078
    ],
    "length": [
      143.19403076171875,
      211.8465118408203
    ],
    "angle": 92.26935577392578
  },
  "2": {
    "class_id": 2,
    "centroid": [
      290.8569641113281,
      181.8896484375
    ],
    "length": [
      96.17274475097656,
      133.6393585205078
    ],
    "angle": 93.97114562988281
  },
  "global_mov": [
    260.9129206378905,
    136.41846608643493
  ]
}