{
  "1": {
    "class_id": 1,
    "centroid": [
      301.0608215332031,
      157.76222229003906
    ],
    "length": [
      147.62191772460938,
      209.5495147705078
    ],
    "angle": 90.70503997802734
  },
  "2": {
    "class_id": 2,
    "centroid": [
      305.8041076660156,
      159.4237518310547
    ],
    "length": [
      110.09596252441406,
      141.0032501220703
    ],
    "angle": 92.69776153564453
  },
  "global_mov": [
    269.00150460692043,
    152.4924577857739
  ]
}