{
  "1": {
    "class_id": 1,
    "centroid": [
      225.98065185546875,
      127.30699920654297
    ],
    "length": [
      136.939697265625,
      196.84458923339844
    ],
    "angle": 89.8005142211914
  },
  "2": {
    "class_id": 2,
    "centroid": [
      230.40133666992188,
      128.14068603515625
    ],
    "length": [
      99.41596984863281,
      126.29835510253906
    ],
    "angle": 82.8070297241211
  },
  "global_mov": [
    231.00492859553506,
    128.84655897959826
  ]
}