{
  "1": {
    "class_id": 1,
    "centroid": [
      272.47747802734375,
      179.8150634765625
    ],
    "length": [
      139.5472412109375,
      209.75350952148438
    ],
    "angle": 94.99864196777344
  },
  "2": {
    "class_id": 2,
    "centroid": [
      275.8531188964844,
      180.17709350585938
    ],
    "length": [
      95.09588623046875,
      134.83551025390625
    ],
    "angle": 95.72439575195312
  },
  "global_mov": [
    251.39406041873508,
    133.79228946401778
  ]
}