{
  "1": {
    "class_id": 1,
    "centroid": [
      280.7457580566406,
      184.0994873046875
    ],
    "length": [
      142.70281982421875,
      209.8986053466797
    ],
    "angle": 93.4788818359375
  },
  "2": {
    "class_id": 2,
    "centroid": [
      284.3948974609375,
      184.20272827148438
    ],
    "length": [
      95.8623275756836,
      133.3397216796875
    ],
    "angle": 93.71077728271484
  },
  "global_mov": [
    258.11363512746806,
    138.25743469482273
  ]
}