{
  "1": {
    "class_id": 1,
    "centroid": [
      281.00335693359375,
      167.0425567626953
    ],
    "length": [
      139.59817504882812,
      209.29501342773438
    ],
    "angle": 94.13735961914062
  },
  "2": {
    "class_id": 2,
    "centroid": [
      284.5738525390625,
      166.84036254882812
    ],
    "length": [
      93.2888412475586,
      133.35543823242188
    ],
    "angle": 94.98084259033203
  },
  "global_mov": [
    247.40553074048657,
    119.48730520512969
  ]
}