{
  "1": {
    "class_id": 1,
    "centroid": [
      295.1778259277344,
      159.56130981445312
    ],
    "length": [
      144.17665100097656,
      207.87400817871094
    ],
    "angle": 91.95853424072266
  },
  "2": {
    "class_id": 2,
    "centroid": [
      295.73956298828125,
      160.5619354248047
    ],
    "length": [
      97.72775268554688,
      129.4135284423828
    ],
    "angle": 94.59614562988281
  },
  "global_mov": [
    251.00549083681548,
    140.36234907753524
  ]
}