{
  "1": {
    "class_id": 1,
    "centroid": [
      283.33245849609375,
      185.0917205810547
    ],
    "length": [
      141.941650390625,
      210.2444305419922
    ],
    "angle": 93.26568603515625
  },
  "2": {
    "class_id": 2,
    "centroid": [
      287.11358642578125,
      185.30726623535156
    ],
    "length": [
      95.77764892578125,
      134.19113159179688
    ],
    "angle": 94.50990295410156
  },
  "global_mov": [
    260.5845402780246,
    138.16582116039737
  ]
}