{
  "1": {
    "class_id": 1,
    "centroid": [
      306.0771789550781,
      144.853271484375
    ],
    "length": [
      146.41461181640625,
      212.0710906982422
    ],
    "angle": 90.7428207397461
  },
  "2": {
    "class_id": 2,
    "centroid": [
      307.7104187011719,
      145.4407196044922
    ],
    "length": [
      100.98040771484375,
      134.82223510742188
    ],
    "angle": 90.208984375
  },
  "global_mov": [
    280.8011811809665,
    134.99338800800993
  ]
}