{
  "1": {
    "class_id": 1,
    "centroid": [
      299.5244445800781,
      153.61007690429688
    ],
    "length": [
      133.10777282714844,
      194.5833282470703
    ],
    "angle": 91.43476104736328
  },
  "2": {
    "class_id": 2,
    "centroid": [
      300.33599853515625,
      151.37930297851562
    ],
    "length": [
      90.75205993652344,
      133.39459228515625
    ],
    "angle": 92.02173614501953
  },
  "global_mov": [
    274.23037593542375,
    131.47808568854336
  ]
}