{
  "1": {
    "class_id": 1,
    "centroid": [
      300.6873474121094,
      165.72386169433594
    ],
    "length": [
      150.4224090576172,
      212.44180297851562
    ],
    "angle": 91.4209976196289
  },
  "2": {
    "class_id": 2,
    "centroid": [
      302.03436279296875,
      166.8600311279297
    ],
    "length": [
      101.83374786376953,
      133.67922973632812
    ],
    "angle": 94.50272369384766
  },
  "global_mov": [
    249.99709292541343,
    142.5924677682918
  ]
}