{
  "1": {
    "class_id": 1,
    "centroid": [
      295.8612976074219,
      154.5039520263672
    ],
    "length": [
      150.7193145751953,
      210.45645141601562
    ],
    "angle": 90.80408477783203
  },
  "2": {
    "class_id": 2,
    "centroid": [
      297.7200622558594,
      155.60299682617188
    ],
    "length": [
      102.30864715576172,
      131.14012145996094
    ],
    "angle": 94.91687774658203
  },
  "global_mov": [
    277.5662305605901,
    148.53424127160125
  ]
}