{
  "1": {
    "class_id": 1,
    "centroid": [
      320.1822509765625,
      148.58621215820312
    ],
    "length": [
      138.19747924804688,
      199.30007934570312
    ],
    "angle": 87.34562683105469
  },
  "2": {
    "class_id": 2,
    "centroid": [
      321.7867126464844,
      149.14649963378906
    ],
    "length": [
      102.39550018310547,
      130.75282287597656
    ],
    "angle": 87.06126403808594
  },
  "global_mov": [
    279.63849880474646,
    155.94945000344595
  ]
}