{
  "1": {
    "class_id": 1,
    "centroid": [
      277.2616882324219,
      178.56666564941406
    ],
    "length": [
      141.41307067871094,
      210.05751037597656
    ],
    "angle": 94.04446411132812
  },
  "2": {
    "class_id": 2,
    "centroid": [
      280.1941833496094,
      179.13894653320312
    ],
    "length": [
      96.28862762451172,
      134.6567840576172
    ],
    "angle": 94.93683624267578
  },
  "global_mov": [
    252.4514342736759,
    135.12610530084763
  ]
}