{
  "1": {
    "class_id": 1,
    "centroid": [
      294.6001892089844,
      144.6827850341797
    ],
    "length": [
      134.9501190185547,
      195.94314575195312
    ],
    "angle": 90.4262466430664
  },
  "2": {
    "class_id": 2,
    "centroid": [
      296.1453552246094,
      145.3527374267578
    ],
    "length": [
      97.62139129638672,
      131.81936645507812
    ],
    "angle": 96.1854248046875
  },
  "global_mov": [
    270.22385705525926,
    134.42530407694997
  ]
}