{
  "1": {
    "class_id": 1,
    "centroid": [
      303.48626708984375,
      149.47030639648438
    ],
    "length": [
      147.07476806640625,
      212.87728881835938
    ],
    "angle": 89.43600463867188
  },
  "2": {
    "class_id": 2,
    "centroid": [
      305.8663330078125,
      150.373046875
    ],
    "length": [
      97.50969696044922,
      134.03936767578125
    ],
    "angle": 94.34642028808594
  },
  "global_mov": [
    264.05845977429135,
    140.2312160489948
  ]
}