{
  "1": {
    "class_id": 1,
    "centroid": [
      290.0450439453125,
      137.35821533203125
    ],
    "length": [
      150.46697998046875,
      211.01141357421875
    ],
    "angle": 92.29711151123047
  },
  "2": {
    "class_id": 2,
    "centroid": [
      294.240478515625,
      138.14967346191406
    ],
    "length": [
      100.98440551757812,
      131.55810546875
    ],
    "angle": 96.60707092285156
  },
  "global_mov": [
    270.803546553388,
    124.62947250605963
  ]
}