{
  "1": {
    "class_id": 1,
    "centroid": [
      281.23736572265625,
      137.5181121826172
    ],
    "length": [
      144.400390625,
      204.68568420410156
    ],
    "angle": 92.01005554199219
  },
  "2": {
    "class_id": 2,
    "centroid": [
      280.83648681640625,
      137.92596435546875
    ],
    "length": [
      95.52545166015625,
      130.21669006347656
    ],
    "angle": 92.4758529663086
  },
  "global_mov": [
    255.75809970527658,
    116.14291793144332
  ]
}