{
  "1": {
    "class_id": 1,
    "centroid": [
      265.75958251953125,
      160.0990447998047
    ],
    "length": [
      145.65518188476562,
      210.27395629882812
    ],
    "angle": 93.64716339111328
  },
  "2": {
    "class_id": 2,
    "centroid": [
      269.0575866699219,
      161.0674591064453
    ],
    "length": [
      99.40398406982422,
      132.9279327392578
    ],
    "angle": 94.67286682128906
  },
  "global_mov": [
    246.70531762132987,
    136.31351841922935
  ]
}