{
  "1": {
    "class_id": 1,
    "centroid": [
      294.9926452636719,
      148.80560302734375
    ],
    "length": [
      136.3329315185547,
      195.910400390625
    ],
    "angle": 87.47840881347656
  },
  "2": {
    "class_id": 2,
    "centroid": [
      294.3441162109375,
      152.31153869628906
    ],
    "length": [
      97.16040802001953,
      127.03919219970703
    ],
    "angle": 91.88438415527344
  },
  "global_mov": [
    271.2270625684096,
    154.7476867939178
  ]
}