{
  "1": {
    "class_id": 1,
    "centroid": [
      289.4842224121094,
      134.84059143066406
    ],
    "length": [
      135.03675842285156,
      194.97581481933594
    ],
    "angle": 89.84548950195312
  },
  "2": {
    "class_id": 2,
    "centroid": [
      289.9924011230469,
      134.90843200683594
    ],
    "length": [
      99.60863494873047,
      133.1150360107422
    ],
    "angle": 84.27689361572266
  },
  "global_mov": [
    275.60813819104936,
    131.36063229822307
  ]
}