{
  "1": {
    "class_id": 1,
    "centroid": [
      278.48974609375,
      138.020751953125
    ],
    "length": [
      144.88792419433594,
      204.85958862304688
    ],
    "angle": 91.67330169677734
  },
  "2": {
    "class_id": 2,
    "centroid": [
      278.15850830078125,
      138.1378936767578
    ],
    "length": [
      96.07975006103516,
      129.96151733398438
    ],
    "angle": 92.04556274414062
  },
  "global_mov": [
    254.60145934124944,
    115.58833028271461
  ]
}