{
  "1": {
    "class_id": 1,
    "centroid": [
      318.528076171875,
      138.54042053222656
    ],
    "length": [
      152.24818420410156,
      213.2654266357422
    ],
    "angle": 91.55302429199219
  },
  "2": {
    "class_id": 2,
    "centroid": [
      320.7393493652344,
      137.7843780517578
    ],
    "length": [
      100.703857421875,
      133.50460815429688
    ],
    "angle": 93.13262176513672
  },
  "global_mov": [
    283.24643478955426,
    120.35289050958198
  ]
}