{
  "1": {
    "class_id": 1,
    "centroid": [
      297.8365783691406,
      169.2503204345703
    ],
    "length": [
      132.49110412597656,
      194.42294311523438
    ],
    "angle": 93.05137634277344
  },
  "2": {
    "class_id": 2,
    "centroid": [
      301.6307373046875,
      169.1422119140625
    ],
    "length": [
      95.37329864501953,
      138.06825256347656
    ],
    "angle": 92.3557357788086
  },
  "global_mov": [
    279.9039951043373,
    145.46309698115897
  ]
}