{
  "1": {
    "class_id": 1,
    "centroid": [
      218.510009765625,
      151.99172973632812
    ],
    "length": [
      148.7330780029297,
      212.92141723632812
    ],
    "angle": 91.76756286621094
  },
  "2": {
    "class_id": 2,
    "centroid": [
      219.51974487304688,
      153.99078369140625
    ],
    "length": [
      101.37732696533203,
      134.78175354003906
    ],
    "angle": 95.53935241699219
  },
  "global_mov": [
    221.39463170645467,
    134.9957406896198
  ]
}