{
  "1": {
    "class_id": 1,
    "centroid": [
      278.59832763671875,
      139.87142944335938
    ],
    "length": [
      149.26309204101562,
      208.0985107421875
    ],
    "angle": 91.3146743774414
  },
  "2": {
    "class_id": 2,
    "centroid": [
      280.08111572265625,
      140.93887329101562
    ],
    "length": [
      101.35785675048828,
      131.70169067382812
    ],
    "angle": 94.18193054199219
  },
  "global_mov": [
    267.00873258976804,
    133.2002671709208
  ]
}