{
  "1": {
    "class_id": 1,
    "centroid": [
      307.96929931640625,
      151.7298126220703
    ],
    "length": [
      147.09791564941406,
      205.53199768066406
    ],
    "angle": 89.32447814941406
  },
  "2": {
    "class_id": 2,
    "centroid": [
      308.40399169921875,
      152.94903564453125
    ],
    "length": [
      99.67438507080078,
      131.93048095703125
    ],
    "angle": 93.2027359008789
  },
  "global_mov": [
    263.8074503937835,
    140.197787930678
  ]
}