{
  "1": {
    "class_id": 1,
    "centroid": [
      294.47015380859375,
      129.4281768798828
    ],
    "length": [
      147.95664978027344,
      206.48684692382812
    ],
    "angle": 91.28353881835938
  },
  "2": {
    "class_id": 2,
    "centroid": [
      294.7260437011719,
      128.7499542236328
    ],
    "length": [
      96.33161163330078,
      124.68527221679688
    ],
    "angle": 94.2637939453125
  },
  "global_mov": [
    263.0361098843444,
    119.95627593139231
  ]
}