{
  "1": {
    "class_id": 1,
    "centroid": [
      290.3114318847656,
      152.81834411621094
    ],
    "length": [
      144.2249755859375,
      206.1637420654297
    ],
    "angle": 91.14256286621094
  },
  "2": {
    "class_id": 2,
    "centroid": [
      291.08734130859375,
      153.8394317626953
    ],
    "length": [
      98.93878173828125,
      130.37660217285156
    ],
    "angle": 95.55946350097656
  },
  "global_mov": [
    269.1877434626775,
    140.77678837318297
  ]
}