{
  "1": {
    "class_id": 1,
    "centroid": [
      318.1907653808594,
      143.046875
    ],
    "length": [
      137.01199340820312,
      199.80931091308594
    ],
    "angle": 85.8702163696289
  },
  "2": {
    "class_id": 2,
    "centroid": [
      319.1535339355469,
      144.2427520751953
    ],
    "length": [
      102.5965576171875,
      129.2628631591797
    ],
    "angle": 89.56794738769531
  },
  "global_mov": [
    276.9062083690158,
    154.42291468433442
  ]
}