{
  "1": {
    "class_id": 1,
    "centroid": [
      293.14910888671875,
      156.4498291015625
    ],
    "length": [
      143.6083526611328,
      206.95950317382812
    ],
    "angle": 91.99052429199219
  },
  "2": {
    "class_id": 2,
    "centroid": [
      294.23101806640625,
      157.0899200439453
    ],
    "length": [
      97.85323333740234,
      130.2877960205078
    ],
    "angle": 94.76531982421875
  },
  "global_mov": [
    256.98786846527463,
    140.34172653427675
  ]
}