{
  "1": {
    "class_id": 1,
    "centroid": [
      295.29302978515625,
      166.720458984375
    ],
    "length": [
      148.95582580566406,
      211.6268310546875
    ],
    "angle": 91.95494842529297
  },
  "2": {
    "class_id": 2,
    "centroid": [
      296.98358154296875,
      168.4569091796875
    ],
    "length": [
      101.99649047851562,
      132.96267700195312
    ],
    "angle": 93.73054504394531
  },
  "global_mov": [
    265.83365034369484,
    155.13613676602444
  ]
}