{
  "1": {
    "class_id": 1,
    "centroid": [
      273.254638671875,
      151.2299041748047
    ],
    "length": [
      132.68548583984375,
      192.8817138671875
    ],
    "angle": 89.50242614746094
  },
  "2": {
    "class_id": 2,
    "centroid": [
      278.5617980957031,
      151.54647827148438
    ],
    "length": [
      96.41923522949219,
      131.9069061279297
    ],
    "angle": 81.55435943603516
  },
  "global_mov": [
    257.84487256893505,
    143.70387019534442
  ]
}