{
  "1": {
    "class_id": 1,
    "centroid": [
      306.8416442871094,
      163.47109985351562
    ],
    "length": [
      135.57525634765625,
      197.57388305664062
    ],
    "angle": 90.4345932006836
  },
  "2": {
    "class_id": 2,
    "centroid": [
      310.49249267578125,
      163.30386352539062
    ],
    "length": [
      98.01006317138672,
      136.69960021972656
    ],
    "angle": 90.47493743896484
  },
  "global_mov": [
    282.29797668443024,
    145.39169479921375
  ]
}