{
  "1": {
    "class_id": 1,
    "centroid": [
      311.45123291015625,
      143.2241973876953
    ],
    "length": [
      149.20266723632812,
      211.6543731689453
    ],
    "angle": 91.67829132080078
  },
  "2": {
    "class_id": 2,
    "centroid": [
      314.4529724121094,
      142.6331329345703
    ],
    "length": [
      100.7035903930664,
      135.18223571777344
    ],
    "angle": 93.36971282958984
  },
  "global_mov": [
    271.6452275805518,
    123.07257695697017
  ]
}