{
  "1": {
    "class_id": 1,
    "centroid": [
      289.935791015625,
      130.30503845214844
    ],
    "length": [
      143.88670349121094,
      207.5410919189453
    ],
    "angle": 91.34034729003906
  },
  "2": {
    "class_id": 2,
    "centroid": [
      290.5579833984375,
      130.7352752685547
    ],
    "length": [
      95.73491668701172,
      129.77731323242188
    ],
    "angle": 91.68186950683594
  },
  "global_mov": [
    260.65221999062106,
    113.4967508086407
  ]
}