{
  "1": {
    "class_id": 1,
    "centroid": [
      301.55084228515625,
      167.59007263183594
    ],
    "length": [
      133.62583923339844,
      196.9642791748047
    ],
    "angle": 92.63636016845703
  },
  "2": {
    "class_id": 2,
    "centroid": [
      305.3926086425781,
      167.74615478515625
    ],
    "length": [
      94.955322265625,
      138.8605194091797
    ],
    "angle": 91.91694641113281
  },
  "global_mov": [
    280.96549329997157,
    145.81409402041334
  ]
}