{
  "1": {
    "class_id": 1,
    "centroid": [
      277.86785888671875,
      137.46527099609375
    ],
    "length": [
      138.3285675048828,
      196.97572326660156
    ],
    "angle": 89.7181396484375
  },
  "2": {
    "class_id": 2,
    "centroid": [
      278.26947021484375,
      138.6760711669922
    ],
    "length": [
      100.80615234375,
      132.23106384277344
    ],
    "angle": 89.01602935791016
  },
  "global_mov": [
    263.56503522557546,
    127.85257565112806
  ]
}