{
  "1": {
    "class_id": 1,
    "centroid": [
      294.30804443359375,
      150.0281219482422
    ],
    "length": [
      144.8335723876953,
      206.9268341064453
    ],
    "angle": 91.70065307617188
  },
  "2": {
    "class_id": 2,
    "centroid": [
      294.6070251464844,
      151.51150512695312
    ],
    "length": [
      99.40076446533203,
      130.53028869628906
    ],
    "angle": 94.57532501220703
  },
  "global_mov": [
    272.66862503439467,
    138.31397440290695
  ]
}