{
  "1": {
    "class_id": 1,
    "centroid": [
      306.7448425292969,
      145.66127014160156
    ],
    "length": [
      140.15985107421875,
      202.16285705566406
    ],
    "angle": 91.16850280761719
  },
  "2": {
    "class_id": 2,
    "centroid": [
      311.1309509277344,
      146.1961669921875
    ],
    "length": [
      100.00053405761719,
      134.47195434570312
    ],
    "angle": 94.22927856445312
  },
  "global_mov": [
    258.5586445729751,
    136.9757016394012
  ],
  "4": {
    "class_id": "slit knife",
    "tip": [
      297.86602981435396,
      172.82428863080187
    ],
    "length": 176.10321044921875,
    "angle": 46.41442108154297
  }
}