{
  "1": {
    "class_id": 1,
    "centroid": [
      279.1574401855469,
      160.31777954101562
    ],
    "length": [
      132.2994384765625,
      195.80128479003906
    ],
    "angle": 90.86490631103516
  },
  "2": {
    "class_id": 2,
    "centroid": [
      281.0047912597656,
      160.0885467529297
    ],
    "length": [
      99.77449798583984,
      138.18568420410156
    ],
    "angle": 85.13104248046875
  },
  "global_mov": [
    257.87784728477783,
    145.65731279120732
  ]
}