{
  "1": {
    "class_id": 1,
    "centroid": [
      289.498046875,
      152.74911499023438
    ],
    "length": [
      144.67010498046875,
      207.57350158691406
    ],
    "angle": 91.2880630493164
  },
  "2": {
    "class_id": 2,
    "centroid": [
      290.2354736328125,
      153.7427215576172
    ],
    "length": [
      98.54251861572266,
      131.0326690673828
    ],
    "angle": 93.62091064453125
  },
  "global_mov": [
    257.4788670990675,
    138.89630281005466
  ]
}