{
  "1": {
    "class_id": 1,
    "centroid": [
      264.7599792480469,
      156.7526397705078
    ],
    "length": [
      145.7740936279297,
      210.684814453125
    ],
    "angle": 92.28651428222656
  },
  "2": {
    "class_id": 2,
    "centroid": [
      268.3870544433594,
      156.55718994140625
    ],
    "length": [
      98.68828582763672,
      131.24508666992188
    ],
    "angle": 94.08832550048828
  },
  "global_mov": [
    264.4529775200237,
    134.94388896851686
  ]
}