{
  "1": {
    "class_id": 1,
    "centroid": [
      290.36968994140625,
      151.07516479492188
    ],
    "length": [
      144.8772735595703,
      206.78758239746094
    ],
    "angle": 91.33486938476562
  },
  "2": {
    "class_id": 2,
    "centroid": [
      290.8586730957031,
      152.1767120361328
    ],
    "length": [
      98.84832000732422,
      131.8691864013672
    ],
    "angle": 94.05828857421875
  },
  "global_mov": [
    262.3140357128706,
    138.5567829474024
  ]
}