{
  "1": {
    "class_id": 1,
    "centroid": [
      287.5743103027344,
      142.99627685546875
    ],
    "length": [
      135.19918823242188,
      193.71310424804688
    ],
    "angle": 88.01339721679688
  },
  "2": {
    "class_id": 2,
    "centroid": [
      294.1785583496094,
      141.74215698242188
    ],
    "length": [
      95.53592681884766,
      130.5482635498047
    ],
    "angle": 88.10948944091797
  },
  "global_mov": [
    274.7152975740935,
    137.29395195768973
  ]
}