{
  "1": {
    "class_id": 1,
    "centroid": [
      270.3282470703125,
      144.74497985839844
    ],
    "length": [
      148.2330322265625,
      210.89002990722656
    ],
    "angle": 91.64405822753906
  },
  "2": {
    "class_id": 2,
    "centroid": [
      274.8160705566406,
      145.94117736816406
    ],
    "length": [
      101.44776916503906,
      132.88514709472656
    ],
    "angle": 94.82555389404297
  },
  "global_mov": [
    253.78220071766813,
    132.68863301093333
  ]
}