{
  "1": {
    "class_id": 1,
    "centroid": [
      281.5373840332031,
      142.02838134765625
    ],
    "length": [
      144.40200805664062,
      203.57962036132812
    ],
    "angle": 92.2508316040039
  },
  "2": {
    "class_id": 2,
    "centroid": [
      281.62030029296875,
      142.54537963867188
    ],
    "length": [
      97.18526458740234,
      129.74859619140625
    ],
    "angle": 93.08396911621094
  },
  "global_mov": [
    250.52724180340297,
    118.9037912310331
  ]
}