{
  "1": {
    "class_id": 1,
    "centroid": [
      316.2198181152344,
      141.51039123535156
    ],
    "length": [
      138.17437744140625,
      200.94448852539062
    ],
    "angle": 87.31175231933594
  },
  "2": {
    "class_id": 2,
    "centroid": [
      318.216796875,
      143.0596923828125
    ],
    "length": [
      104.48531341552734,
      129.68740844726562
    ],
    "angle": 91.96527862548828
  },
  "global_mov": [
    269.4870406475852,
    150.07901234288343
  ]
}