{
  "1": {
    "class_id": 1,
    "centroid": [
      288.9568176269531,
      149.68328857421875
    ],
    "length": [
      145.39703369140625,
      206.52540588378906
    ],
    "angle": 91.34400939941406
  },
  "2": {
    "class_id": 2,
    "centroid": [
      289.5194091796875,
      150.81004333496094
    ],
    "length": [
      98.58662414550781,
      130.77430725097656
    ],
    "angle": 94.62645721435547
  },
  "global_mov": [
    257.41642679961524,
    135.37443593721082
  ]
}