{
  "1": {
    "class_id": 1,
    "centroid": [
      295.8562927246094,
      162.98609924316406
    ],
    "length": [
      144.25421142578125,
      205.94264221191406
    ],
    "angle": 91.97411346435547
  },
  "2": {
    "class_id": 2,
    "centroid": [
      295.9087219238281,
      163.99258422851562
    ],
    "length": [
      97.7531509399414,
      129.14466857910156
    ],
    "angle": 94.58946228027344
  },
  "global_mov": [
    250.54657455065254,
    142.75406403504323
  ]
}