{
  "1": {
    "class_id": 1,
    "centroid": [
      308.8729553222656,
      148.14950561523438
    ],
    "length": [
      148.3157501220703,
      215.33213806152344
    ],
    "angle": 92.3628158569336
  },
  "2": {
    "class_id": 2,
    "centroid": [
      312.3104248046875,
      149.9741668701172
    ],
    "length": [
      101.3612060546875,
      133.2014617919922
    ],
    "angle": 94.11886596679688
  },
  "global_mov": [
    260.3460172562398,
    140.88151988779848
  ],
  "4": {
    "class_id": "slit knife",
    "tip": [
      274.67084008898644,
      201.73221696748925
    ],
    "length": 139.1776885986328,
    "angle": 46.35319519042969
  }
}