{
  "1": {
    "class_id": 1,
    "centroid": [
      297.0456848144531,
      126.18960571289062
    ],
    "length": [
      137.68280029296875,
      193.36012268066406
    ],
    "angle": 88.42860412597656
  },
  "2": {
    "class_id": 2,
    "centroid": [
      299.0607604980469,
      121.81861877441406
    ],
    "length": [
      93.6137924194336,
      120.9135971069336
    ],
    "angle": 84.82538604736328
  },
  "global_mov": [
    264.9002432720982,
    121.57899923873462
  ]
}