{
  "1": {
    "class_id": 1,
    "centroid": [
      240.83470153808594,
      159.70083618164062
    ],
    "length": [
      149.53103637695312,
      209.4454803466797
    ],
    "angle": 91.37432861328125
  },
  "2": {
    "class_id": 2,
    "centroid": [
      242.21778869628906,
      161.74295043945312
    ],
    "length": [
      101.91679382324219,
      132.56668090820312
    ],
    "angle": 93.85179138183594
  },
  "global_mov": [
    245.89367203221207,
    155.79384167991094
  ]
}