{
  "1": {
    "class_id": 1,
    "centroid": [
      273.5614013671875,
      153.20535278320312
    ],
    "length": [
      149.6124725341797,
      208.4275665283203
    ],
    "angle": 91.35460662841797
  },
  "2": {
    "class_id": 2,
    "centroid": [
      275.7384948730469,
      154.9905242919922
    ],
    "length": [
      101.9127426147461,
      132.80120849609375
    ],
    "angle": 96.54515838623047
  },
  "global_mov": [
    243.00431566466978,
    142.5599041590472
  ]
}