{
  "1": {
    "class_id": 1,
    "centroid": [
      283.0460510253906,
      167.79869079589844
    ],
    "length": [
      139.5335235595703,
      209.5775604248047
    ],
    "angle": 94.33769989013672
  },
  "2": {
    "class_id": 2,
    "centroid": [
      285.9169616699219,
      167.68621826171875
    ],
    "length": [
      92.9112777709961,
      132.55311584472656
    ],
    "angle": 94.84176635742188
  },
  "global_mov": [
    247.96932076437815,
    119.22115930707184
  ]
}