{
  "1": {
    "class_id": 1,
    "centroid": [
      320.211669921875,
      149.45748901367188
    ],
    "length": [
      138.5423126220703,
      199.96266174316406
    ],
    "angle": 88.01295471191406
  },
  "2": {
    "class_id": 2,
    "centroid": [
      323.80810546875,
      150.05543518066406
    ],
    "length": [
      103.36412811279297,
      132.75210571289062
    ],
    "angle": 88.84295654296875
  },
  "global_mov": [
    278.0946567504532,
    150.53802905323155
  ]
}