{
  "1": {
    "class_id": 1,
    "centroid": [
      302.14044189453125,
      154.43585205078125
    ],
    "length": [
      133.4714813232422,
      195.12448120117188
    ],
    "angle": 91.19983673095703
  },
  "2": {
    "class_id": 2,
    "centroid": [
      302.44061279296875,
      151.837890625
    ],
    "length": [
      91.05638122558594,
      132.6077423095703
    ],
    "angle": 88.87492370605469
  },
  "global_mov": [
    273.90641483780877,
    130.62237028134098
  ]
}