{
  "1": {
    "class_id": 1,
    "centroid": [
      278.3719787597656,
      137.84849548339844
    ],
    "length": [
      136.88710021972656,
      196.6025848388672
    ],
    "angle": 89.3257064819336
  },
  "2": {
    "class_id": 2,
    "centroid": [
      278.25579833984375,
      138.91416931152344
    ],
    "length": [
      99.59586334228516,
      131.97267150878906
    ],
    "angle": 88.01154327392578
  },
  "global_mov": [
    263.8732111495155,
    128.51184100141472
  ]
}