{
  "1": {
    "class_id": 1,
    "centroid": [
      293.603515625,
      144.3528289794922
    ],
    "length": [
      134.5282440185547,
      196.47012329101562
    ],
    "angle": 87.27857971191406
  },
  "2": {
    "class_id": 2,
    "centroid": [
      299.0295715332031,
      144.13299560546875
    ],
    "length": [
      96.24539947509766,
      131.46824645996094
    ],
    "angle": 86.63944244384766
  },
  "global_mov": [
    276.99727879655546,
    139.52496784624216
  ]
}