{
  "1": {
    "class_id": 1,
    "centroid": [
      296.4961853027344,
      144.45790100097656
    ],
    "length": [
      135.29489135742188,
      195.56532287597656
    ],
    "angle": 87.15811157226562
  },
  "2": {
    "class_id": 2,
    "centroid": [
      301.7244873046875,
      143.16770935058594
    ],
    "length": [
      96.42118835449219,
      133.1031036376953
    ],
    "angle": 84.01309967041016
  },
  "global_mov": [
    276.619741448944,
    140.4783381439227
  ]
}