{
  "1": {
    "class_id": 1,
    "centroid": [
      296.0411682128906,
      162.040771484375
    ],
    "length": [
      137.30831909179688,
      196.66510009765625
    ],
    "angle": 90.89378356933594
  },
  "2": {
    "class_id": 2,
    "centroid": [
      297.474609375,
      161.80010986328125
    ],
    "length": [
      99.02657318115234,
      131.98965454101562
    ],
    "angle": 87.55825805664062
  },
  "global_mov": [
    268.7342361705587,
    152.05080901251043
  ]
}