{
  "1": {
    "class_id": 1,
    "centroid": [
      279.8398132324219,
      138.9442596435547
    ],
    "length": [
      144.45770263671875,
      203.99391174316406
    ],
    "angle": 91.85781860351562
  },
  "2": {
    "class_id": 2,
    "centroid": [
      279.3953857421875,
      139.5059356689453
    ],
    "length": [
      95.4334945678711,
      129.3623809814453
    ],
    "angle": 92.13593292236328
  },
  "global_mov": [
    257.2238810789402,
    120.43945037517169
  ]
}