{
  "1": {
    "class_id": 1,
    "centroid": [
      289.5597229003906,
      159.72303771972656
    ],
    "length": [
      143.64178466796875,
      205.70440673828125
    ],
    "angle": 92.25592041015625
  },
  "2": {
    "class_id": 2,
    "centroid": [
      289.6116027832031,
      160.24334716796875
    ],
    "length": [
      97.99848937988281,
      130.8116455078125
    ],
    "angle": 95.8873519897461
  },
  "global_mov": [
    250.84721055318235,
    140.02445419865197
  ]
}