{
  "1": {
    "class_id": 1,
    "centroid": [
      293.2362365722656,
      151.36737060546875
    ],
    "length": [
      145.5164031982422,
      207.8993682861328
    ],
    "angle": 90.71940612792969
  },
  "2": {
    "class_id": 2,
    "centroid": [
      294.1715087890625,
      152.4808807373047
    ],
    "length": [
      98.43199157714844,
      130.84271240234375
    ],
    "angle": 93.06049346923828
  },
  "global_mov": [
    265.1097531270953,
    139.95262744651015
  ]
}