{
  "1": {
    "class_id": 1,
    "centroid": [
      307.47039794921875,
      161.02169799804688
    ],
    "length": [
      136.02874755859375,
      197.65797424316406
    ],
    "angle": 89.9391098022461
  },
  "2": {
    "class_id": 2,
    "centroid": [
      310.55926513671875,
      160.41519165039062
    ],
    "length": [
      98.36602783203125,
      136.8923797607422
    ],
    "angle": 87.39521789550781
  },
  "global_mov": [
    279.23156180092957,
    143.06791676289774
  ]
}