{
  "1": {
    "class_id": 1,
    "centroid": [
      270.1708679199219,
      142.88702392578125
    ],
    "length": [
      148.99932861328125,
      210.29852294921875
    ],
    "angle": 91.08393096923828
  },
  "2": {
    "class_id": 2,
    "centroid": [
      274.55120849609375,
      144.3401641845703
    ],
    "length": [
      102.02928924560547,
      132.6464080810547
    ],
    "angle": 95.86312866210938
  },
  "global_mov": [
    254.7590126298661,
    132.20675951153342
  ]
}