{
  "1": {
    "class_id": 1,
    "centroid": [
      298.6656188964844,
      146.4051513671875
    ],
    "length": [
      145.42955017089844,
      207.34617614746094
    ],
    "angle": 90.95063018798828
  },
  "2": {
    "class_id": 2,
    "centroid": [
      299.2992858886719,
      147.48374938964844
    ],
    "length": [
      98.37777709960938,
      131.82510375976562
    ],
    "angle": 93.87081909179688
  },
  "global_mov": [
    275.21109031418206,
    138.81871761639874
  ]
}