{
  "1": {
    "class_id": 1,
    "centroid": [
      281.96649169921875,
      155.58270263671875
    ],
    "length": [
      149.73556518554688,
      209.0485076904297
    ],
    "angle": 90.94538116455078
  },
  "2": {
    "class_id": 2,
    "centroid": [
      283.5307922363281,
      156.99917602539062
    ],
    "length": [
      101.76253509521484,
      133.15286254882812
    ],
    "angle": 94.06204986572266
  },
  "global_mov": [
    271.48303022253145,
    150.83330428633678
  ]
}