{
  "1": {
    "class_id": 1,
    "centroid": [
      304.0837707519531,
      138.56007385253906
    ],
    "length": [
      136.8937225341797,
      196.85850524902344
    ],
    "angle": 86.82351684570312
  },
  "2": {
    "class_id": 2,
    "centroid": [
      303.9592590332031,
      142.610107421875
    ],
    "length": [
      103.1252212524414,
      126.52178192138672
    ],
    "angle": 92.85858154296875
  },
  "global_mov": [
    276.03121581756926,
    154.06912677617944
  ]
}