{
  "1": {
    "class_id": 1,
    "centroid": [
      288.3815612792969,
      178.2247314453125
    ],
    "length": [
      143.7361602783203,
      211.66494750976562
    ],
    "angle": 92.79562377929688
  },
  "2": {
    "class_id": 2,
    "centroid": [
      292.04254150390625,
      178.75863647460938
    ],
    "length": [
      97.8000717163086,
      135.21377563476562
    ],
    "angle": 94.6082534790039
  },
  "global_mov": [
    258.3297099910342,
    139.46714296749482
  ]
}