{
  "1": {
    "class_id": 1,
    "centroid": [
      276.4933776855469,
      181.6717071533203
    ],
    "length": [
      143.37973022460938,
      210.7051544189453
    ],
    "angle": 93.0011978149414
  },
  "2": {
    "class_id": 2,
    "centroid": [
      279.8528747558594,
      182.04139709472656
    ],
    "length": [
      96.88259887695312,
      133.4888458251953
    ],
    "angle": 94.2394027709961
  },
  "global_mov": [
    257.05877559984566,
    137.23582757763177
  ]
}