{
  "1": {
    "class_id": 1,
    "centroid": [
      302.83306884765625,
      150.82386779785156
    ],
    "length": [
      145.71737670898438,
      207.8380889892578
    ],
    "angle": 89.54341888427734
  },
  "2": {
    "class_id": 2,
    "centroid": [
      303.46002197265625,
      152.12847900390625
    ],
    "length": [
      98.85334014892578,
      131.0259246826172
    ],
    "angle": 93.05728912353516
  },
  "global_mov": [
    273.60361438798907,
    137.96439566854065
  ]
}