{
  "1": {
    "class_id": 1,
    "centroid": [
      291.3825378417969,
      155.15585327148438
    ],
    "length": [
      143.589111328125,
      206.1329345703125
    ],
    "angle": 91.93315124511719
  },
  "2": {
    "class_id": 2,
    "centroid": [
      292.4570007324219,
      155.824462890625
    ],
    "length": [
      97.826171875,
      130.08274841308594
    ],
    "angle": 95.08123016357422
  },
  "global_mov": [
    257.8961098759574,
    139.8277672278757
  ]
}