{
  "1": {
    "class_id": 1,
    "centroid": [
      290.4676513671875,
      156.682373046875
    ],
    "length": [
      150.8455810546875,
      215.03196716308594
    ],
    "angle": 91.5731201171875
  },
  "2": {
    "class_id": 2,
    "centroid": [
      295.640380859375,
      156.17214965820312
    ],
    "length": [
      100.15739440917969,
      131.3074951171875
    ],
    "angle": 92.80682373046875
  },
  "global_mov": [
    258.01762198089904,
    136.37154910931477
  ]
}