{
  "1": {
    "class_id": 1,
    "centroid": [
      284.0180358886719,
      151.79360961914062
    ],
    "length": [
      134.8157958984375,
      195.45010375976562
    ],
    "angle": 88.78660583496094
  },
  "2": {
    "class_id": 2,
    "centroid": [
      286.6184997558594,
      151.48191833496094
    ],
    "length": [
      100.51420593261719,
      137.5870361328125
    ],
    "angle": 86.83186340332031
  },
  "global_mov": [
    262.83697083294896,
    145.60709067702285
  ]
}