{
  "1": {
    "class_id": 1,
    "centroid": [
      378.188720703125,
      115.12940979003906
    ],
    "length": [
      148.20069885253906,
      213.64675903320312
    ],
    "angle": 89.18434143066406
  },
  "2": {
    "class_id": 2,
    "centroid": [
      379.4830627441406,
      115.65034484863281
    ],
    "length": [
      100.36119842529297,
      135.2515106201172
    ],
    "angle": 91.40632629394531
  },
  "global_mov": [
    282.57677205403644,
    115.02757040659587
  ]
}