{
  "1": {
    "class_id": 1,
    "centroid": [
      282.5616149902344,
      180.20477294921875
    ],
    "length": [
      140.9033203125,
      208.994873046875
    ],
    "angle": 94.07172393798828
  },
  "2": {
    "class_id": 2,
    "centroid": [
      285.1385192871094,
      180.73451232910156
    ],
    "length": [
      95.40840911865234,
      134.6312255859375
    ],
    "angle": 95.01789093017578
  },
  "global_mov": [
    256.663839640976,
    136.8142384851205
  ]
}