{
  "1": {
    "class_id": 1,
    "centroid": [
      277.2363586425781,
      132.18922424316406
    ],
    "length": [
      149.9490203857422,
      208.24667358398438
    ],
    "angle": 89.83295440673828
  },
  "2": {
    "class_id": 2,
    "centroid": [
      279.3253479003906,
      132.909912109375
    ],
    "length": [
      100.48867797851562,
      132.12832641601562
    ],
    "angle": 94.10712432861328
  },
  "global_mov": [
    265.76255598849633,
    129.67884400103193
  ]
}