{
  "1": {
    "class_id": 1,
    "centroid": [
      293.92352294921875,
      139.93084716796875
    ],
    "length": [
      150.20986938476562,
      212.88552856445312
    ],
    "angle": 92.20178985595703
  },
  "2": {
    "class_id": 2,
    "centroid": [
      297.2872009277344,
      140.27239990234375
    ],
    "length": [
      101.35426330566406,
      130.9273681640625
    ],
    "angle": 96.52574157714844
  },
  "global_mov": [
    272.03149691638936,
    122.91109561057795
  ]
}