{
  "1": {
    "class_id": 1,
    "centroid": [
      231.14608764648438,
      161.0872344970703
    ],
    "length": [
      148.7693634033203,
      210.0536651611328
    ],
    "angle": 91.34857177734375
  },
  "2": {
    "class_id": 2,
    "centroid": [
      233.38668823242188,
      162.88600158691406
    ],
    "length": [
      102.63493347167969,
      130.90997314453125
    ],
    "angle": 94.96013641357422
  },
  "global_mov": [
    240.84891835808773,
    150.69680824947974
  ]
}