{
  "1": {
    "class_id": 1,
    "centroid": [
      305.51800537109375,
      146.50567626953125
    ],
    "length": [
      135.8511962890625,
      195.44862365722656
    ],
    "angle": 90.6546630859375
  },
  "2": {
    "class_id": 2,
    "centroid": [
      307.35675048828125,
      147.73959350585938
    ],
    "length": [
      98.92350769042969,
      132.4356689453125
    ],
    "angle": 93.86981201171875
  },
  "global_mov": [
    275.66586877297874,
    132.4390199595587
  ]
}