{
  "1": {
    "class_id": 1,
    "centroid": [
      306.1023254394531,
      156.56471252441406
    ],
    "length": [
      132.12855529785156,
      195.28721618652344
    ],
    "angle": 90.85457611083984
  },
  "2": {
    "class_id": 2,
    "centroid": [
      309.4541931152344,
      154.11439514160156
    ],
    "length": [
      89.81410217285156,
      133.97210693359375
    ],
    "angle": 93.76512145996094
  },
  "global_mov": [
    271.97342112498967,
    133.5000609510257
  ]
}