{
  "1": {
    "class_id": 1,
    "centroid": [
      281.49139404296875,
      142.52651977539062
    ],
    "length": [
      135.3798828125,
      195.39596557617188
    ],
    "angle": 91.11033630371094
  },
  "2": {
    "class_id": 2,
    "centroid": [
      283.2231750488281,
      141.39222717285156
    ],
    "length": [
      92.80071258544922,
      126.9667739868164
    ],
    "angle": 93.03643798828125
  },
  "global_mov": [
    267.5719012009001,
    133.20587332016507
  ]
}