{
  "1": {
    "class_id": 1,
    "centroid": [
      302.2059020996094,
      142.034912109375
    ],
    "length": [
      144.59469604492188,
      209.36058044433594
    ],
    "angle": 90.2146987915039
  },
  "2": {
    "class_id": 2,
    "centroid": [
      304.7294006347656,
      142.7354278564453
    ],
    "length": [
      99.38457489013672,
      134.6790771484375
    ],
    "angle": 91.72777557373047
  },
  "global_mov": [
    277.8392131946693,
    131.47987445283135
  ]
}