{
  "1": {
    "class_id": 1,
    "centroid": [
      284.01007080078125,
      147.60531616210938
    ],
    "length": [
      134.80906677246094,
      192.12831115722656
    ],
    "angle": 86.84620666503906
  },
  "2": {
    "class_id": 2,
    "centroid": [
      283.9200439453125,
      150.42913818359375
    ],
    "length": [
      97.41687774658203,
      126.68115997314453
    ],
    "angle": 80.83546447753906
  },
  "global_mov": [
    265.6683648826469,
    152.188858317613
  ]
}