{
  "1": {
    "class_id": 1,
    "centroid": [
      296.4153137207031,
      154.62710571289062
    ],
    "length": [
      150.5135955810547,
      214.7544708251953
    ],
    "angle": 90.70697021484375
  },
  "2": {
    "class_id": 2,
    "centroid": [
      301.4959411621094,
      154.86001586914062
    ],
    "length": [
      99.8728256225586,
      131.9530487060547
    ],
    "angle": 92.33329010009766
  },
  "global_mov": [
    259.80080427892875,
    136.2607468166884
  ],
  "4": {
    "class_id": "slit knife",
    "tip": [
      220.00003023895857,
      236.00003079619768
    ],
    "length": 98.287841796875,
    "angle": 45.0
  }
}