{
  "1": {
    "class_id": 1,
    "centroid": [
      296.8828125,
      153.68666076660156
    ],
    "length": [
      131.57003784179688,
      194.53549194335938
    ],
    "angle": 92.30703735351562
  },
  "2": {
    "class_id": 2,
    "centroid": [
      299.3810119628906,
      151.32151794433594
    ],
    "length": [
      89.51398468017578,
      133.23245239257812
    ],
    "angle": 94.37329864501953
  },
  "global_mov": [
    272.8757972954054,
    129.7803896683208
  ]
}