{
  "1": {
    "class_id": 1,
    "centroid": [
      304.2021179199219,
      145.15158081054688
    ],
    "length": [
      147.12440490722656,
      210.15142822265625
    ],
    "angle": 90.32323455810547
  },
  "2": {
    "class_id": 2,
    "centroid": [
      307.2696533203125,
      145.68316650390625
    ],
    "length": [
      101.09434509277344,
      135.20069885253906
    ],
    "angle": 91.85025024414062
  },
  "global_mov": [
    277.80220762249616,
    134.28252690232696
  ]
}