{
  "1": {
    "class_id": 1,
    "centroid": [
      263.5459289550781,
      158.9935302734375
    ],
    "length": [
      144.11680603027344,
      210.00332641601562
    ],
    "angle": 92.05828857421875
  },
  "2": {
    "class_id": 2,
    "centroid": [
      266.920166015625,
      159.48146057128906
    ],
    "length": [
      98.02275848388672,
      132.61968994140625
    ],
    "angle": 93.69371795654297
  },
  "global_mov": [
    259.9323129370456,
    134.92231207307861
  ]
}