{
  "1": {
    "class_id": 1,
    "centroid": [
      283.15924072265625,
      183.29739379882812
    ],
    "length": [
      142.8581085205078,
      210.65631103515625
    ],
    "angle": 92.95947265625
  },
  "2": {
    "class_id": 2,
    "centroid": [
      287.0758361816406,
      184.1112823486328
    ],
    "length": [
      97.153076171875,
      134.23960876464844
    ],
    "angle": 93.7568359375
  },
  "global_mov": [
    261.02298639536195,
    137.5929512225621
  ]
}