{
  "1": {
    "class_id": 1,
    "centroid": [
      288.84906005859375,
      130.1254425048828
    ],
    "length": [
      130.7540283203125,
      194.2626953125
    ],
    "angle": 91.19844055175781
  },
  "2": {
    "class_id": 2,
    "centroid": [
      287.54498291015625,
      130.12582397460938
    ],
    "length": [
      94.3184814453125,
      128.5042724609375
    ],
    "angle": 95.32810974121094
  },
  "global_mov": [
    259.7246358361845,
    119.33606176617123
  ]
}