{
  "1": {
    "class_id": 1,
    "centroid": [
      293.76544189453125,
      129.8771514892578
    ],
    "length": [
      134.83493041992188,
      196.3148956298828
    ],
    "angle": 90.93231964111328
  },
  "2": {
    "class_id": 2,
    "centroid": [
      293.4708251953125,
      125.9629135131836
    ],
    "length": [
      93.05119323730469,
      128.06434631347656
    ],
    "angle": 88.83538818359375
  },
  "global_mov": [
    266.2588022478322,
    123.09255998565773
  ]
}