{
  "1": {
    "class_id": 1,
    "centroid": [
      329.067138671875,
      165.01527404785156
    ],
    "length": [
      149.62744140625,
      209.7532958984375
    ],
    "angle": 90.64739990234375
  },
  "2": {
    "class_id": 2,
    "centroid": [
      331.1563720703125,
      166.4856719970703
    ],
    "length": [
      100.52799987792969,
      132.8440704345703
    ],
    "angle": 92.27214813232422
  },
  "global_mov": [
    265.09892121378635,
    137.03732160614777
  ]
}