{
  "1": {
    "class_id": 1,
    "centroid": [
      219.67160034179688,
      145.7733154296875
    ],
    "length": [
      148.5903778076172,
      213.4192657470703
    ],
    "angle": 91.88868713378906
  },
  "2": {
    "class_id": 2,
    "centroid": [
      221.08470153808594,
      147.8013153076172
    ],
    "length": [
      102.84101104736328,
      134.8162841796875
    ],
    "angle": 92.15845489501953
  },
  "global_mov": [
    207.84698427706948,
    123.5581014898076
  ]
}