{
  "1": {
    "class_id": 1,
    "centroid": [
      287.2971496582031,
      153.12867736816406
    ],
    "length": [
      147.67674255371094,
      209.99871826171875
    ],
    "angle": 90.20167541503906
  },
  "2": {
    "class_id": 2,
    "centroid": [
      290.9774169921875,
      154.9652862548828
    ],
    "length": [
      102.85072326660156,
      134.17132568359375
    ],
    "angle": 94.16594696044922
  },
  "global_mov": [
    265.15285470380314,
    138.6380233510246
  ]
}