{
  "1": {
    "class_id": 1,
    "centroid": [
      375.6478271484375,
      188.4330596923828
    ],
    "length": [
      151.3162384033203,
      217.64910888671875
    ],
    "angle": 89.90990447998047
  },
  "2": {
    "class_id": 2,
    "centroid": [
      376.4178771972656,
      190.2020721435547
    ],
    "length": [
      102.27669525146484,
      136.6737823486328
    ],
    "angle": 93.02588653564453
  },
  "global_mov": [
    266.3852100259772,
    155.18090173621817
  ]
}