{
  "1": {
    "class_id": 1,
    "centroid": [
      285.9556884765625,
      179.1109619140625
    ],
    "length": [
      144.32359313964844,
      211.90138244628906
    ],
    "angle": 93.01570892333984
  },
  "2": {
    "class_id": 2,
    "centroid": [
      290.31927490234375,
      179.5491180419922
    ],
    "length": [
      98.78739929199219,
      134.0751495361328
    ],
    "angle": 94.04667663574219
  },
  "global_mov": [
    259.26177062310893,
    139.10436619225308
  ]
}