{
  "1": {
    "class_id": 1,
    "centroid": [
      298.9279479980469,
      146.71994018554688
    ],
    "length": [
      146.2101287841797,
      206.87030029296875
    ],
    "angle": 90.7342758178711
  },
  "2": {
    "class_id": 2,
    "centroid": [
      299.97723388671875,
      147.72410583496094
    ],
    "length": [
      98.71715545654297,
      132.0614471435547
    ],
    "angle": 94.34575653076172
  },
  "global_mov": [
    273.01416891211323,
    137.2002398864714
  ]
}