{
  "1": {
    "class_id": 1,
    "centroid": [
      284.26947021484375,
      148.5679931640625
    ],
    "length": [
      136.05499267578125,
      196.07400512695312
    ],
    "angle": 88.57986450195312
  },
  "2": {
    "class_id": 2,
    "centroid": [
      285.3984375,
      148.40768432617188
    ],
    "length": [
      99.29975128173828,
      134.81954956054688
    ],
    "angle": 83.93301391601562
  },
  "global_mov": [
    263.0568566903439,
    143.99209720687386
  ]
}