{
  "1": {
    "class_id": 1,
    "centroid": [
      293.0567626953125,
      133.07083129882812
    ],
    "length": [
      132.19476318359375,
      196.95472717285156
    ],
    "angle": 91.91381072998047
  },
  "2": {
    "class_id": 2,
    "centroid": [
      293.1914978027344,
      130.70968627929688
    ],
    "length": [
      91.02114868164062,
      126.80400085449219
    ],
    "angle": 97.8843765258789
  },
  "global_mov": [
    261.1204532773872,
    119.49205224370144
  ]
}