{
  "1": {
    "class_id": 1,
    "centroid": [
      276.5432434082031,
      149.23036193847656
    ],
    "length": [
      142.68032836914062,
      209.8878936767578
    ],
    "angle": 90.92141723632812
  },
  "2": {
    "class_id": 2,
    "centroid": [
      280.1336364746094,
      150.089599609375
    ],
    "length": [
      96.93269348144531,
      134.8488006591797
    ],
    "angle": 92.77635955810547
  },
  "global_mov": [
    269.39160562151955,
    125.00811517110884
  ]
}