{
  "1": {
    "class_id": 1,
    "centroid": [
      277.6267395019531,
      137.7639617919922
    ],
    "length": [
      144.7163848876953,
      204.0657501220703
    ],
    "angle": 91.54207611083984
  },
  "2": {
    "class_id": 2,
    "centroid": [
      277.3160400390625,
      138.25625610351562
    ],
    "length": [
      95.38042449951172,
      130.10362243652344
    ],
    "angle": 91.67790222167969
  },
  "global_mov": [
    256.7703202123609,
    119.03763178328903
  ]
}