{
  "1": {
    "class_id": 1,
    "centroid": [
      282.55352783203125,
      183.23912048339844
    ],
    "length": [
      142.181884765625,
      209.3480224609375
    ],
    "angle": 92.94296264648438
  },
  "2": {
    "class_id": 2,
    "centroid": [
      286.13104248046875,
      183.70452880859375
    ],
    "length": [
      95.83444213867188,
      132.36297607421875
    ],
    "angle": 94.2284164428711
  },
  "global_mov": [
    261.56232175525327,
    137.66721141518403
  ]
}