{
  "1": {
    "class_id": 1,
    "centroid": [
      277.9331970214844,
      137.1041717529297
    ],
    "length": [
      138.51638793945312,
      196.4146728515625
    ],
    "angle": 89.48064422607422
  },
  "2": {
    "class_id": 2,
    "centroid": [
      278.20819091796875,
      137.9726104736328
    ],
    "length": [
      99.94612121582031,
      131.9761505126953
    ],
    "angle": 89.39684295654297
  },
  "global_mov": [
    262.99094764722304,
    127.31387904241376
  ]
}