{
  "1": {
    "class_id": 1,
    "centroid": [
      302.57891845703125,
      146.44384765625
    ],
    "length": [
      133.0319061279297,
      197.02285766601562
    ],
    "angle": 91.43335723876953
  },
  "2": {
    "class_id": 2,
    "centroid": [
      299.7208251953125,
      146.99655151367188
    ],
    "length": [
      94.43019104003906,
      124.48932647705078
    ],
    "angle": 91.52850341796875
  },
  "global_mov": [
    275.8768050579975,
    130.6583370315517
  ]
}