{
  "1": {
    "class_id": 1,
    "centroid": [
      290.5982360839844,
      150.84132385253906
    ],
    "length": [
      145.1396026611328,
      206.6681671142578
    ],
    "angle": 91.28195190429688
  },
  "2": {
    "class_id": 2,
    "centroid": [
      291.0499267578125,
      151.79672241210938
    ],
    "length": [
      99.651611328125,
      131.5992431640625
    ],
    "angle": 94.90408325195312
  },
  "global_mov": [
    262.3005234670405,
    138.79360931916457
  ]
}