{
  "1": {
    "class_id": 1,
    "centroid": [
      366.88043212890625,
      117.92417907714844
    ],
    "length": [
      147.89837646484375,
      213.25259399414062
    ],
    "angle": 88.36124420166016
  },
  "2": {
    "class_id": 2,
    "centroid": [
      369.6753234863281,
      118.27354431152344
    ],
    "length": [
      100.57730102539062,
      139.32437133789062
    ],
    "angle": 87.85224914550781
  },
  "global_mov": [
    280.6126708984375,
    113.18479267756145
  ]
}