{
  "1": {
    "class_id": 1,
    "centroid": [
      271.38250732421875,
      175.95118713378906
    ],
    "length": [
      128.11024475097656,
      190.66629028320312
    ],
    "angle": 94.52030944824219
  },
  "2": {
    "class_id": 2,
    "centroid": [
      275.13995361328125,
      177.01803588867188
    ],
    "length": [
      93.61740112304688,
      132.87875366210938
    ],
    "angle": 96.49098205566406
  },
  "global_mov": [
    288.80317868985816,
    146.5062928370228
  ]
}