{
  "1": {
    "class_id": 1,
    "centroid": [
      305.1325378417969,
      160.25997924804688
    ],
    "length": [
      146.82635498046875,
      210.63487243652344
    ],
    "angle": 90.97779846191406
  },
  "2": {
    "class_id": 2,
    "centroid": [
      310.03582763671875,
      160.96315002441406
    ],
    "length": [
      106.66368865966797,
      141.72886657714844
    ],
    "angle": 90.17001342773438
  },
  "global_mov": [
    270.8753681864775,
    152.8219871545466
  ]
}