{
  "1": {
    "class_id": 1,
    "centroid": [
      299.0709228515625,
      152.48121643066406
    ],
    "length": [
      150.27308654785156,
      215.264892578125
    ],
    "angle": 90.75726318359375
  },
  "2": {
    "class_id": 2,
    "centroid": [
      303.97735595703125,
      153.245361328125
    ],
    "length": [
      99.71170043945312,
      134.08303833007812
    ],
    "angle": 92.99778747558594
  },
  "global_mov": [
    257.2259694982552,
    136.36848004204364
  ],
  "4": {
    "class_id": "slit knife",
    "tip": [
      251.7500103937619,
      227.75000486502717
    ],
    "length": 107.48021697998047,
    "angle": 45.0
  }
}