{
  "1": {
    "class_id": 1,
    "centroid": [
      290.2062072753906,
      146.6864013671875
    ],
    "length": [
      143.51380920410156,
      205.81036376953125
    ],
    "angle": 91.60801696777344
  },
  "2": {
    "class_id": 2,
    "centroid": [
      290.3879699707031,
      147.2471466064453
    ],
    "length": [
      96.32447052001953,
      129.84375
    ],
    "angle": 93.65489959716797
  },
  "global_mov": [
    262.5807702384958,
    120.3339689160551
  ]
}