{
  "1": {
    "class_id": 1,
    "centroid": [
      294.35223388671875,
      130.00146484375
    ],
    "length": [
      145.59661865234375,
      207.9947052001953
    ],
    "angle": 90.88922882080078
  },
  "2": {
    "class_id": 2,
    "centroid": [
      295.0582580566406,
      129.69430541992188
    ],
    "length": [
      96.8142318725586,
      127.22156524658203
    ],
    "angle": 92.65219116210938
  },
  "global_mov": [
    264.0776968253368,
    118.15576534975872
  ]
}