{
  "1": {
    "class_id": 1,
    "centroid": [
      293.7580261230469,
      149.842041015625
    ],
    "length": [
      146.07752990722656,
      208.02330017089844
    ],
    "angle": 90.7168960571289
  },
  "2": {
    "class_id": 2,
    "centroid": [
      294.68841552734375,
      150.46627807617188
    ],
    "length": [
      98.27738952636719,
      130.4385223388672
    ],
    "angle": 93.93010711669922
  },
  "global_mov": [
    257.75830494758014,
    138.26143147512494
  ]
}