{
  "1": {
    "class_id": 1,
    "centroid": [
      301.6225280761719,
      153.92904663085938
    ],
    "length": [
      150.56161499023438,
      214.2809600830078
    ],
    "angle": 90.68408966064453
  },
  "2": {
    "class_id": 2,
    "centroid": [
      306.08837890625,
      154.82626342773438
    ],
    "length": [
      100.5147705078125,
      133.80401611328125
    ],
    "angle": 92.27182006835938
  },
  "global_mov": [
    259.27178752324124,
    138.89625130870374
  ],
  "4": {
    "class_id": "slit knife",
    "tip": [
      254.18539949248486,
      222.19158237808074
    ],
    "length": 117.50303649902344,
    "angle": 44.06080627441406
  }
}