{
  "1": {
    "class_id": 1,
    "centroid": [
      284.3646545410156,
      158.76235961914062
    ],
    "length": [
      141.74154663085938,
      205.00750732421875
    ],
    "angle": 91.66818237304688
  },
  "2": {
    "class_id": 2,
    "centroid": [
      284.746337890625,
      160.06707763671875
    ],
    "length": [
      96.65167236328125,
      129.9073486328125
    ],
    "angle": 94.4386215209961
  },
  "global_mov": [
    246.10275224172287,
    133.33483271181944
  ]
}