{
  "1": {
    "class_id": 1,
    "centroid": [
      273.9800109863281,
      180.2091827392578
    ],
    "length": [
      145.78945922851562,
      213.08665466308594
    ],
    "angle": 90.69048309326172
  },
  "2": {
    "class_id": 2,
    "centroid": [
      277.55303955078125,
      179.93161010742188
    ],
    "length": [
      96.71460723876953,
      133.0714111328125
    ],
    "angle": 92.67778778076172
  },
  "global_mov": [
    251.96229079975433,
    138.10107137082386
  ]
}