{
  "1": {
    "class_id": 1,
    "centroid": [
      286.4422912597656,
      150.07412719726562
    ],
    "length": [
      135.0671844482422,
      193.20556640625
    ],
    "angle": 87.54328155517578
  },
  "2": {
    "class_id": 2,
    "centroid": [
      286.6705627441406,
      153.60833740234375
    ],
    "length": [
      97.45182800292969,
      126.69237518310547
    ],
    "angle": 84.33738708496094
  },
  "global_mov": [
    265.1089806828546,
    153.19796257865804
  ]
}