{
  "1": {
    "class_id": 1,
    "centroid": [
      294.45050048828125,
      152.35963439941406
    ],
    "length": [
      146.27227783203125,
      208.5284423828125
    ],
    "angle": 90.5224380493164
  },
  "2": {
    "class_id": 2,
    "centroid": [
      294.9673767089844,
      153.27584838867188
    ],
    "length": [
      99.8077163696289,
      130.63848876953125
    ],
    "angle": 93.33390045166016
  },
  "global_mov": [
    262.69569869214246,
    142.195928134674
  ]
}