{
  "1": {
    "class_id": 1,
    "centroid": [
      302.1769714355469,
      149.71275329589844
    ],
    "length": [
      146.74563598632812,
      208.93319702148438
    ],
    "angle": 90.00996398925781
  },
  "2": {
    "class_id": 2,
    "centroid": [
      302.6162109375,
      151.35731506347656
    ],
    "length": [
      99.81417083740234,
      131.68980407714844
    ],
    "angle": 93.75463104248047
  },
  "global_mov": [
    278.1843531011935,
    136.85417283301135
  ]
}