{
  "1": {
    "class_id": 1,
    "centroid": [
      291.80279541015625,
      151.73606872558594
    ],
    "length": [
      144.08558654785156,
      207.2827606201172
    ],
    "angle": 91.07728576660156
  },
  "2": {
    "class_id": 2,
    "centroid": [
      292.619384765625,
      152.7975311279297
    ],
    "length": [
      98.2038345336914,
      130.438720703125
    ],
    "angle": 94.88835144042969
  },
  "global_mov": [
    261.2866631258076,
    139.9307797631097
  ]
}