{
  "1": {
    "class_id": 1,
    "centroid": [
      298.25714111328125,
      152.7235870361328
    ],
    "length": [
      150.54412841796875,
      215.1964569091797
    ],
    "angle": 90.59945678710938
  },
  "2": {
    "class_id": 2,
    "centroid": [
      303.22314453125,
      153.42013549804688
    ],
    "length": [
      99.5211181640625,
      133.28561401367188
    ],
    "angle": 93.47457122802734
  },
  "global_mov": [
    259.63056756707766,
    136.7865075909693
  ],
  "4": {
    "class_id": "slit knife",
    "tip": [
      224.98837302715611,
      221.96639818767505
    ],
    "length": 110.30170440673828,
    "angle": 45.64374923706055
  }
}