{
  "1": {
    "class_id": 1,
    "centroid": [
      288.62353515625,
      155.458740234375
    ],
    "length": [
      144.64065551757812,
      212.4203643798828
    ],
    "angle": 92.51741790771484
  },
  "2": {
    "class_id": 2,
    "centroid": [
      293.2402038574219,
      156.33421325683594
    ],
    "length": [
      100.2634506225586,
      133.8287353515625
    ],
    "angle": 95.60962677001953
  },
  "global_mov": [
    271.4923624230948,
    131.820506460026
  ]
}