{
  "1": {
    "class_id": 1,
    "centroid": [
      315.1050109863281,
      159.8878173828125
    ],
    "length": [
      137.9053955078125,
      200.99339294433594
    ],
    "angle": 88.86956024169922
  },
  "2": {
    "class_id": 2,
    "centroid": [
      318.6616516113281,
      161.1979522705078
    ],
    "length": [
      102.76045989990234,
      135.5806427001953
    ],
    "angle": 91.87931823730469
  },
  "global_mov": [
    280.68030228041556,
    150.08457369826357
  ]
}