{
  "1": {
    "class_id": 1,
    "centroid": [
      292.8443908691406,
      153.64830017089844
    ],
    "length": [
      135.17230224609375,
      196.3753204345703
    ],
    "angle": 88.65233612060547
  },
  "2": {
    "class_id": 2,
    "centroid": [
      294.5649719238281,
      154.14556884765625
    ],
    "length": [
      99.64248657226562,
      134.04937744140625
    ],
    "angle": 89.2392807006836
  },
  "global_mov": [
    278.94393114537905,
    151.60243337920596
  ]
}