{
  "1": {
    "class_id": 1,
    "centroid": [
      300.9040222167969,
      137.9795379638672
    ],
    "length": [
      135.5245819091797,
      197.44784545898438
    ],
    "angle": 86.1682357788086
  },
  "2": {
    "class_id": 2,
    "centroid": [
      302.7772521972656,
      141.7987060546875
    ],
    "length": [
      95.64179992675781,
      127.94220733642578
    ],
    "angle": 82.74517822265625
  },
  "global_mov": [
    274.81549758392924,
    142.46683857822117
  ]
}