{
  "1": {
    "class_id": 1,
    "centroid": [
      279.60101318359375,
      179.65875244140625
    ],
    "length": [
      139.93141174316406,
      209.8203125
    ],
    "angle": 94.06818389892578
  },
  "2": {
    "class_id": 2,
    "centroid": [
      282.3571472167969,
      180.2335968017578
    ],
    "length": [
      95.51481628417969,
      135.27618408203125
    ],
    "angle": 94.793701171875
  },
  "global_mov": [
    254.76153487355703,
    134.55085239078792
  ]
}