{
  "1": {
    "class_id": 1,
    "centroid": [
      300.8969421386719,
      152.3499755859375
    ],
    "length": [
      150.18014526367188,
      214.18194580078125
    ],
    "angle": 90.84230041503906
  },
  "2": {
    "class_id": 2,
    "centroid": [
      305.7442626953125,
      153.24209594726562
    ],
    "length": [
      99.3604507446289,
      134.24427795410156
    ],
    "angle": 93.24467468261719
  },
  "global_mov": [
    259.3857058970456,
    137.09466531043586
  ],
  "4": {
    "class_id": "slit knife",
    "tip": [
      248.75003104670876,
      222.7500299884475
    ],
    "length": 114.55130004882812,
    "angle": 45.0
  }
}