{
  "1": {
    "class_id": 1,
    "centroid": [
      293.5814208984375,
      153.47117614746094
    ],
    "length": [
      145.34713745117188,
      208.9927215576172
    ],
    "angle": 90.97506713867188
  },
  "2": {
    "class_id": 2,
    "centroid": [
      294.39154052734375,
      154.1736602783203
    ],
    "length": [
      98.59573364257812,
      129.8637237548828
    ],
    "angle": 94.5324478149414
  },
  "global_mov": [
    259.42552303159846,
    140.73116144388072
  ]
}