{
  "1": {
    "class_id": 1,
    "centroid": [
      301.2900390625,
      117.93975067138672
    ],
    "length": [
      135.78627014160156,
      196.95449829101562
    ],
    "angle": 87.3553695678711
  },
  "2": {
    "class_id": 2,
    "centroid": [
      301.5395812988281,
      117.44637298583984
    ],
    "length": [
      95.44039916992188,
      119.7572250366211
    ],
    "angle": 83.06371307373047
  },
  "global_mov": [
    262.5786413652919,
    118.96658867557203
  ]
}