{
  "1": {
    "class_id": 1,
    "centroid": [
      286.4972229003906,
      139.70668029785156
    ],
    "length": [
      145.63792419433594,
      204.66127014160156
    ],
    "angle": 91.3407211303711
  },
  "2": {
    "class_id": 2,
    "centroid": [
      286.93829345703125,
      140.20867919921875
    ],
    "length": [
      96.95560455322266,
      128.01416015625
    ],
    "angle": 92.16675567626953
  },
  "global_mov": [
    263.7990566168424,
    124.8285940281146
  ]
}