{
  "1": {
    "class_id": 1,
    "centroid": [
      280.9183349609375,
      149.2611541748047
    ],
    "length": [
      143.1012420654297,
      208.6934814453125
    ],
    "angle": 91.61241912841797
  },
  "2": {
    "class_id": 2,
    "centroid": [
      283.91693115234375,
      150.47731018066406
    ],
    "length": [
      97.28671264648438,
      133.99122619628906
    ],
    "angle": 92.78327941894531
  },
  "global_mov": [
    266.4550496854744,
    123.99119482469665
  ]
}