{
  "1": {
    "class_id": 1,
    "centroid": [
      292.7341003417969,
      169.03408813476562
    ],
    "length": [
      148.40638732910156,
      211.55453491210938
    ],
    "angle": 91.37390899658203
  },
  "2": {
    "class_id": 2,
    "centroid": [
      294.4842529296875,
      170.79830932617188
    ],
    "length": [
      102.25921630859375,
      132.40826416015625
    ],
    "angle": 94.86048889160156
  },
  "global_mov": [
    263.69393860902744,
    156.10611828773736
  ]
}