{
  "1": {
    "class_id": 1,
    "centroid": [
      292.0133972167969,
      170.3217315673828
    ],
    "length": [
      148.98150634765625,
      211.30404663085938
    ],
    "angle": 91.15274810791016
  },
  "2": {
    "class_id": 2,
    "centroid": [
      294.0859375,
      172.49302673339844
    ],
    "length": [
      102.7479476928711,
      133.1024169921875
    ],
    "angle": 95.24254608154297
  },
  "global_mov": [
    261.6862148382614,
    152.82373461007163
  ]
}