{
  "1": {
    "class_id": 1,
    "centroid": [
      280.2742919921875,
      138.3684844970703
    ],
    "length": [
      145.10931396484375,
      204.2532501220703
    ],
    "angle": 91.91223907470703
  },
  "2": {
    "class_id": 2,
    "centroid": [
      280.4268798828125,
      138.80032348632812
    ],
    "length": [
      95.83426666259766,
      128.8132781982422
    ],
    "angle": 92.4381332397461
  },
  "global_mov": [
    255.96768492360448,
    116.34508400838202
  ]
}