{
  "1": {
    "class_id": 1,
    "centroid": [
      292.99835205078125,
      163.9821319580078
    ],
    "length": [
      135.77012634277344,
      198.22909545898438
    ],
    "angle": 92.0405044555664
  },
  "2": {
    "class_id": 2,
    "centroid": [
      296.7936096191406,
      163.14576721191406
    ],
    "length": [
      99.482421875,
      129.3009796142578
    ],
    "angle": 90.76058197021484
  },
  "global_mov": [
    263.6615998086266,
    150.44703625274724
  ]
}