{
  "1": {
    "class_id": 1,
    "centroid": [
      290.0895080566406,
      150.65585327148438
    ],
    "length": [
      135.14964294433594,
      194.65695190429688
    ],
    "angle": 87.9598159790039
  },
  "2": {
    "class_id": 2,
    "centroid": [
      290.0046081542969,
      154.0269775390625
    ],
    "length": [
      97.60841369628906,
      125.97986602783203
    ],
    "angle": 84.43834686279297
  },
  "global_mov": [
    267.4985232141766,
    153.73024137189068
  ]
}