{
  "1": {
    "class_id": 1,
    "centroid": [
      292.86602783203125,
      153.04612731933594
    ],
    "length": [
      144.0097198486328,
      206.7415313720703
    ],
    "angle": 91.25965881347656
  },
  "2": {
    "class_id": 2,
    "centroid": [
      293.8678894042969,
      154.30111694335938
    ],
    "length": [
      98.80681610107422,
      130.57167053222656
    ],
    "angle": 95.10426330566406
  },
  "global_mov": [
    272.85957684015824,
    142.27469594734086
  ]
}