{
  "1": {
    "class_id": 1,
    "centroid": [
      295.4446105957031,
      147.89144897460938
    ],
    "length": [
      144.8926544189453,
      206.01060485839844
    ],
    "angle": 91.32516479492188
  },
  "2": {
    "class_id": 2,
    "centroid": [
      296.0815734863281,
      148.9383087158203
    ],
    "length": [
      99.4486083984375,
      129.8107147216797
    ],
    "angle": 94.64720153808594
  },
  "global_mov": [
    271.2191812832273,
    138.19425841162794
  ]
}