{
  "1": {
    "class_id": 1,
    "centroid": [
      284.7573547363281,
      146.5631103515625
    ],
    "length": [
      134.6841583251953,
      194.9032440185547
    ],
    "angle": 89.35232543945312
  },
  "2": {
    "class_id": 2,
    "centroid": [
      291.0563659667969,
      145.0284423828125
    ],
    "length": [
      94.97134399414062,
      132.26417541503906
    ],
    "angle": 90.35926818847656
  },
  "global_mov": [
    271.6691322550185,
    136.56241758921166
  ]
}