{
  "1": {
    "class_id": 1,
    "centroid": [
      306.35601806640625,
      149.37213134765625
    ],
    "length": [
      148.31121826171875,
      214.9817657470703
    ],
    "angle": 92.03376007080078
  },
  "2": {
    "class_id": 2,
    "centroid": [
      310.45916748046875,
      151.13414001464844
    ],
    "length": [
      101.14825439453125,
      134.01499938964844
    ],
    "angle": 94.09920501708984
  },
  "global_mov": [
    260.26572171194863,
    139.4713551453733
  ],
  "4": {
    "class_id": "slit knife",
    "tip": [
      268.4104771698187,
      207.39632206886597
    ],
    "length": 132.17141723632812,
    "angle": 46.00508499145508
  }
}