{
  "1": {
    "class_id": 1,
    "centroid": [
      299.82513427734375,
      163.50990295410156
    ],
    "length": [
      136.86778259277344,
      198.73541259765625
    ],
    "angle": 90.69326782226562
  },
  "2": {
    "class_id": 2,
    "centroid": [
      301.1734313964844,
      165.2392120361328
    ],
    "length": [
      100.62940216064453,
      132.8146209716797
    ],
    "angle": 92.07437133789062
  },
  "global_mov": [
    266.3620906737923,
    149.50934319691854
  ]
}