{
  "1": {
    "class_id": 1,
    "centroid": [
      287.7188415527344,
      164.4164276123047
    ],
    "length": [
      132.8544921875,
      197.71624755859375
    ],
    "angle": 91.22662353515625
  },
  "2": {
    "class_id": 2,
    "centroid": [
      289.9837646484375,
      163.7410125732422
    ],
    "length": [
      99.13227844238281,
      139.1146697998047
    ],
    "angle": 85.86582946777344
  },
  "global_mov": [
    261.73972071391944,
    147.3100487044263
  ]
}