{
  "1": {
    "class_id": 1,
    "centroid": [
      295.66497802734375,
      131.01681518554688
    ],
    "length": [
      146.7717742919922,
      205.52435302734375
    ],
    "angle": 91.15032958984375
  },
  "2": {
    "class_id": 2,
    "centroid": [
      296.113525390625,
      130.7127227783203
    ],
    "length": [
      96.2469253540039,
      126.02165985107422
    ],
    "angle": 92.92060089111328
  },
  "global_mov": [
    263.9705705771859,
    119.4371927287802
  ]
}