{
  "1": {
    "class_id": 1,
    "centroid": [
      309.3923645019531,
      147.8192138671875
    ],
    "length": [
      145.81312561035156,
      209.7801513671875
    ],
    "angle": 89.26319885253906
  },
  "2": {
    "class_id": 2,
    "centroid": [
      309.72943115234375,
      149.2509765625
    ],
    "length": [
      99.64994812011719,
      131.43836975097656
    ],
    "angle": 92.08454895019531
  },
  "global_mov": [
    251.97136158089938,
    136.84196034409857
  ]
}