{
  "1": {
    "class_id": 1,
    "centroid": [
      272.753662109375,
      174.109130859375
    ],
    "length": [
      140.88925170898438,
      209.1877899169922
    ],
    "angle": 94.19677734375
  },
  "2": {
    "class_id": 2,
    "centroid": [
      275.82928466796875,
      174.34213256835938
    ],
    "length": [
      94.9617919921875,
      134.36192321777344
    ],
    "angle": 95.67774200439453
  },
  "global_mov": [
    251.8267935380994,
    131.62759457932722
  ]
}