{
  "1": {
    "class_id": 1,
    "centroid": [
      283.0495910644531,
      152.0419464111328
    ],
    "length": [
      146.9410858154297,
      209.11917114257812
    ],
    "angle": 90.39533233642578
  },
  "2": {
    "class_id": 2,
    "centroid": [
      286.2236328125,
      153.74725341796875
    ],
    "length": [
      102.93384552001953,
      133.2039337158203
    ],
    "angle": 96.11331939697266
  },
  "global_mov": [
    266.9441144201173,
    137.82569754215453
  ]
}