{
  "1": {
    "class_id": 1,
    "centroid": [
      279.4769592285156,
      139.3433837890625
    ],
    "length": [
      136.7989044189453,
      191.90969848632812
    ],
    "angle": 90.19576263427734
  },
  "2": {
    "class_id": 2,
    "centroid": [
      280.17694091796875,
      139.50135803222656
    ],
    "length": [
      94.80039978027344,
      124.70115661621094
    ],
    "angle": 91.09700012207031
  },
  "global_mov": [
    265.83306340495744,
    132.52928698349726
  ]
}