{
  "1": {
    "class_id": 1,
    "centroid": [
      263.2241516113281,
      160.3535614013672
    ],
    "length": [
      145.4932098388672,
      210.17538452148438
    ],
    "angle": 92.6327133178711
  },
  "2": {
    "class_id": 2,
    "centroid": [
      266.25445556640625,
      160.9533233642578
    ],
    "length": [
      99.3968276977539,
      132.81732177734375
    ],
    "angle": 94.1959228515625
  },
  "global_mov": [
    263.4975402276837,
    138.53328466605575
  ]
}