{
  "1": {
    "class_id": 1,
    "centroid": [
      309.030029296875,
      146.95425415039062
    ],
    "length": [
      147.8957977294922,
      215.19566345214844
    ],
    "angle": 92.58576202392578
  },
  "2": {
    "class_id": 2,
    "centroid": [
      312.759033203125,
      149.06573486328125
    ],
    "length": [
      100.69950866699219,
      133.5755157470703
    ],
    "angle": 94.27586364746094
  },
  "global_mov": [
    260.4200497927229,
    140.69549417352533
  ],
  "4": {
    "class_id": "slit knife",
    "tip": [
      275.99995770373465,
      198.99997749030072
    ],
    "length": 142.0776824951172,
    "angle": 46.27302932739258
  }
}