{
  "1": {
    "class_id": 1,
    "centroid": [
      272.2580261230469,
      183.50091552734375
    ],
    "length": [
      143.39862060546875,
      210.70578002929688
    ],
    "angle": 93.25708770751953
  },
  "2": {
    "class_id": 2,
    "centroid": [
      277.1744079589844,
      182.78904724121094
    ],
    "length": [
      97.69668579101562,
      133.00999450683594
    ],
    "angle": 92.337646484375
  },
  "global_mov": [
    251.32595267379293,
    139.56150296305333
  ]
}