{
  "1": {
    "class_id": 1,
    "centroid": [
      279.16693115234375,
      181.49044799804688
    ],
    "length": [
      142.22140502929688,
      210.5011444091797
    ],
    "angle": 93.24908447265625
  },
  "2": {
    "class_id": 2,
    "centroid": [
      282.19927978515625,
      182.17127990722656
    ],
    "length": [
      96.13888549804688,
      135.00473022460938
    ],
    "angle": 94.86882781982422
  },
  "global_mov": [
    253.75367134330176,
    138.82052192132235
  ]
}