{
  "1": {
    "class_id": 1,
    "centroid": [
      282.021484375,
      179.53634643554688
    ],
    "length": [
      144.61875915527344,
      210.807373046875
    ],
    "angle": 93.25321197509766
  },
  "2": {
    "class_id": 2,
    "centroid": [
      286.1787109375,
      180.58987426757812
    ],
    "length": [
      98.79386901855469,
      132.26327514648438
    ],
    "angle": 94.11482238769531
  },
  "global_mov": [
    257.49515469986096,
    140.72398753960786
  ]
}