{
  "1": {
    "class_id": 1,
    "centroid": [
      287.0635986328125,
      177.52520751953125
    ],
    "length": [
      144.1447296142578,
      212.82650756835938
    ],
    "angle": 93.12638092041016
  },
  "2": {
    "class_id": 2,
    "centroid": [
      290.86016845703125,
      177.8255615234375
    ],
    "length": [
      97.44100189208984,
      134.48837280273438
    ],
    "angle": 93.65445709228516
  },
  "global_mov": [
    262.2315577471372,
    136.10601942994938
  ]
}