{
  "1": {
    "class_id": 1,
    "centroid": [
      283.19415283203125,
      182.6873321533203
    ],
    "length": [
      142.95741271972656,
      211.4307403564453
    ],
    "angle": 93.05164337158203
  },
  "2": {
    "class_id": 2,
    "centroid": [
      286.18133544921875,
      183.1112518310547
    ],
    "length": [
      96.85562133789062,
      134.5105743408203
    ],
    "angle": 93.56919860839844
  },
  "global_mov": [
    261.5837857847048,
    138.23437603661537
  ]
}