{
  "1": {
    "class_id": 1,
    "centroid": [
      307.3647766113281,
      146.1235809326172
    ],
    "length": [
      138.81704711914062,
      202.51870727539062
    ],
    "angle": 92.0467300415039
  },
  "2": {
    "class_id": 2,
    "centroid": [
      311.4002685546875,
      147.5801544189453
    ],
    "length": [
      100.70164489746094,
      133.56068420410156
    ],
    "angle": 94.23924255371094
  },
  "global_mov": [
    259.29285994585325,
    138.78952078924442
  ],
  "4": {
    "class_id": "slit knife",
    "tip": [
      283.29710931891503,
      186.42811891697608
    ],
    "length": 157.53054809570312,
    "angle": 47.290611267089844
  }
}