{
  "1": {
    "class_id": 1,
    "centroid": [
      275.6633605957031,
      183.1000518798828
    ],
    "length": [
      141.11843872070312,
      210.57107543945312
    ],
    "angle": 94.04660034179688
  },
  "2": {
    "class_id": 2,
    "centroid": [
      278.8194274902344,
      182.96334838867188
    ],
    "length": [
      95.52306365966797,
      134.40362548828125
    ],
    "angle": 95.0894775390625
  },
  "global_mov": [
    256.2232919291146,
    136.8896504714319
  ]
}