{
  "1": {
    "class_id": 1,
    "centroid": [
      277.4496154785156,
      158.4990692138672
    ],
    "length": [
      149.61114501953125,
      210.2881317138672
    ],
    "angle": 91.72209167480469
  },
  "2": {
    "class_id": 2,
    "centroid": [
      278.729248046875,
      160.13792419433594
    ],
    "length": [
      103.61091613769531,
      134.0205535888672
    ],
    "angle": 96.43230438232422
  },
  "global_mov": [
    241.01525320346312,
    146.42960909029972
  ]
}