{
  "1": {
    "class_id": 1,
    "centroid": [
      291.8223876953125,
      135.10467529296875
    ],
    "length": [
      129.85882568359375,
      196.93089294433594
    ],
    "angle": 91.21074676513672
  },
  "2": {
    "class_id": 2,
    "centroid": [
      292.6703796386719,
      133.5185546875
    ],
    "length": [
      90.40330505371094,
      130.26393127441406
    ],
    "angle": 96.55406188964844
  },
  "global_mov": [
    258.6083654568158,
    121.78392807903374
  ]
}