{
  "1": {
    "class_id": 1,
    "centroid": [
      307.9626770019531,
      141.75978088378906
    ],
    "length": [
      150.10179138183594,
      209.92437744140625
    ],
    "angle": 91.7688980102539
  },
  "2": {
    "class_id": 2,
    "centroid": [
      311.27484130859375,
      141.15771484375
    ],
    "length": [
      100.57211303710938,
      132.60487365722656
    ],
    "angle": 95.0699691772461
  },
  "global_mov": [
    280.52748184608475,
    123.92160388184305
  ]
}