{
  "1": {
    "class_id": 1,
    "centroid": [
      289.1490783691406,
      162.587890625
    ],
    "length": [
      135.4107208251953,
      194.2442169189453
    ],
    "angle": 90.97135162353516
  },
  "2": {
    "class_id": 2,
    "centroid": [
      291.1675720214844,
      163.059814453125
    ],
    "length": [
      99.94210815429688,
      133.71414184570312
    ],
    "angle": 88.79503631591797
  },
  "global_mov": [
    271.9973319183281,
    150.4929053013125
  ]
}