{
  "1": {
    "class_id": 1,
    "centroid": [
      226.2069549560547,
      126.55075073242188
    ],
    "length": [
      136.22109985351562,
      197.5568084716797
    ],
    "angle": 89.22366333007812
  },
  "2": {
    "class_id": 2,
    "centroid": [
      231.60202026367188,
      127.84371948242188
    ],
    "length": [
      99.73970794677734,
      127.58326721191406
    ],
    "angle": 84.65444946289062
  },
  "global_mov": [
    230.8462338308199,
    129.36028463811718
  ]
}