{
  "1": {
    "class_id": 1,
    "centroid": [
      304.9256591796875,
      140.61648559570312
    ],
    "length": [
      136.8197479248047,
      196.90953063964844
    ],
    "angle": 86.75659942626953
  },
  "2": {
    "class_id": 2,
    "centroid": [
      304.7568054199219,
      144.24925231933594
    ],
    "length": [
      98.48592376708984,
      126.06440734863281
    ],
    "angle": 87.30229187011719
  },
  "global_mov": [
    279.5868140121602,
    145.08541632192626
  ]
}