{
  "1": {
    "class_id": 1,
    "centroid": [
      303.13818359375,
      150.9591522216797
    ],
    "length": [
      150.4241943359375,
      213.76443481445312
    ],
    "angle": 91.71383666992188
  },
  "2": {
    "class_id": 2,
    "centroid": [
      307.563720703125,
      152.1885986328125
    ],
    "length": [
      100.89767456054688,
      134.22715759277344
    ],
    "angle": 93.83452606201172
  },
  "global_mov": [
    261.0901941293443,
    139.3434493083714
  ],
  "4": {
    "class_id": "slit knife",
    "tip": [
      258.7500313163847,
      219.75002971877154
    ],
    "length": 115.25840759277344,
    "angle": 45.0
  }
}