{
  "1": {
    "class_id": 1,
    "centroid": [
      309.1821594238281,
      141.43743896484375
    ],
    "length": [
      137.49105834960938,
      198.25350952148438
    ],
    "angle": 86.29192352294922
  },
  "2": {
    "class_id": 2,
    "centroid": [
      309.4131164550781,
      144.26466369628906
    ],
    "length": [
      102.44401550292969,
      129.63514709472656
    ],
    "angle": 95.50182342529297
  },
  "global_mov": [
    264.5870635239626,
    146.42686005582246
  ]
}