{
  "1": {
    "class_id": 1,
    "centroid": [
      293.5273132324219,
      150.45843505859375
    ],
    "length": [
      131.821044921875,
      195.3916015625
    ],
    "angle": 90.4518814086914
  },
  "2": {
    "class_id": 2,
    "centroid": [
      296.09649658203125,
      148.50514221191406
    ],
    "length": [
      91.13654327392578,
      131.52410888671875
    ],
    "angle": 94.76496887207031
  },
  "global_mov": [
    267.3991574335812,
    129.44049247790966
  ]
}