{
  "1": {
    "class_id": 1,
    "centroid": [
      277.0830993652344,
      147.2483367919922
    ],
    "length": [
      135.45843505859375,
      194.1835479736328
    ],
    "angle": 88.07247924804688
  },
  "2": {
    "class_id": 2,
    "centroid": [
      279.8474426269531,
      146.99423217773438
    ],
    "length": [
      99.48871612548828,
      136.1665802001953
    ],
    "angle": 82.61197662353516
  },
  "global_mov": [
    263.12422713970665,
    146.27143147474365
  ]
}