{
  "1": {
    "class_id": 1,
    "centroid": [
      286.6003112792969,
      154.92066955566406
    ],
    "length": [
      143.53024291992188,
      212.15460205078125
    ],
    "angle": 91.35199737548828
  },
  "2": {
    "class_id": 2,
    "centroid": [
      290.8480529785156,
      155.8729248046875
    ],
    "length": [
      98.72303771972656,
      133.30300903320312
    ],
    "angle": 94.00814819335938
  },
  "global_mov": [
    269.9610617724601,
    133.29145884214537
  ]
}