{
  "1": {
    "class_id": 1,
    "centroid": [
      287.0763854980469,
      140.38084411621094
    ],
    "length": [
      146.8549346923828,
      207.68836975097656
    ],
    "angle": 91.1438217163086
  },
  "2": {
    "class_id": 2,
    "centroid": [
      288.6215515136719,
      142.2593536376953
    ],
    "length": [
      100.54450225830078,
      130.34109497070312
    ],
    "angle": 94.05281829833984
  },
  "global_mov": [
    244.16965387829353,
    122.09200902195313
  ]
}