{
  "1": {
    "class_id": 1,
    "centroid": [
      299.10858154296875,
      170.82794189453125
    ],
    "length": [
      133.08566284179688,
      197.4128875732422
    ],
    "angle": 90.75309753417969
  },
  "2": {
    "class_id": 2,
    "centroid": [
      301.97064208984375,
      171.11505126953125
    ],
    "length": [
      98.05921936035156,
      135.8776092529297
    ],
    "angle": 90.18891906738281
  },
  "global_mov": [
    279.88140152406834,
    152.00210177682834
  ]
}