{
  "1": {
    "class_id": 1,
    "centroid": [
      278.3605041503906,
      153.11659240722656
    ],
    "length": [
      131.97177124023438,
      194.46090698242188
    ],
    "angle": 90.29774475097656
  },
  "2": {
    "class_id": 2,
    "centroid": [
      281.9789123535156,
      153.2858123779297
    ],
    "length": [
      97.49759674072266,
      124.13400268554688
    ],
    "angle": 90.65738677978516
  },
  "global_mov": [
    268.0573380387987,
    145.73541078999958
  ]
}