{
  "1": {
    "class_id": 1,
    "centroid": [
      279.7239685058594,
      184.09727478027344
    ],
    "length": [
      142.21348571777344,
      209.97291564941406
    ],
    "angle": 92.91202545166016
  },
  "2": {
    "class_id": 2,
    "centroid": [
      282.888916015625,
      184.40310668945312
    ],
    "length": [
      96.12749481201172,
      134.33892822265625
    ],
    "angle": 93.83352661132812
  },
  "global_mov": [
    256.95060971908396,
    137.61762334104773
  ]
}