{
  "1": {
    "class_id": 1,
    "centroid": [
      288.1168212890625,
      137.23895263671875
    ],
    "length": [
      135.02926635742188,
      194.1529541015625
    ],
    "angle": 89.87968444824219
  },
  "2": {
    "class_id": 2,
    "centroid": [
      288.27655029296875,
      137.10494995117188
    ],
    "length": [
      99.68254089355469,
      132.7080078125
    ],
    "angle": 82.3753662109375
  },
  "global_mov": [
    274.21941625200157,
    129.85376350634633
  ]
}