{
  "1": {
    "class_id": 1,
    "centroid": [
      292.5292053222656,
      158.68093872070312
    ],
    "length": [
      151.05120849609375,
      214.2155303955078
    ],
    "angle": 91.07278442382812
  },
  "2": {
    "class_id": 2,
    "centroid": [
      297.41058349609375,
      157.8795928955078
    ],
    "length": [
      100.50313568115234,
      131.82443237304688
    ],
    "angle": 91.78050994873047
  },
  "global_mov": [
    256.565984524375,
    136.7004390310585
  ]
}