{
  "1": {
    "class_id": 1,
    "centroid": [
      279.1599426269531,
      184.3058319091797
    ],
    "length": [
      142.0247802734375,
      210.66458129882812
    ],
    "angle": 93.34308624267578
  },
  "2": {
    "class_id": 2,
    "centroid": [
      282.29193115234375,
      184.4141082763672
    ],
    "length": [
      95.85616302490234,
      133.98069763183594
    ],
    "angle": 94.5040512084961
  },
  "global_mov": [
    257.8408365509146,
    137.6256605777189
  ]
}