{
  "1": {
    "class_id": 1,
    "centroid": [
      298.4184265136719,
      120.38954162597656
    ],
    "length": [
      136.46212768554688,
      196.6309356689453
    ],
    "angle": 88.97626495361328
  },
  "2": {
    "class_id": 2,
    "centroid": [
      299.219970703125,
      114.97383880615234
    ],
    "length": [
      94.09661865234375,
      124.91324615478516
    ],
    "angle": 85.70384216308594
  },
  "global_mov": [
    267.02881398539853,
    123.52088430249516
  ]
}