{
  "1": {
    "class_id": 1,
    "centroid": [
      287.13720703125,
      177.04150390625
    ],
    "length": [
      136.6149444580078,
      213.59234619140625
    ],
    "angle": 92.9664306640625
  },
  "2": {
    "class_id": 2,
    "centroid": [
      291.3374328613281,
      179.6940460205078
    ],
    "length": [
      95.12513732910156,
      135.62168884277344
    ],
    "angle": 94.31117248535156
  },
  "global_mov": [
    254.10781495183247,
    139.10510311844203
  ]
}