{
  "1": {
    "class_id": 1,
    "centroid": [
      276.74310302734375,
      158.699951171875
    ],
    "length": [
      130.1027374267578,
      195.50970458984375
    ],
    "angle": 90.19188690185547
  },
  "2": {
    "class_id": 2,
    "centroid": [
      279.01043701171875,
      158.4436798095703
    ],
    "length": [
      98.96531677246094,
      137.62667846679688
    ],
    "angle": 83.89807891845703
  },
  "global_mov": [
    257.86462495583237,
    144.89409539073927
  ]
}