{
  "1": {
    "class_id": 1,
    "centroid": [
      281.26495361328125,
      137.59002685546875
    ],
    "length": [
      144.52911376953125,
      204.4735565185547
    ],
    "angle": 92.198974609375
  },
  "2": {
    "class_id": 2,
    "centroid": [
      280.5181579589844,
      138.23416137695312
    ],
    "length": [
      95.77766418457031,
      129.34934997558594
    ],
    "angle": 92.54035949707031
  },
  "global_mov": [
    255.3158526603635,
    116.47813174571316
  ]
}