{
  "1": {
    "class_id": 1,
    "centroid": [
      271.0000305175781,
      148.97958374023438
    ],
    "length": [
      141.83447265625,
      203.10443115234375
    ],
    "angle": 92.13908386230469
  },
  "2": {
    "class_id": 2,
    "centroid": [
      270.9502868652344,
      150.10130310058594
    ],
    "length": [
      95.40750122070312,
      127.44779205322266
    ],
    "angle": 95.05377960205078
  },
  "global_mov": [
    238.79440725183088,
    128.44134451155017
  ]
}