{
  "1": {
    "class_id": 1,
    "centroid": [
      308.08477783203125,
      162.99249267578125
    ],
    "length": [
      134.94775390625,
      196.57594299316406
    ],
    "angle": 91.29759979248047
  },
  "2": {
    "class_id": 2,
    "centroid": [
      309.1690368652344,
      163.07740783691406
    ],
    "length": [
      98.29137420654297,
      133.91358947753906
    ],
    "angle": 92.8773422241211
  },
  "global_mov": [
    274.13455849870394,
    143.7203674569719
  ]
}