{
  "1": {
    "class_id": 1,
    "centroid": [
      285.58905029296875,
      154.1069793701172
    ],
    "length": [
      132.76968383789062,
      194.8516387939453
    ],
    "angle": 88.49244689941406
  },
  "2": {
    "class_id": 2,
    "centroid": [
      288.6931457519531,
      154.12164306640625
    ],
    "length": [
      98.41036987304688,
      134.64219665527344
    ],
    "angle": 83.32171630859375
  },
  "global_mov": [
    261.33898995394185,
    142.81806429250594
  ]
}