{
  "1": {
    "class_id": 1,
    "centroid": [
      306.0509338378906,
      153.09783935546875
    ],
    "length": [
      146.44435119628906,
      222.75001525878906
    ],
    "angle": 84.18976593017578
  },
  "2": {
    "class_id": 2,
    "centroid": [
      310.1322937011719,
      153.58799743652344
    ],
    "length": [
      99.75602722167969,
      133.9907989501953
    ],
    "angle": 92.56674194335938
  },
  "global_mov": [
    270.4416305873626,
    144.0089236994721
  ]
}