{
  "1": {
    "class_id": 1,
    "centroid": [
      289.3556213378906,
      151.80064392089844
    ],
    "length": [
      144.92259216308594,
      207.1964874267578
    ],
    "angle": 91.2154769897461
  },
  "2": {
    "class_id": 2,
    "centroid": [
      290.26995849609375,
      152.86231994628906
    ],
    "length": [
      97.89702606201172,
      131.32374572753906
    ],
    "angle": 94.5274429321289
  },
  "global_mov": [
    260.4990656198799,
    139.3844628477234
  ]
}