{
  "1": {
    "class_id": 1,
    "centroid": [
      292.3659362792969,
      175.41824340820312
    ],
    "length": [
      142.48910522460938,
      212.1854248046875
    ],
    "angle": 94.18890380859375
  },
  "2": {
    "class_id": 2,
    "centroid": [
      294.8794860839844,
      174.67884826660156
    ],
    "length": [
      95.22753143310547,
      131.05499267578125
    ],
    "angle": 94.39037322998047
  },
  "global_mov": [
    257.1689341997849,
    127.38721520039667
  ]
}