{
  "1": {
    "class_id": 1,
    "centroid": [
      294.62249755859375,
      152.33094787597656
    ],
    "length": [
      144.049560546875,
      207.30911254882812
    ],
    "angle": 91.41472625732422
  },
  "2": {
    "class_id": 2,
    "centroid": [
      295.03955078125,
      153.71533203125
    ],
    "length": [
      99.0013198852539,
      130.49685668945312
    ],
    "angle": 94.97406005859375
  },
  "global_mov": [
    271.1941020985977,
    139.11503454487442
  ]
}