{
  "1": {
    "class_id": 1,
    "centroid": [
      275.9015808105469,
      183.19686889648438
    ],
    "length": [
      141.6498565673828,
      211.76319885253906
    ],
    "angle": 93.71062469482422
  },
  "2": {
    "class_id": 2,
    "centroid": [
      279.8627014160156,
      183.6592254638672
    ],
    "length": [
      96.64257049560547,
      134.22091674804688
    ],
    "angle": 94.64952087402344
  },
  "global_mov": [
    256.4664498791159,
    137.90592533315552
  ]
}