{
  "1": {
    "class_id": 1,
    "centroid": [
      282.82403564453125,
      184.5381317138672
    ],
    "length": [
      141.534912109375,
      210.08309936523438
    ],
    "angle": 93.09220886230469
  },
  "2": {
    "class_id": 2,
    "centroid": [
      286.6839599609375,
      184.8363494873047
    ],
    "length": [
      96.28059387207031,
      133.4762725830078
    ],
    "angle": 94.53369140625
  },
  "global_mov": [
    260.3493087846401,
    138.0004770175085
  ]
}