{
  "1": {
    "class_id": 1,
    "centroid": [
      291.0257873535156,
      150.57972717285156
    ],
    "length": [
      145.75473022460938,
      206.56195068359375
    ],
    "angle": 91.07515716552734
  },
  "2": {
    "class_id": 2,
    "centroid": [
      292.1135559082031,
      151.89767456054688
    ],
    "length": [
      99.49945068359375,
      131.1863555908203
    ],
    "angle": 93.93623352050781
  },
  "global_mov": [
    261.17629599497565,
    138.21105469539577
  ]
}