{
  "1": {
    "class_id": 1,
    "centroid": [
      300.9766845703125,
      157.98828125
    ],
    "length": [
      146.44610595703125,
      210.5916290283203
    ],
    "angle": 90.83915710449219
  },
  "2": {
    "class_id": 2,
    "centroid": [
      305.86480712890625,
      158.74710083007812
    ],
    "length": [
      106.58196258544922,
      140.16970825195312
    ],
    "angle": 90.58999633789062
  },
  "global_mov": [
    268.78979396116887,
    151.04045251411267
  ]
}