{
  "1": {
    "class_id": 1,
    "centroid": [
      301.6733093261719,
      157.67420959472656
    ],
    "length": [
      147.2569580078125,
      209.3849334716797
    ],
    "angle": 89.99640655517578
  },
  "2": {
    "class_id": 2,
    "centroid": [
      302.5819396972656,
      158.8728790283203
    ],
    "length": [
      98.63745880126953,
      131.57684326171875
    ],
    "angle": 92.79901123046875
  },
  "global_mov": [
    263.3340101203026,
    143.24441184899257
  ]
}