{
  "1": {
    "class_id": 1,
    "centroid": [
      297.8768005371094,
      142.49221801757812
    ],
    "length": [
      134.40301513671875,
      194.95550537109375
    ],
    "angle": 90.36869049072266
  },
  "2": {
    "class_id": 2,
    "centroid": [
      295.4061584472656,
      143.0317840576172
    ],
    "length": [
      97.50566101074219,
      125.27571868896484
    ],
    "angle": 93.82307434082031
  },
  "global_mov": [
    275.28725062187976,
    130.42819880769687
  ]
}