{
  "1": {
    "class_id": 1,
    "centroid": [
      284.40594482421875,
      155.10015869140625
    ],
    "length": [
      133.40650939941406,
      197.08958435058594
    ],
    "angle": 91.52513122558594
  },
  "2": {
    "class_id": 2,
    "centroid": [
      287.74786376953125,
      155.8085174560547
    ],
    "length": [
      97.65072631835938,
      132.1020050048828
    ],
    "angle": 92.83184051513672
  },
  "global_mov": [
    268.2088458834214,
    133.30160137298378
  ]
}