{
  "1": {
    "class_id": 1,
    "centroid": [
      301.61102294921875,
      164.93621826171875
    ],
    "length": [
      149.04525756835938,
      212.21218872070312
    ],
    "angle": 91.40528106689453
  },
  "2": {
    "class_id": 2,
    "centroid": [
      303.05438232421875,
      166.67388916015625
    ],
    "length": [
      102.08168029785156,
      134.9477081298828
    ],
    "angle": 93.73922729492188
  },
  "global_mov": [
    267.92388184699155,
    150.4285836844803
  ]
}