{
  "1": {
    "class_id": 1,
    "centroid": [
      277.1393127441406,
      132.13772583007812
    ],
    "length": [
      150.12205505371094,
      208.23338317871094
    ],
    "angle": 90.1697006225586
  },
  "2": {
    "class_id": 2,
    "centroid": [
      279.4719543457031,
      132.856201171875
    ],
    "length": [
      100.60625457763672,
      132.20140075683594
    ],
    "angle": 93.54592895507812
  },
  "global_mov": [
    265.18905490825335,
    128.91695324792474
  ]
}