{
  "1": {
    "class_id": 1,
    "centroid": [
      289.0203552246094,
      130.91226196289062
    ],
    "length": [
      130.67874145507812,
      195.42466735839844
    ],
    "angle": 91.20597076416016
  },
  "2": {
    "class_id": 2,
    "centroid": [
      288.0450134277344,
      130.06211853027344
    ],
    "length": [
      93.07474517822266,
      128.4703826904297
    ],
    "angle": 94.54907989501953
  },
  "global_mov": [
    260.3816848424805,
    119.32603101872564
  ]
}