{
  "1": {
    "class_id": 1,
    "centroid": [
      285.8434753417969,
      181.907958984375
    ],
    "length": [
      143.0577850341797,
      211.61856079101562
    ],
    "angle": 92.83414459228516
  },
  "2": {
    "class_id": 2,
    "centroid": [
      289.5267333984375,
      182.55860900878906
    ],
    "length": [
      96.99669647216797,
      134.84226989746094
    ],
    "angle": 93.60212707519531
  },
  "global_mov": [
    261.8181214088758,
    136.27774804078436
  ]
}