{
  "1": {
    "class_id": 1,
    "centroid": [
      281.79583740234375,
      141.72705078125
    ],
    "length": [
      150.01788330078125,
      210.01536560058594
    ],
    "angle": 91.7281265258789
  },
  "2": {
    "class_id": 2,
    "centroid": [
      285.8951721191406,
      143.07481384277344
    ],
    "length": [
      101.51480102539062,
      131.2263641357422
    ],
    "angle": 96.13279724121094
  },
  "global_mov": [
    265.2204365653391,
    128.3998234055225
  ]
}