{
  "1": {
    "class_id": 1,
    "centroid": [
      299.92816162109375,
      157.1598358154297
    ],
    "length": [
      146.5588836669922,
      210.89590454101562
    ],
    "angle": 90.82360076904297
  },
  "2": {
    "class_id": 2,
    "centroid": [
      304.4510803222656,
      157.8629608154297
    ],
    "length": [
      107.33171844482422,
      140.1153106689453
    ],
    "angle": 90.34829711914062
  },
  "global_mov": [
    267.2764837201508,
    149.90131888461573
  ]
}