{
  "1": {
    "class_id": 1,
    "centroid": [
      310.2364196777344,
      150.57211303710938
    ],
    "length": [
      147.4658966064453,
      211.15830993652344
    ],
    "angle": 88.54695892333984
  },
  "2": {
    "class_id": 2,
    "centroid": [
      311.2893981933594,
      151.9899139404297
    ],
    "length": [
      98.93203735351562,
      132.2993621826172
    ],
    "angle": 92.94276428222656
  },
  "global_mov": [
    270.15613283370345,
    142.47459083239764
  ]
}