{
  "1": {
    "class_id": 1,
    "centroid": [
      293.0480651855469,
      129.82656860351562
    ],
    "length": [
      145.1816864013672,
      208.58029174804688
    ],
    "angle": 90.94789123535156
  },
  "2": {
    "class_id": 2,
    "centroid": [
      294.1290283203125,
      129.29962158203125
    ],
    "length": [
      96.50424194335938,
      127.63105773925781
    ],
    "angle": 92.26129913330078
  },
  "global_mov": [
    261.2738586427843,
    112.41748244629973
  ]
}