{
  "1": {
    "class_id": 1,
    "centroid": [
      275.5606384277344,
      139.6331329345703
    ],
    "length": [
      137.5241241455078,
      197.87936401367188
    ],
    "angle": 89.99990844726562
  },
  "2": {
    "class_id": 2,
    "centroid": [
      276.3815002441406,
      140.87734985351562
    ],
    "length": [
      100.0116195678711,
      131.28591918945312
    ],
    "angle": 91.25634765625
  },
  "global_mov": [
    261.8001374149487,
    130.40148991680644
  ]
}