{
  "1": {
    "class_id": 1,
    "centroid": [
      265.4810791015625,
      154.2575225830078
    ],
    "length": [
      130.83175659179688,
      193.6523895263672
    ],
    "angle": 91.99351501464844
  },
  "2": {
    "class_id": 2,
    "centroid": [
      270.7960205078125,
      154.31997680664062
    ],
    "length": [
      96.47486114501953,
      130.91531372070312
    ],
    "angle": 88.44300842285156
  },
  "global_mov": [
    256.1054674809047,
    143.95941020134225
  ]
}