{
  "1": {
    "class_id": 1,
    "centroid": [
      299.8550109863281,
      156.1483612060547
    ],
    "length": [
      147.00286865234375,
      211.33074951171875
    ],
    "angle": 90.69268035888672
  },
  "2": {
    "class_id": 2,
    "centroid": [
      304.44940185546875,
      156.9304656982422
    ],
    "length": [
      107.01026916503906,
      140.41461181640625
    ],
    "angle": 90.98485565185547
  },
  "global_mov": [
    267.1296134921407,
    149.3205932105688
  ]
}