{
  "1": {
    "class_id": 1,
    "centroid": [
      299.01251220703125,
      162.41180419921875
    ],
    "length": [
      149.03976440429688,
      211.44174194335938
    ],
    "angle": 91.21041870117188
  },
  "2": {
    "class_id": 2,
    "centroid": [
      300.5656433105469,
      163.9927215576172
    ],
    "length": [
      102.02117156982422,
      134.27871704101562
    ],
    "angle": 94.5846176147461
  },
  "global_mov": [
    267.079265199041,
    148.635292655458
  ]
}