{
  "1": {
    "class_id": 1,
    "centroid": [
      302.40081787109375,
      141.87095642089844
    ],
    "length": [
      136.24667358398438,
      197.3604736328125
    ],
    "angle": 86.93038940429688
  },
  "2": {
    "class_id": 2,
    "centroid": [
      302.34326171875,
      144.4708709716797
    ],
    "length": [
      100.6323471069336,
      127.24533081054688
    ],
    "angle": 81.20858001708984
  },
  "global_mov": [
    276.3107800503538,
    150.2336738885025
  ]
}