{
  "1": {
    "class_id": 1,
    "centroid": [
      307.6979675292969,
      161.1031036376953
    ],
    "length": [
      134.69955444335938,
      196.27365112304688
    ],
    "angle": 90.51123046875
  },
  "2": {
    "class_id": 2,
    "centroid": [
      307.27667236328125,
      159.46340942382812
    ],
    "length": [
      93.47877502441406,
      133.28909301757812
    ],
    "angle": 87.04031372070312
  },
  "global_mov": [
    272.9459589643416,
    138.20403341006428
  ]
}