{
  "1": {
    "class_id": 1,
    "centroid": [
      293.24395751953125,
      150.61593627929688
    ],
    "length": [
      144.32699584960938,
      206.73146057128906
    ],
    "angle": 91.40836334228516
  },
  "2": {
    "class_id": 2,
    "centroid": [
      294.21160888671875,
      151.81398010253906
    ],
    "length": [
      99.16226196289062,
      130.33074951171875
    ],
    "angle": 94.83812713623047
  },
  "global_mov": [
    271.30358589200694,
    141.1901304577851
  ]
}