{
  "1": {
    "class_id": 1,
    "centroid": [
      290.2529296875,
      156.73680114746094
    ],
    "length": [
      145.57569885253906,
      212.40611267089844
    ],
    "angle": 92.51947021484375
  },
  "2": {
    "class_id": 2,
    "centroid": [
      293.83172607421875,
      157.49880981445312
    ],
    "length": [
      100.64313507080078,
      132.3797149658203
    ],
    "angle": 93.7105484008789
  },
  "global_mov": [
    271.68821983533024,
    133.89542562609486
  ]
}