{
  "1": {
    "class_id": 1,
    "centroid": [
      278.4714660644531,
      183.689453125
    ],
    "length": [
      145.06602478027344,
      212.40554809570312
    ],
    "angle": 92.7184829711914
  },
  "2": {
    "class_id": 2,
    "centroid": [
      281.7579345703125,
      182.50595092773438
    ],
    "length": [
      97.24454498291016,
      133.33590698242188
    ],
    "angle": 93.53289794921875
  },
  "global_mov": [
    256.1804613605963,
    141.50524466447672
  ]
}