{
  "1": {
    "class_id": 1,
    "centroid": [
      294.7320556640625,
      133.48654174804688
    ],
    "length": [
      146.28091430664062,
      208.24057006835938
    ],
    "angle": 88.25467681884766
  },
  "2": {
    "class_id": 2,
    "centroid": [
      296.6604919433594,
      134.05020141601562
    ],
    "length": [
      100.13573455810547,
      133.95108032226562
    ],
    "angle": 85.73812866210938
  },
  "global_mov": [
    275.8627641881571,
    130.32013262851282
  ]
}