{
  "1": {
    "class_id": 1,
    "centroid": [
      302.60601806640625,
      165.09889221191406
    ],
    "length": [
      149.1254425048828,
      212.45103454589844
    ],
    "angle": 91.8067626953125
  },
  "2": {
    "class_id": 2,
    "centroid": [
      303.7543029785156,
      167.01551818847656
    ],
    "length": [
      102.439453125,
      134.13461303710938
    ],
    "angle": 94.78812408447266
  },
  "global_mov": [
    268.0361432530998,
    150.88188383389925
  ]
}