{
  "1": {
    "class_id": 1,
    "centroid": [
      266.7323913574219,
      142.70411682128906
    ],
    "length": [
      148.17259216308594,
      210.96173095703125
    ],
    "angle": 90.76768493652344
  },
  "2": {
    "class_id": 2,
    "centroid": [
      271.3045959472656,
      144.2266387939453
    ],
    "length": [
      102.15435028076172,
      132.0699462890625
    ],
    "angle": 94.10174560546875
  },
  "global_mov": [
    251.62981917411363,
    133.12893335559292
  ]
}