{
  "1": {
    "class_id": 1,
    "centroid": [
      282.4379577636719,
      141.7040252685547
    ],
    "length": [
      144.7263946533203,
      204.22427368164062
    ],
    "angle": 91.84383392333984
  },
  "2": {
    "class_id": 2,
    "centroid": [
      282.9369201660156,
      141.9683837890625
    ],
    "length": [
      96.0030746459961,
      129.31649780273438
    ],
    "angle": 92.96831512451172
  },
  "global_mov": [
    253.02693073151008,
    120.25385743853526
  ]
}