{
  "1": {
    "class_id": 1,
    "centroid": [
      302.9418029785156,
      143.5941619873047
    ],
    "length": [
      147.84585571289062,
      209.5928497314453
    ],
    "angle": 90.40191650390625
  },
  "2": {
    "class_id": 2,
    "centroid": [
      306.0384826660156,
      143.96922302246094
    ],
    "length": [
      101.96473693847656,
      134.44371032714844
    ],
    "angle": 90.66358947753906
  },
  "global_mov": [
    277.63270496513326,
    133.66670520010007
  ]
}