{
  "1": {
    "class_id": 1,
    "centroid": [
      276.50738525390625,
      142.26271057128906
    ],
    "length": [
      135.1828155517578,
      197.42051696777344
    ],
    "angle": 90.44265747070312
  },
  "2": {
    "class_id": 2,
    "centroid": [
      278.8486022949219,
      142.592529296875
    ],
    "length": [
      96.89471435546875,
      129.02833557128906
    ],
    "angle": 91.48137664794922
  },
  "global_mov": [
    264.4408101290072,
    132.90798110173066
  ]
}