{
  "1": {
    "class_id": 1,
    "centroid": [
      282.60882568359375,
      154.7368927001953
    ],
    "length": [
      136.29383850097656,
      195.3660125732422
    ],
    "angle": 89.62236022949219
  },
  "2": {
    "class_id": 2,
    "centroid": [
      286.34613037109375,
      155.02767944335938
    ],
    "length": [
      100.8752212524414,
      135.00802612304688
    ],
    "angle": 89.63446807861328
  },
  "global_mov": [
    268.0915820453201,
    146.9330254058302
  ]
}