{
  "1": {
    "class_id": 1,
    "centroid": [
      295.5779724121094,
      160.4302215576172
    ],
    "length": [
      138.53314208984375,
      198.32435607910156
    ],
    "angle": 91.12567901611328
  },
  "2": {
    "class_id": 2,
    "centroid": [
      296.4403381347656,
      161.02783203125
    ],
    "length": [
      101.86505889892578,
      131.2074432373047
    ],
    "angle": 90.07974243164062
  },
  "global_mov": [
    266.559806769951,
    149.0480069511359
  ]
}