{
  "1": {
    "class_id": 1,
    "centroid": [
      272.6414489746094,
      156.38389587402344
    ],
    "length": [
      131.21116638183594,
      192.8361358642578
    ],
    "angle": 90.39772033691406
  },
  "2": {
    "class_id": 2,
    "centroid": [
      278.6110534667969,
      156.12625122070312
    ],
    "length": [
      95.51107025146484,
      125.88155364990234
    ],
    "angle": 93.12944793701172
  },
  "global_mov": [
    288.53753782985075,
    147.25203589250927
  ]
}