{
  "1": {
    "class_id": 1,
    "centroid": [
      288.04327392578125,
      136.347412109375
    ],
    "length": [
      134.64503479003906,
      193.74171447753906
    ],
    "angle": 89.80458068847656
  },
  "2": {
    "class_id": 2,
    "centroid": [
      288.1226806640625,
      136.1658172607422
    ],
    "length": [
      98.39604949951172,
      133.2268524169922
    ],
    "angle": 83.85089874267578
  },
  "global_mov": [
    276.8961975724881,
    130.89804507649828
  ]
}