{
  "1": {
    "class_id": 1,
    "centroid": [
      294.1674499511719,
      156.26507568359375
    ],
    "length": [
      151.0348663330078,
      214.27249145507812
    ],
    "angle": 91.2609634399414
  },
  "2": {
    "class_id": 2,
    "centroid": [
      298.95489501953125,
      156.16305541992188
    ],
    "length": [
      99.5122299194336,
      132.2128143310547
    ],
    "angle": 92.67060089111328
  },
  "global_mov": [
    260.5702878600785,
    136.48335344864185
  ],
  "4": {
    "class_id": "slit knife",
    "tip": [
      237.54844107756634,
      241.62407997489453
    ],
    "length": 89.36585998535156,
    "angle": 41.30861282348633
  }
}