{
  "1": {
    "class_id": 1,
    "centroid": [
      295.85888671875,
      123.46562957763672
    ],
    "length": [
      135.9648895263672,
      196.8602752685547
    ],
    "angle": 89.6696548461914
  },
  "2": {
    "class_id": 2,
    "centroid": [
      296.3814697265625,
      118.0914535522461
    ],
    "length": [
      94.10200500488281,
      126.25071716308594
    ],
    "angle": 85.83901977539062
  },
  "global_mov": [
    266.65953999660934,
    123.63390579891002
  ]
}