{
  "1": {
    "class_id": 1,
    "centroid": [
      277.3316345214844,
      181.8673095703125
    ],
    "length": [
      142.59579467773438,
      210.6630859375
    ],
    "angle": 93.71988677978516
  },
  "2": {
    "class_id": 2,
    "centroid": [
      280.7583923339844,
      181.831298828125
    ],
    "length": [
      97.06059265136719,
      133.74578857421875
    ],
    "angle": 93.99134063720703
  },
  "global_mov": [
    257.35795128603064,
    136.61966495920964
  ]
}