{
  "1": {
    "class_id": 1,
    "centroid": [
      285.1466979980469,
      154.30873107910156
    ],
    "length": [
      144.7897491455078,
      211.6852264404297
    ],
    "angle": 92.12238311767578
  },
  "2": {
    "class_id": 2,
    "centroid": [
      290.0081787109375,
      156.07115173339844
    ],
    "length": [
      100.75689697265625,
      132.7660369873047
    ],
    "angle": 95.65342712402344
  },
  "global_mov": [
    270.494896920682,
    132.92691605478493
  ]
}