{
  "1": {
    "class_id": 1,
    "centroid": [
      289.10858154296875,
      171.1168212890625
    ],
    "length": [
      130.4427490234375,
      192.9459991455078
    ],
    "angle": 93.16368865966797
  },
  "2": {
    "class_id": 2,
    "centroid": [
      293.4452819824219,
      170.1444549560547
    ],
    "length": [
      93.30938720703125,
      135.30462646484375
    ],
    "angle": 94.52752685546875
  },
  "global_mov": [
    279.28018211793454,
    147.5043471711949
  ]
}