{
  "1": {
    "class_id": 1,
    "centroid": [
      289.164306640625,
      153.8110809326172
    ],
    "length": [
      146.8502960205078,
      210.19601440429688
    ],
    "angle": 90.2043228149414
  },
  "2": {
    "class_id": 2,
    "centroid": [
      292.8060607910156,
      155.1966094970703
    ],
    "length": [
      102.4079360961914,
      134.53665161132812
    ],
    "angle": 94.5431137084961
  },
  "global_mov": [
    266.6565073343333,
    138.30440732931606
  ]
}