{
  "1": {
    "class_id": 1,
    "centroid": [
      291.9653015136719,
      161.5438690185547
    ],
    "length": [
      131.20040893554688,
      198.32412719726562
    ],
    "angle": 89.5055923461914
  },
  "2": {
    "class_id": 2,
    "centroid": [
      294.95458984375,
      160.66464233398438
    ],
    "length": [
      96.36788177490234,
      136.76187133789062
    ],
    "angle": 84.03120422363281
  },
  "global_mov": [
    261.9739562573752,
    144.21278367808827
  ]
}