{
  "1": {
    "class_id": 1,
    "centroid": [
      277.22705078125,
      136.22109985351562
    ],
    "length": [
      138.44760131835938,
      196.9302520751953
    ],
    "angle": 89.33409118652344
  },
  "2": {
    "class_id": 2,
    "centroid": [
      277.1980895996094,
      137.1856689453125
    ],
    "length": [
      100.38689422607422,
      132.79229736328125
    ],
    "angle": 89.26927185058594
  },
  "global_mov": [
    263.3212135330349,
    127.60641203741336
  ]
}