{
  "1": {
    "class_id": 1,
    "centroid": [
      302.8343811035156,
      144.5952606201172
    ],
    "length": [
      135.11343383789062,
      197.28086853027344
    ],
    "angle": 90.25952911376953
  },
  "2": {
    "class_id": 2,
    "centroid": [
      304.75616455078125,
      145.6846466064453
    ],
    "length": [
      100.60883331298828,
      134.95318603515625
    ],
    "angle": 90.38613891601562
  },
  "global_mov": [
    278.97166262817586,
    133.63607258471617
  ]
}