{
  "1": {
    "class_id": 1,
    "centroid": [
      296.52069091796875,
      163.67112731933594
    ],
    "length": [
      144.42730712890625,
      206.80242919921875
    ],
    "angle": 92.32611846923828
  },
  "2": {
    "class_id": 2,
    "centroid": [
      296.66424560546875,
      164.914306640625
    ],
    "length": [
      97.75463104248047,
      129.2737274169922
    ],
    "angle": 94.74124908447266
  },
  "global_mov": [
    252.92955206421436,
    143.15178440077315
  ]
}