{
  "1": {
    "class_id": 1,
    "centroid": [
      278.22003173828125,
      179.7696990966797
    ],
    "length": [
      143.78280639648438,
      212.133544921875
    ],
    "angle": 92.54898071289062
  },
  "2": {
    "class_id": 2,
    "centroid": [
      281.8466796875,
      179.0745391845703
    ],
    "length": [
      96.51660919189453,
      134.47607421875
    ],
    "angle": 92.08783721923828
  },
  "global_mov": [
    252.62529156259663,
    140.65659260640308
  ]
}