{
  "1": {
    "class_id": 1,
    "centroid": [
      288.1068420410156,
      135.13796997070312
    ],
    "length": [
      135.43502807617188,
      193.82630920410156
    ],
    "angle": 90.03963470458984
  },
  "2": {
    "class_id": 2,
    "centroid": [
      288.21112060546875,
      135.0579833984375
    ],
    "length": [
      98.89901733398438,
      132.9281768798828
    ],
    "angle": 83.77388000488281
  },
  "global_mov": [
    276.5346462712319,
    130.9843060965965
  ]
}