{
  "1": {
    "class_id": 1,
    "centroid": [
      282.28778076171875,
      179.5599365234375
    ],
    "length": [
      140.32159423828125,
      209.53414916992188
    ],
    "angle": 93.98269653320312
  },
  "2": {
    "class_id": 2,
    "centroid": [
      285.0431213378906,
      180.37130737304688
    ],
    "length": [
      95.32710266113281,
      134.26040649414062
    ],
    "angle": 95.50565338134766
  },
  "global_mov": [
    256.5867788594341,
    135.07403497746589
  ]
}