{
  "1": {
    "class_id": 1,
    "centroid": [
      283.3280944824219,
      158.05661010742188
    ],
    "length": [
      145.69940185546875,
      211.50216674804688
    ],
    "angle": 92.14363861083984
  },
  "2": {
    "class_id": 2,
    "centroid": [
      287.0671691894531,
      158.12619018554688
    ],
    "length": [
      100.72398376464844,
      133.06658935546875
    ],
    "angle": 94.38825988769531
  },
  "global_mov": [
    270.6396076456898,
    136.8672145311887
  ]
}