{
  "1": {
    "class_id": 1,
    "centroid": [
      303.57403564453125,
      142.8736572265625
    ],
    "length": [
      146.8028106689453,
      209.35296630859375
    ],
    "angle": 90.40032958984375
  },
  "2": {
    "class_id": 2,
    "centroid": [
      306.5864562988281,
      143.77182006835938
    ],
    "length": [
      101.71141815185547,
      133.72494506835938
    ],
    "angle": 92.71896362304688
  },
  "global_mov": [
    277.73241875095135,
    133.47567076497998
  ]
}