{
  "1": {
    "class_id": 1,
    "centroid": [
      300.9898681640625,
      166.47091674804688
    ],
    "length": [
      136.03945922851562,
      197.23764038085938
    ],
    "angle": 91.06037139892578
  },
  "2": {
    "class_id": 2,
    "centroid": [
      305.2905578613281,
      166.8833770751953
    ],
    "length": [
      106.71613311767578,
      140.48558044433594
    ],
    "angle": 89.60979461669922
  },
  "global_mov": [
    268.50542743615614,
    153.4879740776736
  ]
}