{
  "1": {
    "class_id": 1,
    "centroid": [
      280.6770324707031,
      183.5387420654297
    ],
    "length": [
      141.8746795654297,
      210.34474182128906
    ],
    "angle": 94.1856689453125
  },
  "2": {
    "class_id": 2,
    "centroid": [
      283.1749267578125,
      184.26158142089844
    ],
    "length": [
      96.28451538085938,
      134.936767578125
    ],
    "angle": 95.13768768310547
  },
  "global_mov": [
    255.7127864664154,
    139.14546060978216
  ]
}