{
  "1": {
    "class_id": 1,
    "centroid": [
      299.3511962890625,
      155.095703125
    ],
    "length": [
      147.5657958984375,
      210.05938720703125
    ],
    "angle": 90.4018325805664
  },
  "2": {
    "class_id": 2,
    "centroid": [
      304.33990478515625,
      156.48629760742188
    ],
    "length": [
      107.59471893310547,
      140.8018341064453
    ],
    "angle": 91.25695037841797
  },
  "global_mov": [
    268.543508031199,
    149.5751427710784
  ]
}