{
  "1": {
    "class_id": 1,
    "centroid": [
      300.48138427734375,
      142.3194580078125
    ],
    "length": [
      146.99119567871094,
      208.5513916015625
    ],
    "angle": 89.65274047851562
  },
  "2": {
    "class_id": 2,
    "centroid": [
      303.9888610839844,
      143.54722595214844
    ],
    "length": [
      103.5921401977539,
      134.95103454589844
    ],
    "angle": 94.51898193359375
  },
  "global_mov": [
    277.4881658118925,
    131.83875830099655
  ]
}