{
  "1": {
    "class_id": 1,
    "centroid": [
      302.4905090332031,
      146.20606994628906
    ],
    "length": [
      133.3814697265625,
      195.8259735107422
    ],
    "angle": 91.09874725341797
  },
  "2": {
    "class_id": 2,
    "centroid": [
      299.6178894042969,
      146.70697021484375
    ],
    "length": [
      94.7835922241211,
      124.77198791503906
    ],
    "angle": 90.2015151977539
  },
  "global_mov": [
    276.44138578744133,
    131.07483172282681
  ]
}