{
  "1": {
    "class_id": 1,
    "centroid": [
      284.8199462890625,
      176.79222106933594
    ],
    "length": [
      141.3918914794922,
      211.31114196777344
    ],
    "angle": 93.24273681640625
  },
  "2": {
    "class_id": 2,
    "centroid": [
      288.1875,
      177.5791015625
    ],
    "length": [
      96.2204818725586,
      136.4642333984375
    ],
    "angle": 93.75476837158203
  },
  "global_mov": [
    255.30068438506075,
    136.30723401532475
  ]
}