{
  "1": {
    "class_id": 1,
    "centroid": [
      297.99920654296875,
      146.1289825439453
    ],
    "length": [
      145.8142852783203,
      207.30140686035156
    ],
    "angle": 90.8885498046875
  },
  "2": {
    "class_id": 2,
    "centroid": [
      298.9006652832031,
      147.20294189453125
    ],
    "length": [
      99.10594177246094,
      131.1847381591797
    ],
    "angle": 94.33139038085938
  },
  "global_mov": [
    273.71444817224045,
    137.73976007882172
  ]
}