{
  "1": {
    "class_id": 1,
    "centroid": [
      294.2252197265625,
      148.8353271484375
    ],
    "length": [
      144.6847686767578,
      207.02618408203125
    ],
    "angle": 91.97616577148438
  },
  "2": {
    "class_id": 2,
    "centroid": [
      294.732421875,
      149.92005920410156
    ],
    "length": [
      99.58784484863281,
      130.8223114013672
    ],
    "angle": 94.85455322265625
  },
  "global_mov": [
    270.76981118639446,
    137.30467796944058
  ]
}