{
  "1": {
    "class_id": 1,
    "centroid": [
      287.4466247558594,
      149.53146362304688
    ],
    "length": [
      135.9949188232422,
      196.77349853515625
    ],
    "angle": 88.57505798339844
  },
  "2": {
    "class_id": 2,
    "centroid": [
      289.16815185546875,
      149.82647705078125
    ],
    "length": [
      99.8228988647461,
      133.22320556640625
    ],
    "angle": 84.42202758789062
  },
  "global_mov": [
    263.90301795719637,
    144.2987930027356
  ]
}