{
  "1": {
    "class_id": 1,
    "centroid": [
      285.02764892578125,
      150.66567993164062
    ],
    "length": [
      147.14581298828125,
      208.6988983154297
    ],
    "angle": 90.29910278320312
  },
  "2": {
    "class_id": 2,
    "centroid": [
      288.9065246582031,
      152.34849548339844
    ],
    "length": [
      102.4859390258789,
      135.1775360107422
    ],
    "angle": 94.13630676269531
  },
  "global_mov": [
    266.879302922047,
    136.49137150307376
  ]
}