{
  "1": {
    "class_id": 1,
    "centroid": [
      284.9589538574219,
      146.15184020996094
    ],
    "length": [
      134.51194763183594,
      195.2845001220703
    ],
    "angle": 88.77482604980469
  },
  "2": {
    "class_id": 2,
    "centroid": [
      291.98236083984375,
      144.2107696533203
    ],
    "length": [
      94.27491760253906,
      130.9060821533203
    ],
    "angle": 90.14679718017578
  },
  "global_mov": [
    270.6195143822686,
    135.9458876818611
  ]
}