{
  "1": {
    "class_id": 1,
    "centroid": [
      278.5658264160156,
      148.1183319091797
    ],
    "length": [
      135.91714477539062,
      194.90676879882812
    ],
    "angle": 89.84458923339844
  },
  "2": {
    "class_id": 2,
    "centroid": [
      281.2196044921875,
      147.5106201171875
    ],
    "length": [
      102.43960571289062,
      138.68902587890625
    ],
    "angle": 85.29722595214844
  },
  "global_mov": [
    259.2758918524236,
    143.3811532995754
  ]
}