{
  "1": {
    "class_id": 1,
    "centroid": [
      283.4974060058594,
      166.35775756835938
    ],
    "length": [
      150.1411590576172,
      211.07257080078125
    ],
    "angle": 91.70516967773438
  },
  "2": {
    "class_id": 2,
    "centroid": [
      284.5753479003906,
      167.83737182617188
    ],
    "length": [
      103.76930236816406,
      132.8514404296875
    ],
    "angle": 96.13251495361328
  },
  "global_mov": [
    239.52140070069672,
    148.40474956784092
  ]
}