{
  "1": {
    "class_id": 1,
    "centroid": [
      278.2188720703125,
      183.17898559570312
    ],
    "length": [
      141.47047424316406,
      210.17169189453125
    ],
    "angle": 93.63385009765625
  },
  "2": {
    "class_id": 2,
    "centroid": [
      281.1709899902344,
      183.6196746826172
    ],
    "length": [
      94.8884048461914,
      135.01309204101562
    ],
    "angle": 94.92337799072266
  },
  "global_mov": [
    254.75139233964498,
    139.18987338672818
  ]
}