{
  "1": {
    "class_id": 1,
    "centroid": [
      302.0222473144531,
      143.89739990234375
    ],
    "length": [
      136.89540100097656,
      195.94610595703125
    ],
    "angle": 90.66581726074219
  },
  "2": {
    "class_id": 2,
    "centroid": [
      303.684326171875,
      142.02061462402344
    ],
    "length": [
      94.83104705810547,
      132.1328887939453
    ],
    "angle": 91.9987564086914
  },
  "global_mov": [
    273.2645391139166,
    131.49166700530483
  ]
}