{
  "1": {
    "class_id": 1,
    "centroid": [
      282.2307434082031,
      159.37750244140625
    ],
    "length": [
      131.5174102783203,
      197.7035675048828
    ],
    "angle": 90.06390380859375
  },
  "2": {
    "class_id": 2,
    "centroid": [
      285.26202392578125,
      159.3782196044922
    ],
    "length": [
      100.60752868652344,
      138.1028594970703
    ],
    "angle": 84.35783386230469
  },
  "global_mov": [
    259.96828243241174,
    145.33542891151643
  ]
}