{
  "1": {
    "class_id": 1,
    "centroid": [
      269.3573303222656,
      157.8630828857422
    ],
    "length": [
      149.11329650878906,
      209.514404296875
    ],
    "angle": 90.71199035644531
  },
  "2": {
    "class_id": 2,
    "centroid": [
      270.44110107421875,
      159.90695190429688
    ],
    "length": [
      102.29940032958984,
      131.279296875
    ],
    "angle": 92.45319366455078
  },
  "global_mov": [
    262.3590372754256,
    153.62134281281533
  ]
}