{
  "1": {
    "class_id": 1,
    "centroid": [
      278.6846923828125,
      177.272216796875
    ],
    "length": [
      142.22740173339844,
      210.016845703125
    ],
    "angle": 93.71858978271484
  },
  "2": {
    "class_id": 2,
    "centroid": [
      281.1559143066406,
      177.28163146972656
    ],
    "length": [
      95.85991668701172,
      134.37489318847656
    ],
    "angle": 94.13867950439453
  },
  "global_mov": [
    252.5769378347826,
    133.24735989355017
  ]
}