{
  "1": {
    "class_id": 1,
    "centroid": [
      304.4151306152344,
      162.60267639160156
    ],
    "length": [
      147.11927795410156,
      210.98806762695312
    ],
    "angle": 90.255615234375
  },
  "2": {
    "class_id": 2,
    "centroid": [
      309.3067932128906,
      164.0040740966797
    ],
    "length": [
      106.2447738647461,
      141.35369873046875
    ],
    "angle": 89.6768798828125
  },
  "global_mov": [
    279.0812491823065,
    155.02061432890818
  ]
}