{
  "1": {
    "class_id": 1,
    "centroid": [
      267.5421142578125,
      143.57806396484375
    ],
    "length": [
      148.66305541992188,
      210.60671997070312
    ],
    "angle": 91.23590850830078
  },
  "2": {
    "class_id": 2,
    "centroid": [
      271.8997497558594,
      145.35440063476562
    ],
    "length": [
      102.0779800415039,
      132.7394561767578
    ],
    "angle": 94.79926300048828
  },
  "global_mov": [
    252.2215555814998,
    133.1524677431804
  ]
}