{
  "1": {
    "class_id": 1,
    "centroid": [
      282.0846252441406,
      149.50735473632812
    ],
    "length": [
      135.0578155517578,
      193.41476440429688
    ],
    "angle": 89.57415008544922
  },
  "2": {
    "class_id": 2,
    "centroid": [
      287.7847595214844,
      147.91253662109375
    ],
    "length": [
      95.91978454589844,
      129.59852600097656
    ],
    "angle": 88.94876861572266
  },
  "global_mov": [
    271.3502347861052,
    136.88332132571787
  ]
}