{
  "1": {
    "class_id": 1,
    "centroid": [
      294.44403076171875,
      155.9211883544922
    ],
    "length": [
      151.40859985351562,
      214.91714477539062
    ],
    "angle": 91.27257537841797
  },
  "2": {
    "class_id": 2,
    "centroid": [
      299.4244384765625,
      155.6399383544922
    ],
    "length": [
      99.42945861816406,
      132.821533203125
    ],
    "angle": 93.36390686035156
  },
  "global_mov": [
    259.97688644342566,
    136.25971115218871
  ],
  "4": {
    "class_id": "slit knife",
    "tip": [
      210.2500272738008,
      246.25003376135544
    ],
    "length": 76.36752319335938,
    "angle": 45.0
  }
}