{
  "1": {
    "class_id": 1,
    "centroid": [
      298.18243408203125,
      156.49929809570312
    ],
    "length": [
      134.16561889648438,
      193.96194458007812
    ],
    "angle": 91.5304946899414
  },
  "2": {
    "class_id": 2,
    "centroid": [
      299.7705078125,
      157.1015625
    ],
    "length": [
      100.99851989746094,
      132.96578979492188
    ],
    "angle": 95.87184143066406
  },
  "global_mov": [
    273.4703702728375,
    143.71563760227457
  ]
}