{
  "1": {
    "class_id": 1,
    "centroid": [
      280.8077392578125,
      184.06692504882812
    ],
    "length": [
      142.74293518066406,
      209.97747802734375
    ],
    "angle": 93.48979187011719
  },
  "2": {
    "class_id": 2,
    "centroid": [
      284.59515380859375,
      184.16748046875
    ],
    "length": [
      95.99906158447266,
      133.7112274169922
    ],
    "angle": 93.66627502441406
  },
  "global_mov": [
    260.37572604479493,
    138.20687803692638
  ]
}