{
  "1": {
    "class_id": 1,
    "centroid": [
      323.212646484375,
      144.89205932617188
    ],
    "length": [
      137.25022888183594,
      202.06692504882812
    ],
    "angle": 87.7110595703125
  },
  "2": {
    "class_id": 2,
    "centroid": [
      326.291015625,
      145.6818389892578
    ],
    "length": [
      103.01612091064453,
      132.28343200683594
    ],
    "angle": 89.75253295898438
  },
  "global_mov": [
    274.684608728991,
    149.98707192986126
  ]
}