{
  "1": {
    "class_id": 1,
    "centroid": [
      292.0633239746094,
      148.69235229492188
    ],
    "length": [
      144.98338317871094,
      207.14886474609375
    ],
    "angle": 90.95372772216797
  },
  "2": {
    "class_id": 2,
    "centroid": [
      293.1621398925781,
      149.79534912109375
    ],
    "length": [
      99.02685546875,
      130.49514770507812
    ],
    "angle": 95.4001235961914
  },
  "global_mov": [
    267.1906567454152,
    137.60569925489315
  ]
}