{
  "1": {
    "class_id": 1,
    "centroid": [
      308.28509521484375,
      160.3685302734375
    ],
    "length": [
      135.4471435546875,
      197.52699279785156
    ],
    "angle": 89.64152526855469
  },
  "2": {
    "class_id": 2,
    "centroid": [
      311.99755859375,
      160.3932647705078
    ],
    "length": [
      99.61700439453125,
      136.0393524169922
    ],
    "angle": 87.47993469238281
  },
  "global_mov": [
    279.61585460537367,
    142.74429752840285
  ]
}