{
  "1": {
    "class_id": 1,
    "centroid": [
      269.6719970703125,
      137.33143615722656
    ],
    "length": [
      145.9613800048828,
      206.03927612304688
    ],
    "angle": 91.44482421875
  },
  "2": {
    "class_id": 2,
    "centroid": [
      271.4302978515625,
      139.02505493164062
    ],
    "length": [
      101.0708999633789,
      128.86386108398438
    ],
    "angle": 94.35086822509766
  },
  "global_mov": [
    230.40444356983167,
    123.74442038891732
  ]
}