{
  "1": {
    "class_id": 1,
    "centroid": [
      290.8142395019531,
      138.15292358398438
    ],
    "length": [
      131.76414489746094,
      194.1983184814453
    ],
    "angle": 90.908935546875
  },
  "2": {
    "class_id": 2,
    "centroid": [
      292.5125732421875,
      136.0806427001953
    ],
    "length": [
      89.8281478881836,
      129.8885498046875
    ],
    "angle": 97.42925262451172
  },
  "global_mov": [
    258.9088451043022,
    121.77290850432796
  ]
}