{
  "1": {
    "class_id": 1,
    "centroid": [
      292.2152404785156,
      152.62583923339844
    ],
    "length": [
      147.26290893554688,
      210.45799255371094
    ],
    "angle": 90.49727630615234
  },
  "2": {
    "class_id": 2,
    "centroid": [
      295.7641296386719,
      153.99281311035156
    ],
    "length": [
      102.8815689086914,
      134.13308715820312
    ],
    "angle": 95.23802947998047
  },
  "global_mov": [
    269.22024089554935,
    139.18591738714164
  ]
}