{
  "1": {
    "class_id": 1,
    "centroid": [
      309.3612060546875,
      148.9851837158203
    ],
    "length": [
      146.443359375,
      208.44955444335938
    ],
    "angle": 88.65198516845703
  },
  "2": {
    "class_id": 2,
    "centroid": [
      309.78411865234375,
      150.34767150878906
    ],
    "length": [
      98.99485778808594,
      131.27293395996094
    ],
    "angle": 92.87590789794922
  },
  "global_mov": [
    255.99175625932511,
    136.52912980754246
  ]
}