{
  "1": {
    "class_id": 1,
    "centroid": [
      294.7691345214844,
      129.5220947265625
    ],
    "length": [
      135.34136962890625,
      194.33131408691406
    ],
    "angle": 89.58958435058594
  },
  "2": {
    "class_id": 2,
    "centroid": [
      296.2218933105469,
      129.38755798339844
    ],
    "length": [
      95.74143981933594,
      125.38194274902344
    ],
    "angle": 94.57129669189453
  },
  "global_mov": [
    256.58775387204577,
    116.08820690034645
  ]
}