{
  "1": {
    "class_id": 1,
    "centroid": [
      289.9284362792969,
      150.95095825195312
    ],
    "length": [
      145.90325927734375,
      207.183837890625
    ],
    "angle": 91.299560546875
  },
  "2": {
    "class_id": 2,
    "centroid": [
      290.82513427734375,
      152.15460205078125
    ],
    "length": [
      98.55099487304688,
      131.60821533203125
    ],
    "angle": 94.73058319091797
  },
  "global_mov": [
    261.97510849452993,
    138.50180913582616
  ]
}