{
  "1": {
    "class_id": 1,
    "centroid": [
      296.4596862792969,
      162.74935913085938
    ],
    "length": [
      148.94760131835938,
      211.49464416503906
    ],
    "angle": 91.51631927490234
  },
  "2": {
    "class_id": 2,
    "centroid": [
      298.58050537109375,
      164.1638946533203
    ],
    "length": [
      102.55488586425781,
      133.4994659423828
    ],
    "angle": 93.9133529663086
  },
  "global_mov": [
    267.88719568601147,
    150.52729833335502
  ]
}