{
  "1": {
    "class_id": 1,
    "centroid": [
      302.0787658691406,
      142.666259765625
    ],
    "length": [
      144.64378356933594,
      208.4191131591797
    ],
    "angle": 88.86556243896484
  },
  "2": {
    "class_id": 2,
    "centroid": [
      305.5814514160156,
      144.1811981201172
    ],
    "length": [
      99.63597106933594,
      133.93057250976562
    ],
    "angle": 91.17784881591797
  },
  "global_mov": [
    278.7753604285071,
    132.76663121312393
  ]
}