{
  "1": {
    "class_id": 1,
    "centroid": [
      301.7057800292969,
      141.2107696533203
    ],
    "length": [
      137.3690185546875,
      196.5384063720703
    ],
    "angle": 86.47435760498047
  },
  "2": {
    "class_id": 2,
    "centroid": [
      300.6578369140625,
      144.7506866455078
    ],
    "length": [
      100.1924819946289,
      128.16722106933594
    ],
    "angle": 94.89820861816406
  },
  "global_mov": [
    271.01268182130144,
    153.5649151418965
  ]
}