{
  "1": {
    "class_id": 1,
    "centroid": [
      291.3792419433594,
      149.76087951660156
    ],
    "length": [
      144.84678649902344,
      205.85528564453125
    ],
    "angle": 91.29767608642578
  },
  "2": {
    "class_id": 2,
    "centroid": [
      292.3866271972656,
      151.13270568847656
    ],
    "length": [
      99.4250717163086,
      129.8495635986328
    ],
    "angle": 95.08552551269531
  },
  "global_mov": [
    267.11370294482236,
    139.25333677880812
  ]
}