{
  "1": {
    "class_id": 1,
    "centroid": [
      303.2026062011719,
      149.03411865234375
    ],
    "length": [
      135.86236572265625,
      196.22218322753906
    ],
    "angle": 87.34402465820312
  },
  "2": {
    "class_id": 2,
    "centroid": [
      302.07269287109375,
      153.32606506347656
    ],
    "length": [
      96.8373031616211,
      124.26966094970703
    ],
    "angle": 88.49575805664062
  },
  "global_mov": [
    279.4631281387728,
    145.9118353759144
  ]
}