{
  "1": {
    "class_id": 1,
    "centroid": [
      300.3291015625,
      154.3317108154297
    ],
    "length": [
      149.2391815185547,
      213.90847778320312
    ],
    "angle": 91.41653442382812
  },
  "2": {
    "class_id": 2,
    "centroid": [
      304.1485595703125,
      155.16616821289062
    ],
    "length": [
      100.3199234008789,
      133.23214721679688
    ],
    "angle": 94.35336303710938
  },
  "global_mov": [
    260.17264745991923,
    139.58218107652598
  ],
  "4": {
    "class_id": "slit knife",
    "tip": [
      250.039802309695,
      217.01942576602892
    ],
    "length": 119.47417449951172,
    "angle": 45.567264556884766
  }
}