{
  "1": {
    "class_id": 1,
    "centroid": [
      280.3187561035156,
      148.3857879638672
    ],
    "length": [
      132.847900390625,
      192.99029541015625
    ],
    "angle": 87.78697967529297
  },
  "2": {
    "class_id": 2,
    "centroid": [
      283.2593994140625,
      148.8969268798828
    ],
    "length": [
      96.15351867675781,
      133.2166748046875
    ],
    "angle": 79.81954193115234
  },
  "global_mov": [
    260.5105487533289,
    142.7405256505231
  ]
}