{
  "1": {
    "class_id": 1,
    "centroid": [
      308.84210205078125,
      175.46937561035156
    ],
    "length": [
      134.4091033935547,
      197.36317443847656
    ],
    "angle": 91.12543487548828
  },
  "2": {
    "class_id": 2,
    "centroid": [
      312.1933898925781,
      175.86973571777344
    ],
    "length": [
      97.87870025634766,
      135.42103576660156
    ],
    "angle": 89.97760009765625
  },
  "global_mov": [
    284.3184399392329,
    154.8119435994332
  ]
}