{
  "1": {
    "class_id": 1,
    "centroid": [
      282.8432312011719,
      179.07589721679688
    ],
    "length": [
      140.2632293701172,
      209.5002899169922
    ],
    "angle": 94.1375503540039
  },
  "2": {
    "class_id": 2,
    "centroid": [
      285.6244201660156,
      179.9096221923828
    ],
    "length": [
      95.0018310546875,
      135.63992309570312
    ],
    "angle": 94.70940399169922
  },
  "global_mov": [
    256.9039536252835,
    135.84688963029527
  ]
}