{
  "1": {
    "class_id": 1,
    "centroid": [
      280.6478576660156,
      139.4222869873047
    ],
    "length": [
      138.51400756835938,
      191.8752899169922
    ],
    "angle": 91.0397720336914
  },
  "2": {
    "class_id": 2,
    "centroid": [
      281.5118103027344,
      141.1629638671875
    ],
    "length": [
      99.93011474609375,
      125.38717651367188
    ],
    "angle": 96.11935424804688
  },
  "global_mov": [
    265.22620477482326,
    132.12120608178543
  ]
}