{
  "1": {
    "class_id": 1,
    "centroid": [
      288.3324890136719,
      178.08946228027344
    ],
    "length": [
      142.66085815429688,
      212.00106811523438
    ],
    "angle": 93.07479858398438
  },
  "2": {
    "class_id": 2,
    "centroid": [
      291.7923583984375,
      179.0329132080078
    ],
    "length": [
      98.33776092529297,
      135.3394317626953
    ],
    "angle": 94.30082702636719
  },
  "global_mov": [
    257.63569545620896,
    138.7969920698173
  ]
}