{
  "1": {
    "class_id": 1,
    "centroid": [
      280.7257995605469,
      183.6905059814453
    ],
    "length": [
      142.66786193847656,
      209.5033416748047
    ],
    "angle": 93.44097137451172
  },
  "2": {
    "class_id": 2,
    "centroid": [
      284.7467346191406,
      183.71963500976562
    ],
    "length": [
      96.45962524414062,
      133.31594848632812
    ],
    "angle": 93.6444320678711
  },
  "global_mov": [
    257.9035286941117,
    137.9259159312449
  ]
}