{
  "1": {
    "class_id": 1,
    "centroid": [
      299.5531005859375,
      147.7020721435547
    ],
    "length": [
      145.95445251464844,
      208.46298217773438
    ],
    "angle": 91.0349349975586
  },
  "2": {
    "class_id": 2,
    "centroid": [
      299.87921142578125,
      148.68106079101562
    ],
    "length": [
      99.14590454101562,
      131.65029907226562
    ],
    "angle": 94.60486602783203
  },
  "global_mov": [
    274.40467714742334,
    138.5821115551851
  ]
}