{
  "1": {
    "class_id": 1,
    "centroid": [
      296.8674621582031,
      161.15325927734375
    ],
    "length": [
      144.60723876953125,
      206.853515625
    ],
    "angle": 92.21977996826172
  },
  "2": {
    "class_id": 2,
    "centroid": [
      297.3029479980469,
      161.96902465820312
    ],
    "length": [
      97.67549133300781,
      130.23001098632812
    ],
    "angle": 94.940673828125
  },
  "global_mov": [
    250.73288772576336,
    141.92418502418323
  ]
}