{
  "1": {
    "class_id": 1,
    "centroid": [
      281.3888244628906,
      138.93031311035156
    ],
    "length": [
      143.97410583496094,
      204.5825653076172
    ],
    "angle": 91.4024887084961
  },
  "2": {
    "class_id": 2,
    "centroid": [
      281.4074401855469,
      139.39080810546875
    ],
    "length": [
      96.1690444946289,
      131.40325927734375
    ],
    "angle": 93.03870391845703
  },
  "global_mov": [
    250.3121914719857,
    118.5369822632569
  ]
}