{
  "1": {
    "class_id": 1,
    "centroid": [
      309.22967529296875,
      151.90252685546875
    ],
    "length": [
      146.79751586914062,
      213.0703582763672
    ],
    "angle": 87.50768280029297
  },
  "2": {
    "class_id": 2,
    "centroid": [
      310.9382019042969,
      153.6950225830078
    ],
    "length": [
      99.32533264160156,
      133.53936767578125
    ],
    "angle": 93.25161743164062
  },
  "global_mov": [
    271.25617194665006,
    144.89347303109977
  ]
}