{
  "1": {
    "class_id": 1,
    "centroid": [
      296.012451171875,
      140.32371520996094
    ],
    "length": [
      150.71664428710938,
      212.90670776367188
    ],
    "angle": 92.04073333740234
  },
  "2": {
    "class_id": 2,
    "centroid": [
      300.342529296875,
      140.1973876953125
    ],
    "length": [
      100.73466491699219,
      132.86611938476562
    ],
    "angle": 94.60528564453125
  },
  "global_mov": [
    276.0168124346904,
    126.14125057084443
  ]
}