{
  "1": {
    "class_id": 1,
    "centroid": [
      295.8948059082031,
      150.30740356445312
    ],
    "length": [
      144.98336791992188,
      206.1673126220703
    ],
    "angle": 91.0435791015625
  },
  "2": {
    "class_id": 2,
    "centroid": [
      295.6903991699219,
      151.333740234375
    ],
    "length": [
      99.24861907958984,
      130.1539764404297
    ],
    "angle": 95.57305908203125
  },
  "global_mov": [
    272.3612939631451,
    137.87308124731507
  ]
}