{
  "1": {
    "class_id": 1,
    "centroid": [
      278.85791015625,
      184.32327270507812
    ],
    "length": [
      142.19790649414062,
      210.03759765625
    ],
    "angle": 93.54927062988281
  },
  "2": {
    "class_id": 2,
    "centroid": [
      282.0559997558594,
      184.3553924560547
    ],
    "length": [
      95.39264678955078,
      134.01145935058594
    ],
    "angle": 94.36532592773438
  },
  "global_mov": [
    256.7112616413412,
    137.6118867505506
  ]
}