{
  "1": {
    "class_id": 1,
    "centroid": [
      281.97442626953125,
      152.19337463378906
    ],
    "length": [
      133.26754760742188,
      192.52171325683594
    ],
    "angle": 88.34251403808594
  },
  "2": {
    "class_id": 2,
    "centroid": [
      281.5776062011719,
      155.39781188964844
    ],
    "length": [
      96.4880599975586,
      125.63243865966797
    ],
    "angle": 79.23703002929688
  },
  "global_mov": [
    284.79157890053904,
    148.3148153220268
  ]
}