{
  "1": {
    "class_id": 1,
    "centroid": [
      284.18890380859375,
      175.9334716796875
    ],
    "length": [
      141.271484375,
      211.60520935058594
    ],
    "angle": 93.1283187866211
  },
  "2": {
    "class_id": 2,
    "centroid": [
      287.6962890625,
      176.57566833496094
    ],
    "length": [
      96.34695434570312,
      136.0741729736328
    ],
    "angle": 93.59805297851562
  },
  "global_mov": [
    255.6473639129027,
    134.8192335852655
  ]
}