{
  "1": {
    "class_id": 1,
    "centroid": [
      294.4765319824219,
      129.198974609375
    ],
    "length": [
      145.656494140625,
      207.32936096191406
    ],
    "angle": 90.81694793701172
  },
  "2": {
    "class_id": 2,
    "centroid": [
      295.1320495605469,
      128.99200439453125
    ],
    "length": [
      96.60993194580078,
      126.58535766601562
    ],
    "angle": 91.96674346923828
  },
  "global_mov": [
    263.97556880671704,
    118.24959995428553
  ]
}