{
  "1": {
    "class_id": 1,
    "centroid": [
      291.4579772949219,
      151.24490356445312
    ],
    "length": [
      144.62069702148438,
      205.76651000976562
    ],
    "angle": 91.58626556396484
  },
  "2": {
    "class_id": 2,
    "centroid": [
      292.2996826171875,
      152.5623321533203
    ],
    "length": [
      98.68989562988281,
      130.3661346435547
    ],
    "angle": 95.24115753173828
  },
  "global_mov": [
    269.92661638455985,
    138.9549616443962
  ]
}