{
  "1": {
    "class_id": 1,
    "centroid": [
      275.51873779296875,
      147.06207275390625
    ],
    "length": [
      135.56985473632812,
      195.97328186035156
    ],
    "angle": 89.50279998779297
  },
  "2": {
    "class_id": 2,
    "centroid": [
      278.77703857421875,
      146.7983856201172
    ],
    "length": [
      102.32765197753906,
      139.5230255126953
    ],
    "angle": 85.83203125
  },
  "global_mov": [
    258.1904728386952,
    142.81218121405175
  ]
}