{
  "1": {
    "class_id": 1,
    "centroid": [
      306.8358459472656,
      156.77281188964844
    ],
    "length": [
      149.4354248046875,
      210.3307342529297
    ],
    "angle": 90.87319946289062
  },
  "2": {
    "class_id": 2,
    "centroid": [
      308.14337158203125,
      157.91258239746094
    ],
    "length": [
      102.16033172607422,
      133.0270233154297
    ],
    "angle": 94.28255462646484
  },
  "global_mov": [
    276.0694493486643,
    145.82832203807445
  ]
}