{
  "1": {
    "class_id": 1,
    "centroid": [
      304.074951171875,
      142.3695526123047
    ],
    "length": [
      150.79812622070312,
      210.02755737304688
    ],
    "angle": 91.05460357666016
  },
  "2": {
    "class_id": 2,
    "centroid": [
      307.874755859375,
      141.9160919189453
    ],
    "length": [
      100.63526153564453,
      133.2392120361328
    ],
    "angle": 94.69261932373047
  },
  "global_mov": [
    279.0797723580137,
    122.78046056040064
  ]
}