{
  "1": {
    "class_id": 1,
    "centroid": [
      308.9405517578125,
      148.4728240966797
    ],
    "length": [
      147.1614990234375,
      209.5339813232422
    ],
    "angle": 88.71353912353516
  },
  "2": {
    "class_id": 2,
    "centroid": [
      309.822998046875,
      149.89454650878906
    ],
    "length": [
      98.99813842773438,
      131.80169677734375
    ],
    "angle": 92.91215515136719
  },
  "global_mov": [
    268.7860695953616,
    142.37267129296345
  ]
}