{
  "1": {
    "class_id": 1,
    "centroid": [
      290.3077697753906,
      131.10606384277344
    ],
    "length": [
      131.94688415527344,
      195.94700622558594
    ],
    "angle": 91.43119049072266
  },
  "2": {
    "class_id": 2,
    "centroid": [
      289.23687744140625,
      129.31178283691406
    ],
    "length": [
      91.91865539550781,
      127.11031341552734
    ],
    "angle": 96.16123962402344
  },
  "global_mov": [
    260.4191133478023,
    119.45459884975742
  ]
}