{
  "1": {
    "class_id": 1,
    "centroid": [
      290.425537109375,
      139.23814392089844
    ],
    "length": [
      144.09255981445312,
      205.37295532226562
    ],
    "angle": 92.30292510986328
  },
  "2": {
    "class_id": 2,
    "centroid": [
      290.77764892578125,
      139.92608642578125
    ],
    "length": [
      97.08872985839844,
      129.89056396484375
    ],
    "angle": 93.93734741210938
  },
  "global_mov": [
    249.3011392809116,
    112.7705383997868
  ]
}