{
  "1": {
    "class_id": 1,
    "centroid": [
      260.0538330078125,
      167.102294921875
    ],
    "length": [
      128.5782012939453,
      190.28562927246094
    ],
    "angle": 95.31158447265625
  },
  "2": {
    "class_id": 2,
    "centroid": [
      265.5067138671875,
      167.0985107421875
    ],
    "length": [
      93.62353515625,
      136.60000610351562
    ],
    "angle": 93.53071594238281
  },
  "global_mov": [
    258.91463620096624,
    145.15566825844414
  ]
}