{
  "1": {
    "class_id": 1,
    "centroid": [
      302.0597839355469,
      158.60206604003906
    ],
    "length": [
      146.6094207763672,
      210.69210815429688
    ],
    "angle": 90.6255111694336
  },
  "2": {
    "class_id": 2,
    "centroid": [
      306.36114501953125,
      159.53338623046875
    ],
    "length": [
      107.18474578857422,
      140.95509338378906
    ],
    "angle": 90.69013214111328
  },
  "global_mov": [
    266.5523202467056,
    152.16893216683732
  ]
}