{
  "1": {
    "class_id": 1,
    "centroid": [
      298.6541748046875,
      129.68211364746094
    ],
    "length": [
      135.64671325683594,
      195.9185028076172
    ],
    "angle": 88.66646575927734
  },
  "2": {
    "class_id": 2,
    "centroid": [
      298.8036804199219,
      126.44200897216797
    ],
    "length": [
      92.9425277709961,
      124.44914245605469
    ],
    "angle": 87.7457275390625
  },
  "global_mov": [
    265.17658063234734,
    122.67506384002758
  ]
}