{
  "1": {
    "class_id": 1,
    "centroid": [
      281.77996826171875,
      167.7815704345703
    ],
    "length": [
      140.3644256591797,
      208.38294982910156
    ],
    "angle": 94.22747802734375
  },
  "2": {
    "class_id": 2,
    "centroid": [
      285.15673828125,
      167.44911193847656
    ],
    "length": [
      93.03346252441406,
      132.42086791992188
    ],
    "angle": 94.66822814941406
  },
  "global_mov": [
    248.52821050501316,
    119.58287950931003
  ]
}