{
  "1": {
    "class_id": 1,
    "centroid": [
      297.12799072265625,
      142.79620361328125
    ],
    "length": [
      136.94654846191406,
      195.50015258789062
    ],
    "angle": 86.56016540527344
  },
  "2": {
    "class_id": 2,
    "centroid": [
      297.3526306152344,
      146.4783172607422
    ],
    "length": [
      99.20895385742188,
      127.45612335205078
    ],
    "angle": 94.54840850830078
  },
  "global_mov": [
    271.0825231434571,
    153.53502286252254
  ]
}