{
  "1": {
    "class_id": 1,
    "centroid": [
      274.2012023925781,
      176.4391632080078
    ],
    "length": [
      128.2028350830078,
      188.7989501953125
    ],
    "angle": 95.32156372070312
  },
  "2": {
    "class_id": 2,
    "centroid": [
      277.97491455078125,
      177.59207153320312
    ],
    "length": [
      93.48052215576172,
      134.02658081054688
    ],
    "angle": 95.70164489746094
  },
  "global_mov": [
    290.1087336404694,
    147.34781413828694
  ]
}