{
  "1": {
    "class_id": 1,
    "centroid": [
      294.8804016113281,
      161.67108154296875
    ],
    "length": [
      137.38641357421875,
      197.88722229003906
    ],
    "angle": 91.10403442382812
  },
  "2": {
    "class_id": 2,
    "centroid": [
      295.39208984375,
      161.8689727783203
    ],
    "length": [
      100.5704345703125,
      132.0574188232422
    ],
    "angle": 89.63511657714844
  },
  "global_mov": [
    267.5483462202184,
    150.00373643876716
  ]
}