{
  "1": {
    "class_id": 1,
    "centroid": [
      292.67242431640625,
      128.7997589111328
    ],
    "length": [
      144.97044372558594,
      208.5596466064453
    ],
    "angle": 90.9241943359375
  },
  "2": {
    "class_id": 2,
    "centroid": [
      293.7464294433594,
      128.72512817382812
    ],
    "length": [
      96.02205657958984,
      128.2634735107422
    ],
    "angle": 92.57989501953125
  },
  "global_mov": [
    261.1265259861866,
    110.9479664027079
  ]
}