{
  "1": {
    "class_id": 1,
    "centroid": [
      295.0092468261719,
      149.71527099609375
    ],
    "length": [
      130.89627075195312,
      195.17282104492188
    ],
    "angle": 91.12433624267578
  },
  "2": {
    "class_id": 2,
    "centroid": [
      298.21356201171875,
      147.4102020263672
    ],
    "length": [
      91.46172332763672,
      133.01071166992188
    ],
    "angle": 94.3597640991211
  },
  "global_mov": [
    268.56311725174095,
    128.7668106166289
  ]
}