{
  "1": {
    "class_id": 1,
    "centroid": [
      283.28912353515625,
      178.21517944335938
    ],
    "length": [
      141.58261108398438,
      210.7135009765625
    ],
    "angle": 93.23982238769531
  },
  "2": {
    "class_id": 2,
    "centroid": [
      285.9933776855469,
      178.52000427246094
    ],
    "length": [
      94.99189758300781,
      136.7003936767578
    ],
    "angle": 94.03778076171875
  },
  "global_mov": [
    253.70690652477637,
    134.7638101352538
  ]
}