{
  "1": {
    "class_id": 1,
    "centroid": [
      295.948974609375,
      150.01622009277344
    ],
    "length": [
      151.69833374023438,
      210.1753387451172
    ],
    "angle": 90.65144348144531
  },
  "2": {
    "class_id": 2,
    "centroid": [
      297.9505310058594,
      150.7926025390625
    ],
    "length": [
      101.76675415039062,
      132.11488342285156
    ],
    "angle": 94.76790618896484
  },
  "global_mov": [
    275.40119812540473,
    144.03906038021802
  ]
}