{
  "1": {
    "class_id": 1,
    "centroid": [
      286.2526550292969,
      152.22640991210938
    ],
    "length": [
      131.10690307617188,
      196.8324737548828
    ],
    "angle": 88.15580749511719
  },
  "2": {
    "class_id": 2,
    "centroid": [
      289.7174377441406,
      152.44068908691406
    ],
    "length": [
      97.28667449951172,
      135.68057250976562
    ],
    "angle": 82.83907318115234
  },
  "global_mov": [
    260.35728076050543,
    140.46028162384843
  ]
}