{
  "1": {
    "class_id": 1,
    "centroid": [
      287.2808532714844,
      172.94570922851562
    ],
    "length": [
      141.4109344482422,
      210.93624877929688
    ],
    "angle": 94.04332733154297
  },
  "2": {
    "class_id": 2,
    "centroid": [
      289.9346008300781,
      172.07424926757812
    ],
    "length": [
      94.7147216796875,
      132.29537963867188
    ],
    "angle": 93.19891357421875
  },
  "global_mov": [
    253.19885453454233,
    124.66466387634597
  ]
}