{
  "1": {
    "class_id": 1,
    "centroid": [
      276.9742126464844,
      138.03028869628906
    ],
    "length": [
      137.74588012695312,
      198.14605712890625
    ],
    "angle": 89.638427734375
  },
  "2": {
    "class_id": 2,
    "centroid": [
      277.5069580078125,
      139.2865753173828
    ],
    "length": [
      99.65398406982422,
      132.59983825683594
    ],
    "angle": 89.35494995117188
  },
  "global_mov": [
    263.27186927568107,
    128.03713724078776
  ]
}