{
  "1": {
    "class_id": 1,
    "centroid": [
      291.5828552246094,
      157.2598419189453
    ],
    "length": [
      144.1178436279297,
      207.6576385498047
    ],
    "angle": 91.4962158203125
  },
  "2": {
    "class_id": 2,
    "centroid": [
      292.5609130859375,
      158.27987670898438
    ],
    "length": [
      99.21214294433594,
      130.51806640625
    ],
    "angle": 95.14234161376953
  },
  "global_mov": [
    260.1496763786072,
    142.5060930479008
  ]
}