{
  "1": {
    "class_id": 1,
    "centroid": [
      281.139892578125,
      176.4977569580078
    ],
    "length": [
      141.36720275878906,
      210.13636779785156
    ],
    "angle": 94.01100158691406
  },
  "2": {
    "class_id": 2,
    "centroid": [
      283.7041931152344,
      176.90115356445312
    ],
    "length": [
      95.5052719116211,
      136.6050567626953
    ],
    "angle": 93.6320571899414
  },
  "global_mov": [
    254.0865786221689,
    133.85019194493015
  ]
}