{
  "1": {
    "class_id": 1,
    "centroid": [
      277.0402526855469,
      182.7990264892578
    ],
    "length": [
      143.9385986328125,
      210.7686767578125
    ],
    "angle": 93.72761535644531
  },
  "2": {
    "class_id": 2,
    "centroid": [
      280.9832458496094,
      182.7275848388672
    ],
    "length": [
      95.525634765625,
      133.50177001953125
    ],
    "angle": 94.58136749267578
  },
  "global_mov": [
    258.0802013462554,
    139.2100731870693
  ]
}