{
  "1": {
    "class_id": 1,
    "centroid": [
      258.2577819824219,
      159.8213348388672
    ],
    "length": [
      145.84860229492188,
      207.83676147460938
    ],
    "angle": 93.76045989990234
  },
  "2": {
    "class_id": 2,
    "centroid": [
      260.9704895019531,
      161.002197265625
    ],
    "length": [
      99.77891540527344,
      130.8535919189453
    ],
    "angle": 94.91161346435547
  },
  "global_mov": [
    246.5012429123539,
    136.86391160859066
  ]
}