{
  "1": {
    "class_id": 1,
    "centroid": [
      282.7613220214844,
      180.49945068359375
    ],
    "length": [
      140.78640747070312,
      210.0362548828125
    ],
    "angle": 93.71569061279297
  },
  "2": {
    "class_id": 2,
    "centroid": [
      286.0845947265625,
      180.91351318359375
    ],
    "length": [
      94.66011047363281,
      135.4718017578125
    ],
    "angle": 94.58349609375
  },
  "global_mov": [
    257.23104224750983,
    136.83103289557548
  ]
}