{
  "1": {
    "class_id": 1,
    "centroid": [
      308.2636413574219,
      150.10604858398438
    ],
    "length": [
      147.202880859375,
      210.3137664794922
    ],
    "angle": 87.8567123413086
  },
  "2": {
    "class_id": 2,
    "centroid": [
      309.4655456542969,
      151.4230194091797
    ],
    "length": [
      99.22563934326172,
      132.1513671875
    ],
    "angle": 93.1826400756836
  },
  "global_mov": [
    269.3378408857664,
    144.0460128660474
  ]
}