{
  "1": {
    "class_id": 1,
    "centroid": [
      293.4753112792969,
      162.35350036621094
    ],
    "length": [
      137.13665771484375,
      197.42027282714844
    ],
    "angle": 91.75556182861328
  },
  "2": {
    "class_id": 2,
    "centroid": [
      295.9137878417969,
      162.46861267089844
    ],
    "length": [
      98.6613540649414,
      129.8165740966797
    ],
    "angle": 88.5101547241211
  },
  "global_mov": [
    265.8810129223236,
    149.81595236317477
  ]
}