{
  "1": {
    "class_id": 1,
    "centroid": [
      281.386474609375,
      137.8572998046875
    ],
    "length": [
      144.26840209960938,
      204.58592224121094
    ],
    "angle": 91.88803100585938
  },
  "2": {
    "class_id": 2,
    "centroid": [
      281.4275817871094,
      138.41246032714844
    ],
    "length": [
      96.10523986816406,
      131.0784149169922
    ],
    "angle": 92.59306335449219
  },
  "global_mov": [
    247.0892164961989,
    115.82462166225385
  ]
}