{
  "1": {
    "class_id": 1,
    "centroid": [
      260.67462158203125,
      137.7139892578125
    ],
    "length": [
      147.4110107421875,
      210.53912353515625
    ],
    "angle": 90.11994934082031
  },
  "2": {
    "class_id": 2,
    "centroid": [
      265.0728454589844,
      139.391845703125
    ],
    "length": [
      102.49337768554688,
      132.4217529296875
    ],
    "angle": 94.08392333984375
  },
  "global_mov": [
    248.7675109338793,
    131.94348296625037
  ]
}