{
  "1": {
    "class_id": 1,
    "centroid": [
      298.874755859375,
      153.5424041748047
    ],
    "length": [
      148.2028045654297,
      210.32302856445312
    ],
    "angle": 90.88307189941406
  },
  "2": {
    "class_id": 2,
    "centroid": [
      299.6746520996094,
      155.11476135253906
    ],
    "length": [
      102.21243286132812,
      132.5111083984375
    ],
    "angle": 94.4603500366211
  },
  "global_mov": [
    274.26197715565075,
    144.33929448850995
  ]
}