{
  "1": {
    "class_id": 1,
    "centroid": [
      305.7976379394531,
      139.9329376220703
    ],
    "length": [
      151.2957763671875,
      210.37416076660156
    ],
    "angle": 91.74268341064453
  },
  "2": {
    "class_id": 2,
    "centroid": [
      309.7842712402344,
      139.38363647460938
    ],
    "length": [
      99.73790740966797,
      134.46180725097656
    ],
    "angle": 94.69731140136719
  },
  "global_mov": [
    276.23838736072037,
    123.03776625194892
  ]
}