{
  "1": {
    "class_id": 1,
    "centroid": [
      303.8858947753906,
      151.5620574951172
    ],
    "length": [
      146.74781799316406,
      211.70140075683594
    ],
    "angle": 89.75238037109375
  },
  "2": {
    "class_id": 2,
    "centroid": [
      306.0050354003906,
      152.48455810546875
    ],
    "length": [
      97.41588592529297,
      133.2345733642578
    ],
    "angle": 93.73555755615234
  },
  "global_mov": [
    263.6104945240499,
    139.70389591951007
  ]
}