{
  "1": {
    "class_id": 1,
    "centroid": [
      277.03564453125,
      152.22325134277344
    ],
    "length": [
      142.25778198242188,
      209.27069091796875
    ],
    "angle": 92.44072723388672
  },
  "2": {
    "class_id": 2,
    "centroid": [
      280.0865783691406,
      153.8064727783203
    ],
    "length": [
      97.98348236083984,
      134.4725341796875
    ],
    "angle": 95.02586364746094
  },
  "global_mov": [
    254.78798693848182,
    119.91108142264862
  ]
}