{
  "1": {
    "class_id": 1,
    "centroid": [
      293.2593688964844,
      152.56956481933594
    ],
    "length": [
      143.7516326904297,
      207.28665161132812
    ],
    "angle": 91.73241424560547
  },
  "2": {
    "class_id": 2,
    "centroid": [
      293.934326171875,
      153.8732452392578
    ],
    "length": [
      98.74018859863281,
      130.80911254882812
    ],
    "angle": 95.09150695800781
  },
  "global_mov": [
    270.3678546037383,
    138.95457385006083
  ]
}