{
  "1": {
    "class_id": 1,
    "centroid": [
      282.9017333984375,
      153.51556396484375
    ],
    "length": [
      133.2886962890625,
      197.76358032226562
    ],
    "angle": 91.46375274658203
  },
  "2": {
    "class_id": 2,
    "centroid": [
      283.8680725097656,
      152.9030303955078
    ],
    "length": [
      95.87759399414062,
      128.9964141845703
    ],
    "angle": 87.14273071289062
  },
  "global_mov": [
    265.027176055174,
    133.17126335190792
  ]
}