{
  "1": {
    "class_id": 1,
    "centroid": [
      296.0047912597656,
      144.94757080078125
    ],
    "length": [
      135.62615966796875,
      195.9511260986328
    ],
    "angle": 86.65222930908203
  },
  "2": {
    "class_id": 2,
    "centroid": [
      295.5872497558594,
      148.97862243652344
    ],
    "length": [
      97.88339233398438,
      125.55904388427734
    ],
    "angle": 87.12482452392578
  },
  "global_mov": [
    281.4386970666182,
    146.96392115503448
  ]
}