{
  "1": {
    "class_id": 1,
    "centroid": [
      278.2298583984375,
      138.72836303710938
    ],
    "length": [
      149.71035766601562,
      208.78097534179688
    ],
    "angle": 91.12265014648438
  },
  "2": {
    "class_id": 2,
    "centroid": [
      279.84283447265625,
      139.4017791748047
    ],
    "length": [
      100.4143295288086,
      132.40316772460938
    ],
    "angle": 93.213134765625
  },
  "global_mov": [
    266.3610191980444,
    131.5383292827979
  ]
}