{
  "1": {
    "class_id": 1,
    "centroid": [
      298.53302001953125,
      154.5444793701172
    ],
    "length": [
      151.46380615234375,
      209.20782470703125
    ],
    "angle": 90.29645538330078
  },
  "2": {
    "class_id": 2,
    "centroid": [
      300.6622009277344,
      155.75205993652344
    ],
    "length": [
      102.69929504394531,
      132.87449645996094
    ],
    "angle": 94.16974639892578
  },
  "global_mov": [
    277.55791920968414,
    147.58990631507385
  ]
}