{
  "1": {
    "class_id": 1,
    "centroid": [
      304.1397399902344,
      162.1782989501953
    ],
    "length": [
      147.01182556152344,
      211.21832275390625
    ],
    "angle": 90.73330688476562
  },
  "2": {
    "class_id": 2,
    "centroid": [
      308.3714599609375,
      163.56617736816406
    ],
    "length": [
      106.01393127441406,
      139.8369903564453
    ],
    "angle": 89.64957427978516
  },
  "global_mov": [
    277.6542350770697,
    153.5465182264576
  ]
}