{
  "1": {
    "class_id": 1,
    "centroid": [
      300.7531433105469,
      161.32962036132812
    ],
    "length": [
      146.68165588378906,
      210.3157196044922
    ],
    "angle": 90.90319061279297
  },
  "2": {
    "class_id": 2,
    "centroid": [
      305.1593017578125,
      162.2755126953125
    ],
    "length": [
      106.29180908203125,
      140.05923461914062
    ],
    "angle": 90.90489959716797
  },
  "global_mov": [
    266.58636887725464,
    153.35341707412252
  ]
}