{
  "1": {
    "class_id": 1,
    "centroid": [
      278.24560546875,
      154.7800750732422
    ],
    "length": [
      140.94058227539062,
      210.24334716796875
    ],
    "angle": 93.6331558227539
  },
  "2": {
    "class_id": 2,
    "centroid": [
      281.4055480957031,
      156.9580078125
    ],
    "length": [
      97.89991760253906,
      135.07821655273438
    ],
    "angle": 95.34832000732422
  },
  "global_mov": [
    255.60319113379225,
    119.82028082473387
  ]
}