{
  "1": {
    "class_id": 1,
    "centroid": [
      300.1541442871094,
      164.47450256347656
    ],
    "length": [
      148.3662872314453,
      211.43898010253906
    ],
    "angle": 91.41378021240234
  },
  "2": {
    "class_id": 2,
    "centroid": [
      302.14093017578125,
      166.31504821777344
    ],
    "length": [
      102.41195678710938,
      133.32852172851562
    ],
    "angle": 95.07637023925781
  },
  "global_mov": [
    268.32641722700606,
    149.75902182810086
  ]
}