{
  "1": {
    "class_id": 1,
    "centroid": [
      282.35260009765625,
      139.1078643798828
    ],
    "length": [
      143.9418182373047,
      205.19020080566406
    ],
    "angle": 91.6373291015625
  },
  "2": {
    "class_id": 2,
    "centroid": [
      282.531494140625,
      139.25579833984375
    ],
    "length": [
      96.42826843261719,
      130.2096405029297
    ],
    "angle": 92.14778137207031
  },
  "global_mov": [
    249.97156075114913,
    118.57069852233444
  ]
}