{
  "1": {
    "class_id": 1,
    "centroid": [
      292.1463623046875,
      155.34591674804688
    ],
    "length": [
      151.29981994628906,
      215.40225219726562
    ],
    "angle": 91.36769104003906
  },
  "2": {
    "class_id": 2,
    "centroid": [
      297.5069580078125,
      155.12953186035156
    ],
    "length": [
      100.61917114257812,
      131.81103515625
    ],
    "angle": 92.75196075439453
  },
  "global_mov": [
    256.65473802056505,
    135.05887291736838
  ],
  "4": {
    "class_id": "slit knife",
    "tip": [
      258.0,
      297.5
    ],
    "length": 14.0,
    "angle": 0.0
  }
}