{
  "1": {
    "class_id": 1,
    "centroid": [
      318.71246337890625,
      141.6332550048828
    ],
    "length": [
      149.91204833984375,
      211.02333068847656
    ],
    "angle": 90.71766662597656
  },
  "2": {
    "class_id": 2,
    "centroid": [
      322.3494873046875,
      140.2122802734375
    ],
    "length": [
      99.62994384765625,
      135.7451934814453
    ],
    "angle": 92.47254180908203
  },
  "global_mov": [
    277.16755093663056,
    116.50086500320309
  ]
}