{
  "1": {
    "class_id": 1,
    "centroid": [
      294.5184326171875,
      154.0211944580078
    ],
    "length": [
      150.67019653320312,
      210.22267150878906
    ],
    "angle": 90.59529876708984
  },
  "2": {
    "class_id": 2,
    "centroid": [
      296.3603515625,
      155.21397399902344
    ],
    "length": [
      102.33574676513672,
      130.1306915283203
    ],
    "angle": 95.16929626464844
  },
  "global_mov": [
    277.18653452784565,
    148.09973527488333
  ]
}