{
  "1": {
    "class_id": 1,
    "centroid": [
      298.08746337890625,
      141.8529052734375
    ],
    "length": [
      150.91835021972656,
      209.48809814453125
    ],
    "angle": 91.75987243652344
  },
  "2": {
    "class_id": 2,
    "centroid": [
      302.44537353515625,
      141.82667541503906
    ],
    "length": [
      100.18151092529297,
      133.33238220214844
    ],
    "angle": 95.3973159790039
  },
  "global_mov": [
    279.81071741739066,
    122.77965773398303
  ]
}