{
  "1": {
    "class_id": 1,
    "centroid": [
      310.853515625,
      150.67605590820312
    ],
    "length": [
      145.70138549804688,
      210.29991149902344
    ],
    "angle": 88.7337646484375
  },
  "2": {
    "class_id": 2,
    "centroid": [
      311.0779724121094,
      151.99038696289062
    ],
    "length": [
      98.67794799804688,
      132.7030792236328
    ],
    "angle": 92.84684753417969
  },
  "global_mov": [
    267.45750768563204,
    143.63099239775687
  ]
}