{
  "1": {
    "class_id": 1,
    "centroid": [
      292.3310241699219,
      165.0299530029297
    ],
    "length": [
      132.50648498535156,
      197.9665069580078
    ],
    "angle": 90.55231475830078
  },
  "2": {
    "class_id": 2,
    "centroid": [
      295.6623229980469,
      164.3257598876953
    ],
    "length": [
      97.49943542480469,
      138.24490356445312
    ],
    "angle": 87.08248138427734
  },
  "global_mov": [
    263.42250395144026,
    147.0241867796058
  ]
}