{
  "1": {
    "class_id": 1,
    "centroid": [
      297.665283203125,
      128.15765380859375
    ],
    "length": [
      136.8997344970703,
      194.2021484375
    ],
    "angle": 88.47711181640625
  },
  "2": {
    "class_id": 2,
    "centroid": [
      298.4021301269531,
      124.2408676147461
    ],
    "length": [
      92.75507354736328,
      123.62106323242188
    ],
    "angle": 85.35899353027344
  },
  "global_mov": [
    264.9419418332979,
    121.62340864979284
  ]
}