{
  "1": {
    "class_id": 1,
    "centroid": [
      288.21893310546875,
      149.83477783203125
    ],
    "length": [
      144.50941467285156,
      205.436279296875
    ],
    "angle": 91.16963958740234
  },
  "2": {
    "class_id": 2,
    "centroid": [
      288.0721130371094,
      150.61904907226562
    ],
    "length": [
      99.0987319946289,
      129.15164184570312
    ],
    "angle": 95.15658569335938
  },
  "global_mov": [
    259.7793539840572,
    136.1647718380502
  ]
}