{
  "1": {
    "class_id": 1,
    "centroid": [
      295.6110534667969,
      162.68238830566406
    ],
    "length": [
      137.86476135253906,
      197.26695251464844
    ],
    "angle": 91.89359283447266
  },
  "2": {
    "class_id": 2,
    "centroid": [
      298.8561096191406,
      162.5150909423828
    ],
    "length": [
      98.39347076416016,
      130.44549560546875
    ],
    "angle": 86.93428039550781
  },
  "global_mov": [
    265.7833398016947,
    150.50204779897888
  ]
}