{
  "1": {
    "class_id": 1,
    "centroid": [
      300.9150085449219,
      148.7535858154297
    ],
    "length": [
      146.461669921875,
      208.98239135742188
    ],
    "angle": 89.2428970336914
  },
  "2": {
    "class_id": 2,
    "centroid": [
      301.9669189453125,
      150.23260498046875
    ],
    "length": [
      99.80420684814453,
      132.0985870361328
    ],
    "angle": 92.39199829101562
  },
  "global_mov": [
    275.1761891794068,
    136.72341804303247
  ]
}