{
  "1": {
    "class_id": 1,
    "centroid": [
      269.5346984863281,
      162.04440307617188
    ],
    "length": [
      130.4429473876953,
      191.8328857421875
    ],
    "angle": 93.61779022216797
  },
  "2": {
    "class_id": 2,
    "centroid": [
      272.8696594238281,
      162.90771484375
    ],
    "length": [
      95.69049835205078,
      127.85362243652344
    ],
    "angle": 97.82689666748047
  },
  "global_mov": [
    289.08712030401284,
    144.24338056111043
  ]
}