{
  "1": {
    "class_id": 1,
    "centroid": [
      283.3019714355469,
      178.41851806640625
    ],
    "length": [
      141.34646606445312,
      210.15133666992188
    ],
    "angle": 93.36223602294922
  },
  "2": {
    "class_id": 2,
    "centroid": [
      286.5352478027344,
      178.82546997070312
    ],
    "length": [
      94.66901397705078,
      135.5831298828125
    ],
    "angle": 93.86255645751953
  },
  "global_mov": [
    254.13982817511055,
    135.34192573716982
  ]
}