{
  "1": {
    "class_id": 1,
    "centroid": [
      284.996826171875,
      145.39712524414062
    ],
    "length": [
      134.16200256347656,
      193.9907989501953
    ],
    "angle": 88.34645080566406
  },
  "2": {
    "class_id": 2,
    "centroid": [
      290.748291015625,
      143.69114685058594
    ],
    "length": [
      94.30384063720703,
      132.60955810546875
    ],
    "angle": 87.97318267822266
  },
  "global_mov": [
    270.79396408547217,
    135.73286371815774
  ]
}