{
  "1": {
    "class_id": 1,
    "centroid": [
      292.3919677734375,
      140.6500701904297
    ],
    "length": [
      130.57357788085938,
      197.0118408203125
    ],
    "angle": 90.76091003417969
  },
  "2": {
    "class_id": 2,
    "centroid": [
      294.1830749511719,
      141.18612670898438
    ],
    "length": [
      93.09589385986328,
      130.53944396972656
    ],
    "angle": 93.014404296875
  },
  "global_mov": [
    260.81401616916435,
    122.92396893807307
  ]
}