{
  "1": {
    "class_id": 1,
    "centroid": [
      301.51055908203125,
      137.99595642089844
    ],
    "length": [
      146.85809326171875,
      209.0534210205078
    ],
    "angle": 90.45923614501953
  },
  "2": {
    "class_id": 2,
    "centroid": [
      302.4322204589844,
      137.5829315185547
    ],
    "length": [
      100.104736328125,
      133.16860961914062
    ],
    "angle": 87.64402770996094
  },
  "global_mov": [
    280.0487556596539,
    131.5579516173017
  ]
}