{
  "1": {
    "class_id": 1,
    "centroid": [
      288.2016296386719,
      178.32843017578125
    ],
    "length": [
      144.9453887939453,
      211.47134399414062
    ],
    "angle": 92.8804702758789
  },
  "2": {
    "class_id": 2,
    "centroid": [
      291.9095153808594,
      178.98971557617188
    ],
    "length": [
      99.62245178222656,
      134.237060546875
    ],
    "angle": 94.1490478515625
  }
}