{
  "1": {
    "class_id": 1,
    "centroid": [
      283.726318359375,
      182.1681365966797
    ],
    "length": [
      142.5033416748047,
      211.503662109375
    ],
    "angle": 92.77330017089844
  },
  "2": {
    "class_id": 2,
    "centroid": [
      287.45068359375,
      182.7274932861328
    ],
    "length": [
      97.53411102294922,
      134.9221649169922
    ],
    "angle": 93.1920166015625
  }
}