{
  "1": {
    "class_id": 1,
    "centroid": [
      270.8428039550781,
      157.8366241455078
    ],
    "length": [
      145.0625,
      212.46505737304688
    ],
    "angle": 92.47866821289062
  },
  "2": {
    "class_id": 2,
    "centroid": [
      275.4121398925781,
      158.2370147705078
    ],
    "length": [
      99.07769012451172,
      132.70819091796875
    ],
    "angle": 94.10710906982422
  }
}