{
  "1": {
    "class_id": 1,
    "centroid": [
      275.630126953125,
      149.3851776123047
    ],
    "length": [
      148.46299743652344,
      214.14834594726562
    ],
    "angle": 92.3066635131836
  },
  "2": {
    "class_id": 2,
    "centroid": [
      279.8716735839844,
      150.20701599121094
    ],
    "length": [
      100.443359375,
      135.70021057128906
    ],
    "angle": 95.3608627319336
  }
}