{
  "1": {
    "class_id": 1,
    "centroid": [
      284.2351379394531,
      180.21852111816406
    ],
    "length": [
      143.230712890625,
      211.24899291992188
    ],
    "angle": 92.69337463378906
  },
  "2": {
    "class_id": 2,
    "centroid": [
      287.8531494140625,
      180.60494995117188
    ],
    "length": [
      96.0868148803711,
      134.7602996826172
    ],
    "angle": 93.10616302490234
  }
}