{
  "1": {
    "class_id": 1,
    "centroid": [
      280.67144775390625,
      152.58811950683594
    ],
    "length": [
      148.46435546875,
      213.75650024414062
    ],
    "angle": 92.64665222167969
  },
  "2": {
    "class_id": 2,
    "centroid": [
      284.6041564941406,
      152.9325714111328
    ],
    "length": [
      100.46798706054688,
      135.18820190429688
    ],
    "angle": 95.62113952636719
  }
}