{
  "1": {
    "class_id": 1,
    "centroid": [
      286.1347961425781,
      176.87527465820312
    ],
    "length": [
      144.0259246826172,
      212.09649658203125
    ],
    "angle": 93.40225219726562
  },
  "2": {
    "class_id": 2,
    "centroid": [
      289.931396484375,
      177.4233856201172
    ],
    "length": [
      97.5712890625,
      135.0614471435547
    ],
    "angle": 94.83206176757812
  }
}