{
  "1": {
    "class_id": 1,
    "centroid": [
      260.16009521484375,
      160.26866149902344
    ],
    "length": [
      144.041259765625,
      209.30276489257812
    ],
    "angle": 92.06546020507812
  },
  "2": {
    "class_id": 2,
    "centroid": [
      262.44488525390625,
      160.77976989746094
    ],
    "length": [
      97.59638977050781,
      131.3677978515625
    ],
    "angle": 94.0556869506836
  }
}