{
  "1": {
    "class_id": 1,
    "centroid": [
      283.7426452636719,
      180.87403869628906
    ],
    "length": [
      142.7135467529297,
      211.1734619140625
    ],
    "angle": 92.78646087646484
  },
  "2": {
    "class_id": 2,
    "centroid": [
      287.52423095703125,
      181.5218505859375
    ],
    "length": [
      97.63581848144531,
      134.7396697998047
    ],
    "angle": 93.39483642578125
  }
}