{
  "1": {
    "class_id": 1,
    "centroid": [
      273.6029052734375,
      153.8874969482422
    ],
    "length": [
      146.40272521972656,
      212.97357177734375
    ],
    "angle": 92.25786590576172
  },
  "2": {
    "class_id": 2,
    "centroid": [
      277.9545593261719,
      154.0357666015625
    ],
    "length": [
      98.76321411132812,
      134.62258911132812
    ],
    "angle": 94.07865142822266
  }
}