{
  "1": {
    "class_id": 1,
    "centroid": [
      289.54144287109375,
      168.4082489013672
    ],
    "length": [
      148.0279541015625,
      215.0824432373047
    ],
    "angle": 93.25099182128906
  },
  "2": {
    "class_id": 2,
    "centroid": [
      293.1567077636719,
      169.05685424804688
    ],
    "length": [
      101.69818115234375,
      134.61474609375
    ],
    "angle": 94.82867431640625
  }
}