{
  "1": {
    "class_id": 1,
    "centroid": [
      285.9994201660156,
      180.94471740722656
    ],
    "length": [
      143.1760711669922,
      211.39309692382812
    ],
    "angle": 92.58802032470703
  },
  "2": {
    "class_id": 2,
    "centroid": [
      289.93841552734375,
      180.8926544189453
    ],
    "length": [
      97.63452911376953,
      134.3571319580078
    ],
    "angle": 93.52685546875
  }
}