{
  "1": {
    "class_id": 1,
    "centroid": [
      273.45318603515625,
      163.39498901367188
    ],
    "length": [
      143.26141357421875,
      208.8448028564453
    ],
    "angle": 92.7472915649414
  },
  "2": {
    "class_id": 2,
    "centroid": [
      277.4054870605469,
      164.2482452392578
    ],
    "length": [
      97.37589263916016,
      132.56634521484375
    ],
    "angle": 95.13677978515625
  }
}