{
  "1": {
    "class_id": 1,
    "centroid": [
      276.5779724121094,
      149.74583435058594
    ],
    "length": [
      148.38848876953125,
      215.05345153808594
    ],
    "angle": 92.65663146972656
  },
  "2": {
    "class_id": 2,
    "centroid": [
      281.18408203125,
      150.88067626953125
    ],
    "length": [
      100.42948913574219,
      135.85165405273438
    ],
    "angle": 95.52119445800781
  }
}