{
  "1": {
    "class_id": 1,
    "centroid": [
      285.9204406738281,
      179.52232360839844
    ],
    "length": [
      144.35012817382812,
      211.92510986328125
    ],
    "angle": 92.92680358886719
  },
  "2": {
    "class_id": 2,
    "centroid": [
      290.1927490234375,
      180.12515258789062
    ],
    "length": [
      97.39156341552734,
      134.14996337890625
    ],
    "angle": 94.21136474609375
  }
}