{
  "1": {
    "class_id": 1,
    "centroid": [
      281.20562744140625,
      169.6841278076172
    ],
    "length": [
      143.41604614257812,
      209.79441833496094
    ],
    "angle": 93.07550811767578
  },
  "2": {
    "class_id": 2,
    "centroid": [
      284.404296875,
      170.3174285888672
    ],
    "length": [
      97.07511901855469,
      133.6661834716797
    ],
    "angle": 94.2966537475586
  }
}