{
  "1": {
    "class_id": 1,
    "centroid": [
      285.4463195800781,
      178.93470764160156
    ],
    "length": [
      143.72547912597656,
      211.13206481933594
    ],
    "angle": 92.5429916381836
  },
  "2": {
    "class_id": 2,
    "centroid": [
      289.4883117675781,
      179.33116149902344
    ],
    "length": [
      97.5809326171875,
      134.26544189453125
    ],
    "angle": 93.1290054321289
  }
}