{
  "1": {
    "class_id": 1,
    "centroid": [
      257.4959716796875,
      159.14059448242188
    ],
    "length": [
      143.21817016601562,
      208.1497802734375
    ],
    "angle": 91.9883804321289
  },
  "2": {
    "class_id": 2,
    "centroid": [
      260.5500793457031,
      159.87042236328125
    ],
    "length": [
      97.5805892944336,
      131.29330444335938
    ],
    "angle": 94.57503509521484
  }
}