{
  "1": {
    "class_id": 1,
    "centroid": [
      261.4935302734375,
      159.26364135742188
    ],
    "length": [
      142.60536193847656,
      208.96006774902344
    ],
    "angle": 91.94305419921875
  },
  "2": {
    "class_id": 2,
    "centroid": [
      264.6387023925781,
      160.14613342285156
    ],
    "length": [
      96.19479370117188,
      131.3526611328125
    ],
    "angle": 94.3457260131836
  }
}