{
  "1": {
    "class_id": 1,
    "centroid": [
      285.02825927734375,
      180.10601806640625
    ],
    "length": [
      143.74839782714844,
      211.18284606933594
    ],
    "angle": 92.79927825927734
  },
  "2": {
    "class_id": 2,
    "centroid": [
      288.7664794921875,
      180.1351776123047
    ],
    "length": [
      96.6548843383789,
      134.2590789794922
    ],
    "angle": 92.6117172241211
  }
}