{
  "1": {
    "class_id": 1,
    "centroid": [
      283.5052185058594,
      180.4481658935547
    ],
    "length": [
      142.76377868652344,
      210.9976806640625
    ],
    "angle": 92.79015350341797
  },
  "2": {
    "class_id": 2,
    "centroid": [
      287.1114196777344,
      180.73683166503906
    ],
    "length": [
      96.11258697509766,
      135.21630859375
    ],
    "angle": 93.20468139648438
  }
}