{
  "1": {
    "class_id": 1,
    "centroid": [
      290.1141052246094,
      179.06092834472656
    ],
    "length": [
      143.90890502929688,
      212.63787841796875
    ],
    "angle": 92.89035034179688
  },
  "2": {
    "class_id": 2,
    "centroid": [
      293.5622253417969,
      179.11572265625
    ],
    "length": [
      97.63004302978516,
      132.9130859375
    ],
    "angle": 93.98871612548828
  }
}