{
  "1": {
    "class_id": 1,
    "centroid": [
      284.50128173828125,
      178.53955078125
    ],
    "length": [
      144.32244873046875,
      211.825439453125
    ],
    "angle": 93.15989685058594
  },
  "2": {
    "class_id": 2,
    "centroid": [
      287.9847106933594,
      179.0890350341797
    ],
    "length": [
      98.1991958618164,
      133.9452362060547
    ],
    "angle": 93.94477081298828
  }
}